<?xml version="1.0" encoding="UTF-8"?>
<DocSetNodes version="1.0">
    <TOC>
        <Node type="folder">
            <Name>ObjectiveCMIS</Name>
            <Path>index.html</Path>
			<Subnodes>
                
				
				<Node type="folder">
					<Name>Classes</Name>
					<Path>index.html</Path>
					<Subnodes>
						<NodeRef refid="1"/>
						<NodeRef refid="2"/>
						<NodeRef refid="3"/>
						<NodeRef refid="4"/>
						<NodeRef refid="5"/>
						<NodeRef refid="6"/>
						<NodeRef refid="7"/>
						<NodeRef refid="8"/>
						<NodeRef refid="9"/>
						<NodeRef refid="10"/>
						<NodeRef refid="11"/>
						<NodeRef refid="12"/>
						<NodeRef refid="13"/>
						<NodeRef refid="14"/>
						<NodeRef refid="15"/>
						<NodeRef refid="16"/>
						<NodeRef refid="17"/>
						<NodeRef refid="18"/>
						<NodeRef refid="19"/>
						<NodeRef refid="20"/>
						<NodeRef refid="21"/>
						<NodeRef refid="22"/>
						<NodeRef refid="23"/>
						<NodeRef refid="24"/>
						<NodeRef refid="25"/>
						<NodeRef refid="26"/>
						<NodeRef refid="27"/>
						<NodeRef refid="28"/>
						<NodeRef refid="29"/>
						<NodeRef refid="30"/>
						<NodeRef refid="31"/>
						<NodeRef refid="32"/>
						<NodeRef refid="33"/>
						<NodeRef refid="34"/>
						<NodeRef refid="35"/>
						<NodeRef refid="36"/>
						<NodeRef refid="37"/>
						<NodeRef refid="38"/>
						<NodeRef refid="39"/>
						<NodeRef refid="40"/>
						<NodeRef refid="41"/>
						<NodeRef refid="42"/>
						<NodeRef refid="43"/>
						<NodeRef refid="44"/>
						<NodeRef refid="45"/>
						<NodeRef refid="46"/>
						<NodeRef refid="47"/>
						<NodeRef refid="48"/>
						<NodeRef refid="49"/>
						<NodeRef refid="50"/>
						<NodeRef refid="51"/>
						<NodeRef refid="52"/>
						<NodeRef refid="53"/>
						<NodeRef refid="54"/>
						<NodeRef refid="55"/>
						<NodeRef refid="56"/>
						<NodeRef refid="57"/>
						<NodeRef refid="58"/>
						<NodeRef refid="59"/>
						<NodeRef refid="60"/>
						<NodeRef refid="61"/>
						<NodeRef refid="62"/>
						<NodeRef refid="63"/>
						<NodeRef refid="64"/>
						<NodeRef refid="65"/>
						<NodeRef refid="66"/>
						<NodeRef refid="67"/>
						<NodeRef refid="68"/>
						<NodeRef refid="69"/>
						<NodeRef refid="70"/>
						
					</Subnodes>
				</Node>
				
				
				
				<Node type="folder">
					<Name>Protocols</Name>
					<Path>index.html</Path>
					<Subnodes>
						<NodeRef refid="71"/>
						<NodeRef refid="72"/>
						<NodeRef refid="73"/>
						<NodeRef refid="74"/>
						<NodeRef refid="75"/>
						<NodeRef refid="76"/>
						<NodeRef refid="77"/>
						<NodeRef refid="78"/>
						<NodeRef refid="79"/>
						<NodeRef refid="80"/>
						<NodeRef refid="81"/>
						<NodeRef refid="82"/>
						<NodeRef refid="83"/>
						<NodeRef refid="84"/>
						<NodeRef refid="85"/>
						<NodeRef refid="86"/>
						<NodeRef refid="87"/>
						<NodeRef refid="88"/>
						
					</Subnodes>
				</Node>
				
			</Subnodes>
        </Node>
    </TOC>
	<Library>
		
		<Node id="1">
			<Name>CMISAllowableActions</Name>
			<Path>Classes/CMISAllowableActions.html</Path>
		</Node>
		<Node id="2">
			<Name>CMISAllowableActionsParser</Name>
			<Path>Classes/CMISAllowableActionsParser.html</Path>
		</Node>
		<Node id="3">
			<Name>CMISAtomCollection</Name>
			<Path>Classes/CMISAtomCollection.html</Path>
		</Node>
		<Node id="4">
			<Name>CMISAtomEntryParser</Name>
			<Path>Classes/CMISAtomEntryParser.html</Path>
		</Node>
		<Node id="5">
			<Name>CMISAtomEntryWriter</Name>
			<Path>Classes/CMISAtomEntryWriter.html</Path>
		</Node>
		<Node id="6">
			<Name>CMISAtomFeedParser</Name>
			<Path>Classes/CMISAtomFeedParser.html</Path>
		</Node>
		<Node id="7">
			<Name>CMISAtomLink</Name>
			<Path>Classes/CMISAtomLink.html</Path>
		</Node>
		<Node id="8">
			<Name>CMISAtomParserUtil</Name>
			<Path>Classes/CMISAtomParserUtil.html</Path>
		</Node>
		<Node id="9">
			<Name>CMISAtomPubBaseService</Name>
			<Path>Classes/CMISAtomPubBaseService.html</Path>
		</Node>
		<Node id="10">
			<Name>CMISAtomPubBinding</Name>
			<Path>Classes/CMISAtomPubBinding.html</Path>
		</Node>
		<Node id="11">
			<Name>CMISAtomPubDiscoveryService</Name>
			<Path>Classes/CMISAtomPubDiscoveryService.html</Path>
		</Node>
		<Node id="12">
			<Name>CMISAtomPubExtensionDataParserBase</Name>
			<Path>Classes/CMISAtomPubExtensionDataParserBase.html</Path>
		</Node>
		<Node id="13">
			<Name>CMISAtomPubExtensionElementParser</Name>
			<Path>Classes/CMISAtomPubExtensionElementParser.html</Path>
		</Node>
		<Node id="14">
			<Name>CMISAtomPubNavigationService</Name>
			<Path>Classes/CMISAtomPubNavigationService.html</Path>
		</Node>
		<Node id="15">
			<Name>CMISAtomPubObjectService</Name>
			<Path>Classes/CMISAtomPubObjectService.html</Path>
		</Node>
		<Node id="16">
			<Name>CMISAtomPubRepositoryService</Name>
			<Path>Classes/CMISAtomPubRepositoryService.html</Path>
		</Node>
		<Node id="17">
			<Name>CMISAtomPubVersioningService</Name>
			<Path>Classes/CMISAtomPubVersioningService.html</Path>
		</Node>
		<Node id="18">
			<Name>CMISBase64Encoder</Name>
			<Path>Classes/CMISBase64Encoder.html</Path>
		</Node>
		<Node id="19">
			<Name>CMISBaseTest</Name>
			<Path>Classes/CMISBaseTest.html</Path>
		</Node>
		<Node id="20">
			<Name>CMISBindingFactory</Name>
			<Path>Classes/CMISBindingFactory.html</Path>
		</Node>
		<Node id="21">
			<Name>CMISBindingSession</Name>
			<Path>Classes/CMISBindingSession.html</Path>
		</Node>
		<Node id="22">
			<Name>CMISCollection</Name>
			<Path>Classes/CMISCollection.html</Path>
		</Node>
		<Node id="23">
			<Name>CMISDateUtil</Name>
			<Path>Classes/CMISDateUtil.html</Path>
		</Node>
		<Node id="24">
			<Name>CMISDefaultNetworkProvider</Name>
			<Path>Classes/CMISDefaultNetworkProvider.html</Path>
		</Node>
		<Node id="25">
			<Name>CMISDocument</Name>
			<Path>Classes/CMISDocument.html</Path>
		</Node>
		<Node id="26">
			<Name>CMISEnums</Name>
			<Path>Classes/CMISEnums.html</Path>
		</Node>
		<Node id="27">
			<Name>CMISErrors</Name>
			<Path>Classes/CMISErrors.html</Path>
		</Node>
		<Node id="28">
			<Name>CMISExtensionData</Name>
			<Path>Classes/CMISExtensionData.html</Path>
		</Node>
		<Node id="29">
			<Name>CMISExtensionElement</Name>
			<Path>Classes/CMISExtensionElement.html</Path>
		</Node>
		<Node id="30">
			<Name>CMISFetchNextPageBlockResult</Name>
			<Path>Classes/CMISFetchNextPageBlockResult.html</Path>
		</Node>
		<Node id="31">
			<Name>CMISFileUtil</Name>
			<Path>Classes/CMISFileUtil.html</Path>
		</Node>
		<Node id="32">
			<Name>CMISFileableObject</Name>
			<Path>Classes/CMISFileableObject.html</Path>
		</Node>
		<Node id="33">
			<Name>CMISFolder</Name>
			<Path>Classes/CMISFolder.html</Path>
		</Node>
		<Node id="34">
			<Name>CMISHttpDownloadRequest</Name>
			<Path>Classes/CMISHttpDownloadRequest.html</Path>
		</Node>
		<Node id="35">
			<Name>CMISHttpRequest</Name>
			<Path>Classes/CMISHttpRequest.html</Path>
		</Node>
		<Node id="36">
			<Name>CMISHttpResponse</Name>
			<Path>Classes/CMISHttpResponse.html</Path>
		</Node>
		<Node id="37">
			<Name>CMISHttpUploadRequest</Name>
			<Path>Classes/CMISHttpUploadRequest.html</Path>
		</Node>
		<Node id="38">
			<Name>CMISLinkCache</Name>
			<Path>Classes/CMISLinkCache.html</Path>
		</Node>
		<Node id="39">
			<Name>CMISLinkRelations</Name>
			<Path>Classes/CMISLinkRelations.html</Path>
		</Node>
		<Node id="40">
			<Name>CMISLog</Name>
			<Path>Classes/CMISLog.html</Path>
		</Node>
		<Node id="41">
			<Name>CMISObject</Name>
			<Path>Classes/CMISObject.html</Path>
		</Node>
		<Node id="42">
			<Name>CMISObjectByIdUriBuilder</Name>
			<Path>Classes/CMISObjectByIdUriBuilder.html</Path>
		</Node>
		<Node id="43">
			<Name>CMISObjectByPathUriBuilder</Name>
			<Path>Classes/CMISObjectByPathUriBuilder.html</Path>
		</Node>
		<Node id="44">
			<Name>CMISObjectConverter</Name>
			<Path>Classes/CMISObjectConverter.html</Path>
		</Node>
		<Node id="45">
			<Name>CMISObjectData</Name>
			<Path>Classes/CMISObjectData.html</Path>
		</Node>
		<Node id="46">
			<Name>CMISObjectId</Name>
			<Path>Classes/CMISObjectId.html</Path>
		</Node>
		<Node id="47">
			<Name>CMISObjectList</Name>
			<Path>Classes/CMISObjectList.html</Path>
		</Node>
		<Node id="48">
			<Name>CMISOperationContext</Name>
			<Path>Classes/CMISOperationContext.html</Path>
		</Node>
		<Node id="49">
			<Name>CMISPagedResult</Name>
			<Path>Classes/CMISPagedResult.html</Path>
		</Node>
		<Node id="50">
			<Name>CMISProperties</Name>
			<Path>Classes/CMISProperties.html</Path>
		</Node>
		<Node id="51">
			<Name>CMISPropertyData</Name>
			<Path>Classes/CMISPropertyData.html</Path>
		</Node>
		<Node id="52">
			<Name>CMISPropertyDefinition</Name>
			<Path>Classes/CMISPropertyDefinition.html</Path>
		</Node>
		<Node id="53">
			<Name>CMISPropertyDefinitionParser</Name>
			<Path>Classes/CMISPropertyDefinitionParser.html</Path>
		</Node>
		<Node id="54">
			<Name>CMISQueryAtomEntryWriter</Name>
			<Path>Classes/CMISQueryAtomEntryWriter.html</Path>
		</Node>
		<Node id="55">
			<Name>CMISQueryResult</Name>
			<Path>Classes/CMISQueryResult.html</Path>
		</Node>
		<Node id="56">
			<Name>CMISRendition</Name>
			<Path>Classes/CMISRendition.html</Path>
		</Node>
		<Node id="57">
			<Name>CMISRenditionData</Name>
			<Path>Classes/CMISRenditionData.html</Path>
		</Node>
		<Node id="58">
			<Name>CMISRepositoryInfo</Name>
			<Path>Classes/CMISRepositoryInfo.html</Path>
		</Node>
		<Node id="59">
			<Name>CMISRepositoryInfoParser</Name>
			<Path>Classes/CMISRepositoryInfoParser.html</Path>
		</Node>
		<Node id="60">
			<Name>CMISRequest</Name>
			<Path>Classes/CMISRequest.html</Path>
		</Node>
		<Node id="61">
			<Name>CMISServiceDocumentParser</Name>
			<Path>Classes/CMISServiceDocumentParser.html</Path>
		</Node>
		<Node id="62">
			<Name>CMISSession</Name>
			<Path>Classes/CMISSession.html</Path>
		</Node>
		<Node id="63">
			<Name>CMISSessionParameters</Name>
			<Path>Classes/CMISSessionParameters.html</Path>
		</Node>
		<Node id="64">
			<Name>CMISStandardAuthenticationProvider</Name>
			<Path>Classes/CMISStandardAuthenticationProvider.html</Path>
		</Node>
		<Node id="65">
			<Name>CMISStringInOutParameter</Name>
			<Path>Classes/CMISStringInOutParameter.html</Path>
		</Node>
		<Node id="66">
			<Name>CMISTypeByIdUriBuilder</Name>
			<Path>Classes/CMISTypeByIdUriBuilder.html</Path>
		</Node>
		<Node id="67">
			<Name>CMISTypeDefinition</Name>
			<Path>Classes/CMISTypeDefinition.html</Path>
		</Node>
		<Node id="68">
			<Name>CMISTypeDefinitionAtomEntryParser</Name>
			<Path>Classes/CMISTypeDefinitionAtomEntryParser.html</Path>
		</Node>
		<Node id="69">
			<Name>CMISURLUtil</Name>
			<Path>Classes/CMISURLUtil.html</Path>
		</Node>
		<Node id="70">
			<Name>CMISWorkspace</Name>
			<Path>Classes/CMISWorkspace.html</Path>
		</Node>
		
		
		<Node id="71">
			<Name>CMISAclService</Name>
			<Path>Protocols/CMISAclService.html</Path>
		</Node>
		<Node id="72">
			<Name>CMISAllowableActionsParserDelegate</Name>
			<Path>Protocols/CMISAllowableActionsParserDelegate.html</Path>
		</Node>
		<Node id="73">
			<Name>CMISAtomEntryParserDelegate</Name>
			<Path>Protocols/CMISAtomEntryParserDelegate.html</Path>
		</Node>
		<Node id="74">
			<Name>CMISAtomPubExtensionElementParserDelegate</Name>
			<Path>Protocols/CMISAtomPubExtensionElementParserDelegate.html</Path>
		</Node>
		<Node id="75">
			<Name>CMISAuthenticationProvider</Name>
			<Path>Protocols/CMISAuthenticationProvider.html</Path>
		</Node>
		<Node id="76">
			<Name>CMISBinding</Name>
			<Path>Protocols/CMISBinding.html</Path>
		</Node>
		<Node id="77">
			<Name>CMISCancellableRequest</Name>
			<Path>Protocols/CMISCancellableRequest.html</Path>
		</Node>
		<Node id="78">
			<Name>CMISDiscoveryService</Name>
			<Path>Protocols/CMISDiscoveryService.html</Path>
		</Node>
		<Node id="79">
			<Name>CMISMultiFilingService</Name>
			<Path>Protocols/CMISMultiFilingService.html</Path>
		</Node>
		<Node id="80">
			<Name>CMISNavigationService</Name>
			<Path>Protocols/CMISNavigationService.html</Path>
		</Node>
		<Node id="81">
			<Name>CMISNetworkProvider</Name>
			<Path>Protocols/CMISNetworkProvider.html</Path>
		</Node>
		<Node id="82">
			<Name>CMISObjectService</Name>
			<Path>Protocols/CMISObjectService.html</Path>
		</Node>
		<Node id="83">
			<Name>CMISPolicyService</Name>
			<Path>Protocols/CMISPolicyService.html</Path>
		</Node>
		<Node id="84">
			<Name>CMISPropertyDefinitionDelegate</Name>
			<Path>Protocols/CMISPropertyDefinitionDelegate.html</Path>
		</Node>
		<Node id="85">
			<Name>CMISRelationshipService</Name>
			<Path>Protocols/CMISRelationshipService.html</Path>
		</Node>
		<Node id="86">
			<Name>CMISRepositoryInfoParserDelegate</Name>
			<Path>Protocols/CMISRepositoryInfoParserDelegate.html</Path>
		</Node>
		<Node id="87">
			<Name>CMISRepositoryService</Name>
			<Path>Protocols/CMISRepositoryService.html</Path>
		</Node>
		<Node id="88">
			<Name>CMISVersioningService</Name>
			<Path>Protocols/CMISVersioningService.html</Path>
		</Node>
		
	</Library>
</DocSetNodes>