<?xml version="1.0" encoding="UTF-8"?>
<Tokens version="1.0">
	<File path="Classes/CMISRenditionData.html">
		
		<Token>
			<TokenIdentifier>//apple_ref/occ/cl/CMISRenditionData</TokenIdentifier>
			<Abstract type="html"></Abstract>
			<DeclaredIn>CMISRenditionData.h</DeclaredIn>
			
			<NodeRef refid="57"/>
		</Token>
		
		
		<Token>
			<TokenIdentifier>//apple_ref/occ/instm/CMISRenditionData/setStreamId:</TokenIdentifier>
			<Abstract type="html">  Identifies the rendition stream. </Abstract>
			<DeclaredIn>CMISRenditionData.h</DeclaredIn>			
			
			<Declaration>@property (nonatomic, strong) NSString *streamId</Declaration>
			
			
			<Anchor>//api/name/streamId</Anchor>
		</Token>
		
		<Token>
			<TokenIdentifier>//apple_ref/occ/instp/CMISRenditionData/streamId</TokenIdentifier>
			<Abstract type="html">  Identifies the rendition stream. </Abstract>
			<DeclaredIn>CMISRenditionData.h</DeclaredIn>			
			
			<Declaration>@property (nonatomic, strong) NSString *streamId</Declaration>
			
			
			<Anchor>//api/name/streamId</Anchor>
		</Token>
		
		<Token>
			<TokenIdentifier>//apple_ref/occ/instm/CMISRenditionData/setMimeType:</TokenIdentifier>
			<Abstract type="html">The MIME type of the rendition stream.</Abstract>
			<DeclaredIn>CMISRenditionData.h</DeclaredIn>			
			
			<Declaration>@property (nonatomic, strong) NSString *mimeType</Declaration>
			
			
			<Anchor>//api/name/mimeType</Anchor>
		</Token>
		
		<Token>
			<TokenIdentifier>//apple_ref/occ/instp/CMISRenditionData/mimeType</TokenIdentifier>
			<Abstract type="html">The MIME type of the rendition stream.</Abstract>
			<DeclaredIn>CMISRenditionData.h</DeclaredIn>			
			
			<Declaration>@property (nonatomic, strong) NSString *mimeType</Declaration>
			
			
			<Anchor>//api/name/mimeType</Anchor>
		</Token>
		
		<Token>
			<TokenIdentifier>//apple_ref/occ/instm/CMISRenditionData/setTitle:</TokenIdentifier>
			<Abstract type="html">Human readable information about the rendition (optional).</Abstract>
			<DeclaredIn>CMISRenditionData.h</DeclaredIn>			
			
			<Declaration>@property (nonatomic, strong) NSString *title</Declaration>
			
			
			<Anchor>//api/name/title</Anchor>
		</Token>
		
		<Token>
			<TokenIdentifier>//apple_ref/occ/instp/CMISRenditionData/title</TokenIdentifier>
			<Abstract type="html">Human readable information about the rendition (optional).</Abstract>
			<DeclaredIn>CMISRenditionData.h</DeclaredIn>			
			
			<Declaration>@property (nonatomic, strong) NSString *title</Declaration>
			
			
			<Anchor>//api/name/title</Anchor>
		</Token>
		
		<Token>
			<TokenIdentifier>//apple_ref/occ/instm/CMISRenditionData/setKind:</TokenIdentifier>
			<Abstract type="html">A categorization String associated with the rendition (optional).</Abstract>
			<DeclaredIn>CMISRenditionData.h</DeclaredIn>			
			
			<Declaration>@property (nonatomic, strong) NSString *kind</Declaration>
			
			
			<Anchor>//api/name/kind</Anchor>
		</Token>
		
		<Token>
			<TokenIdentifier>//apple_ref/occ/instp/CMISRenditionData/kind</TokenIdentifier>
			<Abstract type="html">A categorization String associated with the rendition (optional).</Abstract>
			<DeclaredIn>CMISRenditionData.h</DeclaredIn>			
			
			<Declaration>@property (nonatomic, strong) NSString *kind</Declaration>
			
			
			<Anchor>//api/name/kind</Anchor>
		</Token>
		
		<Token>
			<TokenIdentifier>//apple_ref/occ/instm/CMISRenditionData/setLength:</TokenIdentifier>
			<Abstract type="html">The length of the rendition stream in bytes (optional).</Abstract>
			<DeclaredIn>CMISRenditionData.h</DeclaredIn>			
			
			<Declaration>@property (nonatomic, strong) NSNumber *length</Declaration>
			
			
			<Anchor>//api/name/length</Anchor>
		</Token>
		
		<Token>
			<TokenIdentifier>//apple_ref/occ/instp/CMISRenditionData/length</TokenIdentifier>
			<Abstract type="html">The length of the rendition stream in bytes (optional).</Abstract>
			<DeclaredIn>CMISRenditionData.h</DeclaredIn>			
			
			<Declaration>@property (nonatomic, strong) NSNumber *length</Declaration>
			
			
			<Anchor>//api/name/length</Anchor>
		</Token>
		
		<Token>
			<TokenIdentifier>//apple_ref/occ/instm/CMISRenditionData/setHeight:</TokenIdentifier>
			<Abstract type="html">Typically used for &apos;image&apos; renditions (expressed as pixels). SHOULD be present if kind = cmis:thumbnail (optional).</Abstract>
			<DeclaredIn>CMISRenditionData.h</DeclaredIn>			
			
			<Declaration>@property (nonatomic, strong) NSNumber *height</Declaration>
			
			
			<Anchor>//api/name/height</Anchor>
		</Token>
		
		<Token>
			<TokenIdentifier>//apple_ref/occ/instp/CMISRenditionData/height</TokenIdentifier>
			<Abstract type="html">Typically used for &apos;image&apos; renditions (expressed as pixels). SHOULD be present if kind = cmis:thumbnail (optional).</Abstract>
			<DeclaredIn>CMISRenditionData.h</DeclaredIn>			
			
			<Declaration>@property (nonatomic, strong) NSNumber *height</Declaration>
			
			
			<Anchor>//api/name/height</Anchor>
		</Token>
		
		<Token>
			<TokenIdentifier>//apple_ref/occ/instm/CMISRenditionData/setWidth:</TokenIdentifier>
			<Abstract type="html">Typically used for &apos;image&apos; renditions (expressed as pixels). SHOULD be present if kind = cmis:thumbnail.</Abstract>
			<DeclaredIn>CMISRenditionData.h</DeclaredIn>			
			
			<Declaration>@property (nonatomic, strong) NSNumber *width</Declaration>
			
			
			<Anchor>//api/name/width</Anchor>
		</Token>
		
		<Token>
			<TokenIdentifier>//apple_ref/occ/instp/CMISRenditionData/width</TokenIdentifier>
			<Abstract type="html">Typically used for &apos;image&apos; renditions (expressed as pixels). SHOULD be present if kind = cmis:thumbnail.</Abstract>
			<DeclaredIn>CMISRenditionData.h</DeclaredIn>			
			
			<Declaration>@property (nonatomic, strong) NSNumber *width</Declaration>
			
			
			<Anchor>//api/name/width</Anchor>
		</Token>
		
		<Token>
			<TokenIdentifier>//apple_ref/occ/instm/CMISRenditionData/setRenditionDocumentId:</TokenIdentifier>
			<Abstract type="html">If specified, then the rendition can also be accessed as a document object in the CMIS services.
If not set, then the rendition can only be accessed via the rendition services. Referential integrity of this ID is repository-specific.</Abstract>
			<DeclaredIn>CMISRenditionData.h</DeclaredIn>			
			
			<Declaration>@property (nonatomic, strong) NSString *renditionDocumentId</Declaration>
			
			
			<Anchor>//api/name/renditionDocumentId</Anchor>
		</Token>
		
		<Token>
			<TokenIdentifier>//apple_ref/occ/instp/CMISRenditionData/renditionDocumentId</TokenIdentifier>
			<Abstract type="html">If specified, then the rendition can also be accessed as a document object in the CMIS services.
If not set, then the rendition can only be accessed via the rendition services. Referential integrity of this ID is repository-specific.</Abstract>
			<DeclaredIn>CMISRenditionData.h</DeclaredIn>			
			
			<Declaration>@property (nonatomic, strong) NSString *renditionDocumentId</Declaration>
			
			
			<Anchor>//api/name/renditionDocumentId</Anchor>
		</Token>
		
		<Token>
			<TokenIdentifier>//apple_ref/occ/instm/CMISRenditionData/initWithRenditionData:</TokenIdentifier>
			<Abstract type="html"></Abstract>
			<DeclaredIn>CMISRenditionData.h</DeclaredIn>			
			
			<Declaration>- (id)initWithRenditionData:(CMISRenditionData *)renditionData</Declaration>
			
			
			<Anchor>//api/name/initWithRenditionData:</Anchor>
		</Token>
		
	</File>
</Tokens>