<?xml version="1.0" encoding="UTF-8"?>
<Tokens version="1.0">
	<File path="Classes/CMISHttpUploadRequest.html">
		
		<Token>
			<TokenIdentifier>//apple_ref/occ/cl/CMISHttpUploadRequest</TokenIdentifier>
			<Abstract type="html"></Abstract>
			<DeclaredIn>CMISHttpUploadRequest.h</DeclaredIn>
			
			<NodeRef refid="37"/>
		</Token>
		
		
		<Token>
			<TokenIdentifier>//apple_ref/occ/instm/CMISHttpUploadRequest/setInputStream:</TokenIdentifier>
			<Abstract type="html"></Abstract>
			<DeclaredIn>CMISHttpUploadRequest.h</DeclaredIn>			
			
			<Declaration>@property (nonatomic, strong) NSInputStream *inputStream</Declaration>
			
			
			<Anchor>//api/name/inputStream</Anchor>
		</Token>
		
		<Token>
			<TokenIdentifier>//apple_ref/occ/instp/CMISHttpUploadRequest/inputStream</TokenIdentifier>
			<Abstract type="html"></Abstract>
			<DeclaredIn>CMISHttpUploadRequest.h</DeclaredIn>			
			
			<Declaration>@property (nonatomic, strong) NSInputStream *inputStream</Declaration>
			
			
			<Anchor>//api/name/inputStream</Anchor>
		</Token>
		
		<Token>
			<TokenIdentifier>//apple_ref/occ/instm/CMISHttpUploadRequest/setBytesExpected:</TokenIdentifier>
			<Abstract type="html"></Abstract>
			<DeclaredIn>CMISHttpUploadRequest.h</DeclaredIn>			
			
			<Declaration>@property (nonatomic, assign) unsigned long long bytesExpected</Declaration>
			
			
			<Anchor>//api/name/bytesExpected</Anchor>
		</Token>
		
		<Token>
			<TokenIdentifier>//apple_ref/occ/instp/CMISHttpUploadRequest/bytesExpected</TokenIdentifier>
			<Abstract type="html"></Abstract>
			<DeclaredIn>CMISHttpUploadRequest.h</DeclaredIn>			
			
			<Declaration>@property (nonatomic, assign) unsigned long long bytesExpected</Declaration>
			
			
			<Anchor>//api/name/bytesExpected</Anchor>
		</Token>
		
		<Token>
			<TokenIdentifier>//apple_ref/occ/instm/CMISHttpUploadRequest/setBytesUploaded:</TokenIdentifier>
			<Abstract type="html"></Abstract>
			<DeclaredIn>CMISHttpUploadRequest.h</DeclaredIn>			
			
			<Declaration>@property (nonatomic, readonly) unsigned long long bytesUploaded</Declaration>
			
			
			<Anchor>//api/name/bytesUploaded</Anchor>
		</Token>
		
		<Token>
			<TokenIdentifier>//apple_ref/occ/instp/CMISHttpUploadRequest/bytesUploaded</TokenIdentifier>
			<Abstract type="html"></Abstract>
			<DeclaredIn>CMISHttpUploadRequest.h</DeclaredIn>			
			
			<Declaration>@property (nonatomic, readonly) unsigned long long bytesUploaded</Declaration>
			
			
			<Anchor>//api/name/bytesUploaded</Anchor>
		</Token>
		
		<Token>
			<TokenIdentifier>//apple_ref/occ/clm/CMISHttpUploadRequest/startRequest:httpMethod:inputStream:headers:bytesExpected:authenticationProvider:completionBlock:progressBlock:</TokenIdentifier>
			<Abstract type="html">starts a URL request with a provided input stream. The input stream provided will be used directly to send the data upstrean.
For this the class sets the HTTPBodyStream property (method) to this input stream. No base64 encoding will be done using this method.
completionBlock returns CMISHttpResponse instance or nil if unsuccessful</Abstract>
			<DeclaredIn>CMISHttpUploadRequest.h</DeclaredIn>			
			
			<Declaration>+ (id)startRequest:(NSMutableURLRequest *)urlRequest httpMethod:(CMISHttpRequestMethod)httpRequestMethod inputStream:(NSInputStream *)inputStream headers:(NSDictionary *)addionalHeaders bytesExpected:(unsigned long long)bytesExpected authenticationProvider:(id&lt;CMISAuthenticationProvider&gt;)authenticationProvider completionBlock:(void ( ^ ) ( CMISHttpResponse *httpResponse , NSError *error ))completionBlock progressBlock:(void ( ^ ) ( unsigned long long bytesUploaded , unsigned long long bytesTotal ))progressBlock</Declaration>
			
			
			<Anchor>//api/name/startRequest:httpMethod:inputStream:headers:bytesExpected:authenticationProvider:completionBlock:progressBlock:</Anchor>
		</Token>
		
		<Token>
			<TokenIdentifier>//apple_ref/occ/clm/CMISHttpUploadRequest/startRequest:httpMethod:inputStream:headers:bytesExpected:authenticationProvider:cmisProperties:mimeType:completionBlock:progressBlock:</TokenIdentifier>
			<Abstract type="html">starts a URL request with a provided input stream. The input stream has to point to the raw NON-encoded data set. This method will use the
provided CMIS properties and mimeType to create the appropriate XML data. The base 64 encoding will be done while the data are being read in
from the source input stream.
In order to achieve this, the pairing an OutputStream (where we will write the XML and base64 data to) with a resulting fully base64 encoded
input stream. This base64 encoded inputstream will be passed on to the NSMutableURLRequest via its HTTPBodyStream property/method.</Abstract>
			<DeclaredIn>CMISHttpUploadRequest.h</DeclaredIn>			
			
			<Declaration>+ (id)startRequest:(NSMutableURLRequest *)urlRequest httpMethod:(CMISHttpRequestMethod)httpRequestMethod inputStream:(NSInputStream *)sourceInputStream headers:(NSDictionary *)addionalHeaders bytesExpected:(unsigned long long)bytesExpected authenticationProvider:(id&lt;CMISAuthenticationProvider&gt;)authenticationProvider cmisProperties:(CMISProperties *)cmisProperties mimeType:(NSString *)mimeType completionBlock:(void ( ^ ) ( CMISHttpResponse *httpResponse , NSError *error ))completionBlock progressBlock:(void ( ^ ) ( unsigned long long bytesUploaded , unsigned long long bytesTotal ))progressBlock</Declaration>
			
			
			<Anchor>//api/name/startRequest:httpMethod:inputStream:headers:bytesExpected:authenticationProvider:cmisProperties:mimeType:completionBlock:progressBlock:</Anchor>
		</Token>
		
	</File>
</Tokens>