<?xml version="1.0" encoding="UTF-8"?>
<Tokens version="1.0">
	<File path="Classes/CMISObjectByIdUriBuilder.html">
		
		<Token>
			<TokenIdentifier>//apple_ref/occ/cl/CMISObjectByIdUriBuilder</TokenIdentifier>
			<Abstract type="html"></Abstract>
			<DeclaredIn>CMISObjectByIdUriBuilder.h</DeclaredIn>
			
			<NodeRef refid="42"/>
		</Token>
		
		
		<Token>
			<TokenIdentifier>//apple_ref/occ/instm/CMISObjectByIdUriBuilder/setObjectId:</TokenIdentifier>
			<Abstract type="html"></Abstract>
			<DeclaredIn>CMISObjectByIdUriBuilder.h</DeclaredIn>			
			
			<Declaration>@property (nonatomic, strong) NSString *objectId</Declaration>
			
			
			<Anchor>//api/name/objectId</Anchor>
		</Token>
		
		<Token>
			<TokenIdentifier>//apple_ref/occ/instp/CMISObjectByIdUriBuilder/objectId</TokenIdentifier>
			<Abstract type="html"></Abstract>
			<DeclaredIn>CMISObjectByIdUriBuilder.h</DeclaredIn>			
			
			<Declaration>@property (nonatomic, strong) NSString *objectId</Declaration>
			
			
			<Anchor>//api/name/objectId</Anchor>
		</Token>
		
		<Token>
			<TokenIdentifier>//apple_ref/occ/instm/CMISObjectByIdUriBuilder/setFilter:</TokenIdentifier>
			<Abstract type="html"></Abstract>
			<DeclaredIn>CMISObjectByIdUriBuilder.h</DeclaredIn>			
			
			<Declaration>@property (nonatomic, strong) NSString *filter</Declaration>
			
			
			<Anchor>//api/name/filter</Anchor>
		</Token>
		
		<Token>
			<TokenIdentifier>//apple_ref/occ/instp/CMISObjectByIdUriBuilder/filter</TokenIdentifier>
			<Abstract type="html"></Abstract>
			<DeclaredIn>CMISObjectByIdUriBuilder.h</DeclaredIn>			
			
			<Declaration>@property (nonatomic, strong) NSString *filter</Declaration>
			
			
			<Anchor>//api/name/filter</Anchor>
		</Token>
		
		<Token>
			<TokenIdentifier>//apple_ref/occ/instm/CMISObjectByIdUriBuilder/setIncludeAllowableActions:</TokenIdentifier>
			<Abstract type="html"></Abstract>
			<DeclaredIn>CMISObjectByIdUriBuilder.h</DeclaredIn>			
			
			<Declaration>@property BOOL includeAllowableActions</Declaration>
			
			
			<Anchor>//api/name/includeAllowableActions</Anchor>
		</Token>
		
		<Token>
			<TokenIdentifier>//apple_ref/occ/instp/CMISObjectByIdUriBuilder/includeAllowableActions</TokenIdentifier>
			<Abstract type="html"></Abstract>
			<DeclaredIn>CMISObjectByIdUriBuilder.h</DeclaredIn>			
			
			<Declaration>@property BOOL includeAllowableActions</Declaration>
			
			
			<Anchor>//api/name/includeAllowableActions</Anchor>
		</Token>
		
		<Token>
			<TokenIdentifier>//apple_ref/occ/instm/CMISObjectByIdUriBuilder/setIncludePolicyIds:</TokenIdentifier>
			<Abstract type="html"></Abstract>
			<DeclaredIn>CMISObjectByIdUriBuilder.h</DeclaredIn>			
			
			<Declaration>@property BOOL includePolicyIds</Declaration>
			
			
			<Anchor>//api/name/includePolicyIds</Anchor>
		</Token>
		
		<Token>
			<TokenIdentifier>//apple_ref/occ/instp/CMISObjectByIdUriBuilder/includePolicyIds</TokenIdentifier>
			<Abstract type="html"></Abstract>
			<DeclaredIn>CMISObjectByIdUriBuilder.h</DeclaredIn>			
			
			<Declaration>@property BOOL includePolicyIds</Declaration>
			
			
			<Anchor>//api/name/includePolicyIds</Anchor>
		</Token>
		
		<Token>
			<TokenIdentifier>//apple_ref/occ/instm/CMISObjectByIdUriBuilder/setRelationships:</TokenIdentifier>
			<Abstract type="html"></Abstract>
			<DeclaredIn>CMISObjectByIdUriBuilder.h</DeclaredIn>			
			
			<Declaration>@property CMISIncludeRelationship relationships</Declaration>
			
			
			<Anchor>//api/name/relationships</Anchor>
		</Token>
		
		<Token>
			<TokenIdentifier>//apple_ref/occ/instp/CMISObjectByIdUriBuilder/relationships</TokenIdentifier>
			<Abstract type="html"></Abstract>
			<DeclaredIn>CMISObjectByIdUriBuilder.h</DeclaredIn>			
			
			<Declaration>@property CMISIncludeRelationship relationships</Declaration>
			
			
			<Anchor>//api/name/relationships</Anchor>
		</Token>
		
		<Token>
			<TokenIdentifier>//apple_ref/occ/instm/CMISObjectByIdUriBuilder/setIncludeACL:</TokenIdentifier>
			<Abstract type="html"></Abstract>
			<DeclaredIn>CMISObjectByIdUriBuilder.h</DeclaredIn>			
			
			<Declaration>@property BOOL includeACL</Declaration>
			
			
			<Anchor>//api/name/includeACL</Anchor>
		</Token>
		
		<Token>
			<TokenIdentifier>//apple_ref/occ/instp/CMISObjectByIdUriBuilder/includeACL</TokenIdentifier>
			<Abstract type="html"></Abstract>
			<DeclaredIn>CMISObjectByIdUriBuilder.h</DeclaredIn>			
			
			<Declaration>@property BOOL includeACL</Declaration>
			
			
			<Anchor>//api/name/includeACL</Anchor>
		</Token>
		
		<Token>
			<TokenIdentifier>//apple_ref/occ/instm/CMISObjectByIdUriBuilder/setRenditionFilter:</TokenIdentifier>
			<Abstract type="html"></Abstract>
			<DeclaredIn>CMISObjectByIdUriBuilder.h</DeclaredIn>			
			
			<Declaration>@property (nonatomic, strong) NSString *renditionFilter</Declaration>
			
			
			<Anchor>//api/name/renditionFilter</Anchor>
		</Token>
		
		<Token>
			<TokenIdentifier>//apple_ref/occ/instp/CMISObjectByIdUriBuilder/renditionFilter</TokenIdentifier>
			<Abstract type="html"></Abstract>
			<DeclaredIn>CMISObjectByIdUriBuilder.h</DeclaredIn>			
			
			<Declaration>@property (nonatomic, strong) NSString *renditionFilter</Declaration>
			
			
			<Anchor>//api/name/renditionFilter</Anchor>
		</Token>
		
		<Token>
			<TokenIdentifier>//apple_ref/occ/instm/CMISObjectByIdUriBuilder/setReturnVersion:</TokenIdentifier>
			<Abstract type="html"></Abstract>
			<DeclaredIn>CMISObjectByIdUriBuilder.h</DeclaredIn>			
			
			<Declaration>@property CMISReturnVersion returnVersion</Declaration>
			
			
			<Anchor>//api/name/returnVersion</Anchor>
		</Token>
		
		<Token>
			<TokenIdentifier>//apple_ref/occ/instp/CMISObjectByIdUriBuilder/returnVersion</TokenIdentifier>
			<Abstract type="html"></Abstract>
			<DeclaredIn>CMISObjectByIdUriBuilder.h</DeclaredIn>			
			
			<Declaration>@property CMISReturnVersion returnVersion</Declaration>
			
			
			<Anchor>//api/name/returnVersion</Anchor>
		</Token>
		
		<Token>
			<TokenIdentifier>//apple_ref/occ/instm/CMISObjectByIdUriBuilder/initWithTemplateUrl:</TokenIdentifier>
			<Abstract type="html">initialise with the template URL string</Abstract>
			<DeclaredIn>CMISObjectByIdUriBuilder.h</DeclaredIn>			
			
			<Declaration>- (id)initWithTemplateUrl:(NSString *)templateUrl</Declaration>
			
			
			<Anchor>//api/name/initWithTemplateUrl:</Anchor>
		</Token>
		
		<Token>
			<TokenIdentifier>//apple_ref/occ/instm/CMISObjectByIdUriBuilder/buildUrl</TokenIdentifier>
			<Abstract type="html">returns the URL</Abstract>
			<DeclaredIn>CMISObjectByIdUriBuilder.h</DeclaredIn>			
			
			<Declaration>- (NSURL *)buildUrl</Declaration>
			
			
			<Anchor>//api/name/buildUrl</Anchor>
		</Token>
		
	</File>
</Tokens>