<?xml version="1.0" encoding="UTF-8"?>
<Tokens version="1.0">
	<File path="Classes/CMISStandardAuthenticationProvider.html">
		
		<Token>
			<TokenIdentifier>//apple_ref/occ/cl/CMISStandardAuthenticationProvider</TokenIdentifier>
			<Abstract type="html"></Abstract>
			<DeclaredIn>CMISStandardAuthenticationProvider.h</DeclaredIn>
			
			<NodeRef refid="64"/>
		</Token>
		
		
		<Token>
			<TokenIdentifier>//apple_ref/occ/instm/CMISStandardAuthenticationProvider/setCredential:</TokenIdentifier>
			<Abstract type="html"></Abstract>
			<DeclaredIn>CMISStandardAuthenticationProvider.h</DeclaredIn>			
			
			<Declaration>@property (nonatomic, strong) NSURLCredential *credential</Declaration>
			
			
			<Anchor>//api/name/credential</Anchor>
		</Token>
		
		<Token>
			<TokenIdentifier>//apple_ref/occ/instp/CMISStandardAuthenticationProvider/credential</TokenIdentifier>
			<Abstract type="html"></Abstract>
			<DeclaredIn>CMISStandardAuthenticationProvider.h</DeclaredIn>			
			
			<Declaration>@property (nonatomic, strong) NSURLCredential *credential</Declaration>
			
			
			<Anchor>//api/name/credential</Anchor>
		</Token>
		
		<Token>
			<TokenIdentifier>//apple_ref/occ/instm/CMISStandardAuthenticationProvider/initWithUsername:password:</TokenIdentifier>
			<Abstract type="html">Initialize with username and password that will be added as authorization header
@param username
@param password</Abstract>
			<DeclaredIn>CMISStandardAuthenticationProvider.h</DeclaredIn>			
			
			<Declaration>- (id)initWithUsername:(NSString *)username password:(NSString *)password</Declaration>
			
			
			<Anchor>//api/name/initWithUsername:password:</Anchor>
		</Token>
		
		<Token>
			<TokenIdentifier>//apple_ref/occ/instm/CMISStandardAuthenticationProvider/initWithCredential:</TokenIdentifier>
			<Abstract type="html">Initialize with a credential object that will be provided when a corresponding challenge is received from the server.
Both client certificate and username / password credentials are supported
@param credential</Abstract>
			<DeclaredIn>CMISStandardAuthenticationProvider.h</DeclaredIn>			
			
			<Declaration>- (id)initWithCredential:(NSURLCredential *)credential</Declaration>
			
			
			<Anchor>//api/name/initWithCredential:</Anchor>
		</Token>
		
	</File>
</Tokens>