<?xml version="1.0" encoding="UTF-8"?>
<Tokens version="1.0">
	<File path="Protocols/CMISAtomEntryParserDelegate.html">
		
		<Token>
			<TokenIdentifier>//apple_ref/occ/intf/CMISAtomEntryParserDelegate</TokenIdentifier>
			<Abstract type="html"></Abstract>
			<DeclaredIn>CMISAtomEntryParser.h</DeclaredIn>
			
			<NodeRef refid="73"/>
		</Token>
		
		
		<Token>
			<TokenIdentifier>//apple_ref/occ/intfm/CMISAtomEntryParserDelegate/cmisAtomEntryParser:didFinishParsingCMISObjectData:</TokenIdentifier>
			<Abstract type="html"></Abstract>
			<DeclaredIn>CMISAtomEntryParser.h</DeclaredIn>			
			
			<Declaration>- (void)cmisAtomEntryParser:(id)entryParser didFinishParsingCMISObjectData:(CMISObjectData *)cmisObjectData</Declaration>
			
			
			<Anchor>//api/name/cmisAtomEntryParser:didFinishParsingCMISObjectData:</Anchor>
		</Token>
		
	</File>
</Tokens>