<?xml version="1.0" encoding="UTF-8"?>
<Tokens version="1.0">
	<File path="Classes/CMISAtomPubBinding.html">
		
		<Token>
			<TokenIdentifier>//apple_ref/occ/cl/CMISAtomPubBinding</TokenIdentifier>
			<Abstract type="html"></Abstract>
			<DeclaredIn>CMISAtomPubBinding.h</DeclaredIn>
			
			<NodeRef refid="10"/>
		</Token>
		
		
		<Token>
			<TokenIdentifier>//apple_ref/occ/instm/CMISAtomPubBinding/initWithSessionParameters:</TokenIdentifier>
			<Abstract type="html"></Abstract>
			<DeclaredIn>CMISAtomPubBinding.h</DeclaredIn>			
			
			<Declaration>- (id)initWithSessionParameters:(CMISSessionParameters *)sessionParameters</Declaration>
			
			
			<Anchor>//api/name/initWithSessionParameters:</Anchor>
		</Token>
		
	</File>
</Tokens>