<?xml version="1.0" encoding="UTF-8"?>
<Tokens version="1.0">
	<File path="Classes/CMISObject.html">
		
		<Token>
			<TokenIdentifier>//apple_ref/occ/cl/CMISObject</TokenIdentifier>
			<Abstract type="html"></Abstract>
			<DeclaredIn>CMISObject.h</DeclaredIn>
			
			<NodeRef refid="41"/>
		</Token>
		
		
		<Token>
			<TokenIdentifier>//apple_ref/occ/instm/CMISObject/setSession:</TokenIdentifier>
			<Abstract type="html"></Abstract>
			<DeclaredIn>CMISObject.h</DeclaredIn>			
			
			<Declaration>@property (nonatomic, strong, readonly) CMISSession *session</Declaration>
			
			
			<Anchor>//api/name/session</Anchor>
		</Token>
		
		<Token>
			<TokenIdentifier>//apple_ref/occ/instp/CMISObject/session</TokenIdentifier>
			<Abstract type="html"></Abstract>
			<DeclaredIn>CMISObject.h</DeclaredIn>			
			
			<Declaration>@property (nonatomic, strong, readonly) CMISSession *session</Declaration>
			
			
			<Anchor>//api/name/session</Anchor>
		</Token>
		
		<Token>
			<TokenIdentifier>//apple_ref/occ/instm/CMISObject/setBinding:</TokenIdentifier>
			<Abstract type="html"></Abstract>
			<DeclaredIn>CMISObject.h</DeclaredIn>			
			
			<Declaration>@property (nonatomic, strong, readonly) id&lt;CMISBinding&gt; binding</Declaration>
			
			
			<Anchor>//api/name/binding</Anchor>
		</Token>
		
		<Token>
			<TokenIdentifier>//apple_ref/occ/instp/CMISObject/binding</TokenIdentifier>
			<Abstract type="html"></Abstract>
			<DeclaredIn>CMISObject.h</DeclaredIn>			
			
			<Declaration>@property (nonatomic, strong, readonly) id&lt;CMISBinding&gt; binding</Declaration>
			
			
			<Anchor>//api/name/binding</Anchor>
		</Token>
		
		<Token>
			<TokenIdentifier>//apple_ref/occ/instm/CMISObject/setName:</TokenIdentifier>
			<Abstract type="html"></Abstract>
			<DeclaredIn>CMISObject.h</DeclaredIn>			
			
			<Declaration>@property (nonatomic, strong, readonly) NSString *name</Declaration>
			
			
			<Anchor>//api/name/name</Anchor>
		</Token>
		
		<Token>
			<TokenIdentifier>//apple_ref/occ/instp/CMISObject/name</TokenIdentifier>
			<Abstract type="html"></Abstract>
			<DeclaredIn>CMISObject.h</DeclaredIn>			
			
			<Declaration>@property (nonatomic, strong, readonly) NSString *name</Declaration>
			
			
			<Anchor>//api/name/name</Anchor>
		</Token>
		
		<Token>
			<TokenIdentifier>//apple_ref/occ/instm/CMISObject/setCreatedBy:</TokenIdentifier>
			<Abstract type="html"></Abstract>
			<DeclaredIn>CMISObject.h</DeclaredIn>			
			
			<Declaration>@property (nonatomic, strong, readonly) NSString *createdBy</Declaration>
			
			
			<Anchor>//api/name/createdBy</Anchor>
		</Token>
		
		<Token>
			<TokenIdentifier>//apple_ref/occ/instp/CMISObject/createdBy</TokenIdentifier>
			<Abstract type="html"></Abstract>
			<DeclaredIn>CMISObject.h</DeclaredIn>			
			
			<Declaration>@property (nonatomic, strong, readonly) NSString *createdBy</Declaration>
			
			
			<Anchor>//api/name/createdBy</Anchor>
		</Token>
		
		<Token>
			<TokenIdentifier>//apple_ref/occ/instm/CMISObject/setCreationDate:</TokenIdentifier>
			<Abstract type="html"></Abstract>
			<DeclaredIn>CMISObject.h</DeclaredIn>			
			
			<Declaration>@property (nonatomic, strong, readonly) NSDate *creationDate</Declaration>
			
			
			<Anchor>//api/name/creationDate</Anchor>
		</Token>
		
		<Token>
			<TokenIdentifier>//apple_ref/occ/instp/CMISObject/creationDate</TokenIdentifier>
			<Abstract type="html"></Abstract>
			<DeclaredIn>CMISObject.h</DeclaredIn>			
			
			<Declaration>@property (nonatomic, strong, readonly) NSDate *creationDate</Declaration>
			
			
			<Anchor>//api/name/creationDate</Anchor>
		</Token>
		
		<Token>
			<TokenIdentifier>//apple_ref/occ/instm/CMISObject/setLastModifiedBy:</TokenIdentifier>
			<Abstract type="html"></Abstract>
			<DeclaredIn>CMISObject.h</DeclaredIn>			
			
			<Declaration>@property (nonatomic, strong, readonly) NSString *lastModifiedBy</Declaration>
			
			
			<Anchor>//api/name/lastModifiedBy</Anchor>
		</Token>
		
		<Token>
			<TokenIdentifier>//apple_ref/occ/instp/CMISObject/lastModifiedBy</TokenIdentifier>
			<Abstract type="html"></Abstract>
			<DeclaredIn>CMISObject.h</DeclaredIn>			
			
			<Declaration>@property (nonatomic, strong, readonly) NSString *lastModifiedBy</Declaration>
			
			
			<Anchor>//api/name/lastModifiedBy</Anchor>
		</Token>
		
		<Token>
			<TokenIdentifier>//apple_ref/occ/instm/CMISObject/setLastModificationDate:</TokenIdentifier>
			<Abstract type="html"></Abstract>
			<DeclaredIn>CMISObject.h</DeclaredIn>			
			
			<Declaration>@property (nonatomic, strong, readonly) NSDate *lastModificationDate</Declaration>
			
			
			<Anchor>//api/name/lastModificationDate</Anchor>
		</Token>
		
		<Token>
			<TokenIdentifier>//apple_ref/occ/instp/CMISObject/lastModificationDate</TokenIdentifier>
			<Abstract type="html"></Abstract>
			<DeclaredIn>CMISObject.h</DeclaredIn>			
			
			<Declaration>@property (nonatomic, strong, readonly) NSDate *lastModificationDate</Declaration>
			
			
			<Anchor>//api/name/lastModificationDate</Anchor>
		</Token>
		
		<Token>
			<TokenIdentifier>//apple_ref/occ/instm/CMISObject/setObjectType:</TokenIdentifier>
			<Abstract type="html"></Abstract>
			<DeclaredIn>CMISObject.h</DeclaredIn>			
			
			<Declaration>@property (nonatomic, strong, readonly) NSString *objectType</Declaration>
			
			
			<Anchor>//api/name/objectType</Anchor>
		</Token>
		
		<Token>
			<TokenIdentifier>//apple_ref/occ/instp/CMISObject/objectType</TokenIdentifier>
			<Abstract type="html"></Abstract>
			<DeclaredIn>CMISObject.h</DeclaredIn>			
			
			<Declaration>@property (nonatomic, strong, readonly) NSString *objectType</Declaration>
			
			
			<Anchor>//api/name/objectType</Anchor>
		</Token>
		
		<Token>
			<TokenIdentifier>//apple_ref/occ/instm/CMISObject/setChangeToken:</TokenIdentifier>
			<Abstract type="html"></Abstract>
			<DeclaredIn>CMISObject.h</DeclaredIn>			
			
			<Declaration>@property (nonatomic, strong, readonly) NSString *changeToken</Declaration>
			
			
			<Anchor>//api/name/changeToken</Anchor>
		</Token>
		
		<Token>
			<TokenIdentifier>//apple_ref/occ/instp/CMISObject/changeToken</TokenIdentifier>
			<Abstract type="html"></Abstract>
			<DeclaredIn>CMISObject.h</DeclaredIn>			
			
			<Declaration>@property (nonatomic, strong, readonly) NSString *changeToken</Declaration>
			
			
			<Anchor>//api/name/changeToken</Anchor>
		</Token>
		
		<Token>
			<TokenIdentifier>//apple_ref/occ/instm/CMISObject/setAllowableActions:</TokenIdentifier>
			<Abstract type="html"></Abstract>
			<DeclaredIn>CMISObject.h</DeclaredIn>			
			
			<Declaration>@property (nonatomic, strong, readonly) CMISAllowableActions *allowableActions</Declaration>
			
			
			<Anchor>//api/name/allowableActions</Anchor>
		</Token>
		
		<Token>
			<TokenIdentifier>//apple_ref/occ/instp/CMISObject/allowableActions</TokenIdentifier>
			<Abstract type="html"></Abstract>
			<DeclaredIn>CMISObject.h</DeclaredIn>			
			
			<Declaration>@property (nonatomic, strong, readonly) CMISAllowableActions *allowableActions</Declaration>
			
			
			<Anchor>//api/name/allowableActions</Anchor>
		</Token>
		
		<Token>
			<TokenIdentifier>//apple_ref/occ/instm/CMISObject/setRenditions:</TokenIdentifier>
			<Abstract type="html"></Abstract>
			<DeclaredIn>CMISObject.h</DeclaredIn>			
			
			<Declaration>@property (nonatomic, strong, readonly) NSArray *renditions</Declaration>
			
			
			<Anchor>//api/name/renditions</Anchor>
		</Token>
		
		<Token>
			<TokenIdentifier>//apple_ref/occ/instp/CMISObject/renditions</TokenIdentifier>
			<Abstract type="html"></Abstract>
			<DeclaredIn>CMISObject.h</DeclaredIn>			
			
			<Declaration>@property (nonatomic, strong, readonly) NSArray *renditions</Declaration>
			
			
			<Anchor>//api/name/renditions</Anchor>
		</Token>
		
		<Token>
			<TokenIdentifier>//apple_ref/occ/instm/CMISObject/setProperties:</TokenIdentifier>
			<Abstract type="html"></Abstract>
			<DeclaredIn>CMISObject.h</DeclaredIn>			
			
			<Declaration>@property (nonatomic, strong, readonly) CMISProperties *properties</Declaration>
			
			
			<Anchor>//api/name/properties</Anchor>
		</Token>
		
		<Token>
			<TokenIdentifier>//apple_ref/occ/instp/CMISObject/properties</TokenIdentifier>
			<Abstract type="html"></Abstract>
			<DeclaredIn>CMISObject.h</DeclaredIn>			
			
			<Declaration>@property (nonatomic, strong, readonly) CMISProperties *properties</Declaration>
			
			
			<Anchor>//api/name/properties</Anchor>
		</Token>
		
		<Token>
			<TokenIdentifier>//apple_ref/occ/instm/CMISObject/initWithObjectData:session:</TokenIdentifier>
			<Abstract type="html">initialise CMISObject with data and session</Abstract>
			<DeclaredIn>CMISObject.h</DeclaredIn>			
			
			<Declaration>- (id)initWithObjectData:(CMISObjectData *)objectData session:(CMISSession *)session</Declaration>
			
			
			<Anchor>//api/name/initWithObjectData:session:</Anchor>
		</Token>
		
		<Token>
			<TokenIdentifier>//apple_ref/occ/instm/CMISObject/updateProperties:completionBlock:</TokenIdentifier>
			<Abstract type="html">Updates the properties that are provided.
completionBlock returns the updated CMISObject instance or nil if unsuccessful</Abstract>
			<DeclaredIn>CMISObject.h</DeclaredIn>			
			
			<Declaration>- (void)updateProperties:(NSDictionary *)properties completionBlock:(void ( ^ ) ( CMISObject *object , NSError *error ))completionBlock</Declaration>
			
			
			<Anchor>//api/name/updateProperties:completionBlock:</Anchor>
		</Token>
		
		<Token>
			<TokenIdentifier>//apple_ref/occ/instm/CMISObject/extensionsForExtensionLevel:</TokenIdentifier>
			<Abstract type="html">Returns the extensions for the given level as an array</Abstract>
			<DeclaredIn>CMISObject.h</DeclaredIn>			
			
			<Declaration>- (NSArray *)extensionsForExtensionLevel:(CMISExtensionLevel)extensionLevel</Declaration>
			
			
			<Anchor>//api/name/extensionsForExtensionLevel:</Anchor>
		</Token>
		
	</File>
</Tokens>