<?xml version="1.0" encoding="UTF-8"?>
<Tokens version="1.0">
	<File path="Classes/CMISCollection.html">
		
		<Token>
			<TokenIdentifier>//apple_ref/occ/cl/CMISCollection</TokenIdentifier>
			<Abstract type="html"></Abstract>
			<DeclaredIn>CMISCollection.h</DeclaredIn>
			
			<NodeRef refid="22"/>
		</Token>
		
		
		<Token>
			<TokenIdentifier>//apple_ref/occ/instm/CMISCollection/setItems:</TokenIdentifier>
			<Abstract type="html"></Abstract>
			<DeclaredIn>CMISCollection.h</DeclaredIn>			
			
			<Declaration>@property (nonatomic, strong, readonly) NSArray *items</Declaration>
			
			
			<Anchor>//api/name/items</Anchor>
		</Token>
		
		<Token>
			<TokenIdentifier>//apple_ref/occ/instp/CMISCollection/items</TokenIdentifier>
			<Abstract type="html"></Abstract>
			<DeclaredIn>CMISCollection.h</DeclaredIn>			
			
			<Declaration>@property (nonatomic, strong, readonly) NSArray *items</Declaration>
			
			
			<Anchor>//api/name/items</Anchor>
		</Token>
		
		<Token>
			<TokenIdentifier>//apple_ref/occ/instm/CMISCollection/initWithItems:</TokenIdentifier>
			<Abstract type="html"></Abstract>
			<DeclaredIn>CMISCollection.h</DeclaredIn>			
			
			<Declaration>- (id)initWithItems:(NSArray *)items</Declaration>
			
			
			<Anchor>//api/name/initWithItems:</Anchor>
		</Token>
		
	</File>
</Tokens>