<?xml version="1.0" encoding="UTF-8"?>
<Tokens version="1.0">
	<File path="Classes/CMISLog.html">
		
		<Token>
			<TokenIdentifier>//apple_ref/occ/cl/CMISLog</TokenIdentifier>
			<Abstract type="html">Default logging level</Abstract>
			<DeclaredIn>CMISLog.h</DeclaredIn>
			
			<NodeRef refid="40"/>
		</Token>
		
		
		<Token>
			<TokenIdentifier>//apple_ref/occ/instm/CMISLog/setLogLevel:</TokenIdentifier>
			<Abstract type="html"></Abstract>
			<DeclaredIn>CMISLog.h</DeclaredIn>			
			
			<Declaration>@property (nonatomic, assign) CMISLogLevel logLevel</Declaration>
			
			
			<Anchor>//api/name/logLevel</Anchor>
		</Token>
		
		<Token>
			<TokenIdentifier>//apple_ref/occ/instp/CMISLog/logLevel</TokenIdentifier>
			<Abstract type="html"></Abstract>
			<DeclaredIn>CMISLog.h</DeclaredIn>			
			
			<Declaration>@property (nonatomic, assign) CMISLogLevel logLevel</Declaration>
			
			
			<Anchor>//api/name/logLevel</Anchor>
		</Token>
		
		<Token>
			<TokenIdentifier>//apple_ref/occ/clm/CMISLog/sharedInstance</TokenIdentifier>
			<Abstract type="html">Returns the shared singleton</Abstract>
			<DeclaredIn>CMISLog.h</DeclaredIn>			
			
			<Declaration>+ (CMISLog *)sharedInstance</Declaration>
			
			
			<Anchor>//api/name/sharedInstance</Anchor>
		</Token>
		
		<Token>
			<TokenIdentifier>//apple_ref/occ/instm/CMISLog/initWithLogLevel:</TokenIdentifier>
			<Abstract type="html">Designated initializer. Can be used when not instantiating this class in singleton mode.</Abstract>
			<DeclaredIn>CMISLog.h</DeclaredIn>			
			
			<Declaration>- (id)initWithLogLevel:(CMISLogLevel)logLevel</Declaration>
			
			
			<Anchor>//api/name/initWithLogLevel:</Anchor>
		</Token>
		
		<Token>
			<TokenIdentifier>//apple_ref/occ/instm/CMISLog/stringForLogLevel:</TokenIdentifier>
			<Abstract type="html"></Abstract>
			<DeclaredIn>CMISLog.h</DeclaredIn>			
			
			<Declaration>- (NSString *)stringForLogLevel:(CMISLogLevel)logLevel</Declaration>
			
			
			<Anchor>//api/name/stringForLogLevel:</Anchor>
		</Token>
		
		<Token>
			<TokenIdentifier>//apple_ref/occ/instm/CMISLog/logErrorFromError:</TokenIdentifier>
			<Abstract type="html"></Abstract>
			<DeclaredIn>CMISLog.h</DeclaredIn>			
			
			<Declaration>- (void)logErrorFromError:(NSError *)error</Declaration>
			
			
			<Anchor>//api/name/logErrorFromError:</Anchor>
		</Token>
		
		<Token>
			<TokenIdentifier>//apple_ref/occ/instm/CMISLog/logError:</TokenIdentifier>
			<Abstract type="html"></Abstract>
			<DeclaredIn>CMISLog.h</DeclaredIn>			
			
			<Declaration>- (void)logError:(NSString *)format, ...</Declaration>
			
			
			<Anchor>//api/name/logError:</Anchor>
		</Token>
		
		<Token>
			<TokenIdentifier>//apple_ref/occ/instm/CMISLog/logWarning:</TokenIdentifier>
			<Abstract type="html"></Abstract>
			<DeclaredIn>CMISLog.h</DeclaredIn>			
			
			<Declaration>- (void)logWarning:(NSString *)format, ...</Declaration>
			
			
			<Anchor>//api/name/logWarning:</Anchor>
		</Token>
		
		<Token>
			<TokenIdentifier>//apple_ref/occ/instm/CMISLog/logInfo:</TokenIdentifier>
			<Abstract type="html"></Abstract>
			<DeclaredIn>CMISLog.h</DeclaredIn>			
			
			<Declaration>- (void)logInfo:(NSString *)format, ...</Declaration>
			
			
			<Anchor>//api/name/logInfo:</Anchor>
		</Token>
		
		<Token>
			<TokenIdentifier>//apple_ref/occ/instm/CMISLog/logDebug:</TokenIdentifier>
			<Abstract type="html"></Abstract>
			<DeclaredIn>CMISLog.h</DeclaredIn>			
			
			<Declaration>- (void)logDebug:(NSString *)format, ...</Declaration>
			
			
			<Anchor>//api/name/logDebug:</Anchor>
		</Token>
		
		<Token>
			<TokenIdentifier>//apple_ref/occ/instm/CMISLog/logTrace:</TokenIdentifier>
			<Abstract type="html"></Abstract>
			<DeclaredIn>CMISLog.h</DeclaredIn>			
			
			<Declaration>- (void)logTrace:(NSString *)format, ...</Declaration>
			
			
			<Anchor>//api/name/logTrace:</Anchor>
		</Token>
		
	</File>
</Tokens>