<?xml version="1.0" encoding="UTF-8"?>
<Tokens version="1.0">
	<File path="Classes/CMISObjectByPathUriBuilder.html">
		
		<Token>
			<TokenIdentifier>//apple_ref/occ/cl/CMISObjectByPathUriBuilder</TokenIdentifier>
			<Abstract type="html"></Abstract>
			<DeclaredIn>CMISObjectByPathUriBuilder.h</DeclaredIn>
			
			<NodeRef refid="43"/>
		</Token>
		
		
		<Token>
			<TokenIdentifier>//apple_ref/occ/instm/CMISObjectByPathUriBuilder/setPath:</TokenIdentifier>
			<Abstract type="html"></Abstract>
			<DeclaredIn>CMISObjectByPathUriBuilder.h</DeclaredIn>			
			
			<Declaration>@property (nonatomic, strong) NSString *path</Declaration>
			
			
			<Anchor>//api/name/path</Anchor>
		</Token>
		
		<Token>
			<TokenIdentifier>//apple_ref/occ/instp/CMISObjectByPathUriBuilder/path</TokenIdentifier>
			<Abstract type="html"></Abstract>
			<DeclaredIn>CMISObjectByPathUriBuilder.h</DeclaredIn>			
			
			<Declaration>@property (nonatomic, strong) NSString *path</Declaration>
			
			
			<Anchor>//api/name/path</Anchor>
		</Token>
		
		<Token>
			<TokenIdentifier>//apple_ref/occ/instm/CMISObjectByPathUriBuilder/setFilter:</TokenIdentifier>
			<Abstract type="html"></Abstract>
			<DeclaredIn>CMISObjectByPathUriBuilder.h</DeclaredIn>			
			
			<Declaration>@property (nonatomic, strong) NSString *filter</Declaration>
			
			
			<Anchor>//api/name/filter</Anchor>
		</Token>
		
		<Token>
			<TokenIdentifier>//apple_ref/occ/instp/CMISObjectByPathUriBuilder/filter</TokenIdentifier>
			<Abstract type="html"></Abstract>
			<DeclaredIn>CMISObjectByPathUriBuilder.h</DeclaredIn>			
			
			<Declaration>@property (nonatomic, strong) NSString *filter</Declaration>
			
			
			<Anchor>//api/name/filter</Anchor>
		</Token>
		
		<Token>
			<TokenIdentifier>//apple_ref/occ/instm/CMISObjectByPathUriBuilder/setIncludeAllowableActions:</TokenIdentifier>
			<Abstract type="html"></Abstract>
			<DeclaredIn>CMISObjectByPathUriBuilder.h</DeclaredIn>			
			
			<Declaration>@property BOOL includeAllowableActions</Declaration>
			
			
			<Anchor>//api/name/includeAllowableActions</Anchor>
		</Token>
		
		<Token>
			<TokenIdentifier>//apple_ref/occ/instp/CMISObjectByPathUriBuilder/includeAllowableActions</TokenIdentifier>
			<Abstract type="html"></Abstract>
			<DeclaredIn>CMISObjectByPathUriBuilder.h</DeclaredIn>			
			
			<Declaration>@property BOOL includeAllowableActions</Declaration>
			
			
			<Anchor>//api/name/includeAllowableActions</Anchor>
		</Token>
		
		<Token>
			<TokenIdentifier>//apple_ref/occ/instm/CMISObjectByPathUriBuilder/setIncludePolicyIds:</TokenIdentifier>
			<Abstract type="html"></Abstract>
			<DeclaredIn>CMISObjectByPathUriBuilder.h</DeclaredIn>			
			
			<Declaration>@property BOOL includePolicyIds</Declaration>
			
			
			<Anchor>//api/name/includePolicyIds</Anchor>
		</Token>
		
		<Token>
			<TokenIdentifier>//apple_ref/occ/instp/CMISObjectByPathUriBuilder/includePolicyIds</TokenIdentifier>
			<Abstract type="html"></Abstract>
			<DeclaredIn>CMISObjectByPathUriBuilder.h</DeclaredIn>			
			
			<Declaration>@property BOOL includePolicyIds</Declaration>
			
			
			<Anchor>//api/name/includePolicyIds</Anchor>
		</Token>
		
		<Token>
			<TokenIdentifier>//apple_ref/occ/instm/CMISObjectByPathUriBuilder/setRelationships:</TokenIdentifier>
			<Abstract type="html"></Abstract>
			<DeclaredIn>CMISObjectByPathUriBuilder.h</DeclaredIn>			
			
			<Declaration>@property CMISIncludeRelationship relationships</Declaration>
			
			
			<Anchor>//api/name/relationships</Anchor>
		</Token>
		
		<Token>
			<TokenIdentifier>//apple_ref/occ/instp/CMISObjectByPathUriBuilder/relationships</TokenIdentifier>
			<Abstract type="html"></Abstract>
			<DeclaredIn>CMISObjectByPathUriBuilder.h</DeclaredIn>			
			
			<Declaration>@property CMISIncludeRelationship relationships</Declaration>
			
			
			<Anchor>//api/name/relationships</Anchor>
		</Token>
		
		<Token>
			<TokenIdentifier>//apple_ref/occ/instm/CMISObjectByPathUriBuilder/setIncludeACL:</TokenIdentifier>
			<Abstract type="html"></Abstract>
			<DeclaredIn>CMISObjectByPathUriBuilder.h</DeclaredIn>			
			
			<Declaration>@property BOOL includeACL</Declaration>
			
			
			<Anchor>//api/name/includeACL</Anchor>
		</Token>
		
		<Token>
			<TokenIdentifier>//apple_ref/occ/instp/CMISObjectByPathUriBuilder/includeACL</TokenIdentifier>
			<Abstract type="html"></Abstract>
			<DeclaredIn>CMISObjectByPathUriBuilder.h</DeclaredIn>			
			
			<Declaration>@property BOOL includeACL</Declaration>
			
			
			<Anchor>//api/name/includeACL</Anchor>
		</Token>
		
		<Token>
			<TokenIdentifier>//apple_ref/occ/instm/CMISObjectByPathUriBuilder/setRenditionFilter:</TokenIdentifier>
			<Abstract type="html"></Abstract>
			<DeclaredIn>CMISObjectByPathUriBuilder.h</DeclaredIn>			
			
			<Declaration>@property (nonatomic, strong) NSString *renditionFilter</Declaration>
			
			
			<Anchor>//api/name/renditionFilter</Anchor>
		</Token>
		
		<Token>
			<TokenIdentifier>//apple_ref/occ/instp/CMISObjectByPathUriBuilder/renditionFilter</TokenIdentifier>
			<Abstract type="html"></Abstract>
			<DeclaredIn>CMISObjectByPathUriBuilder.h</DeclaredIn>			
			
			<Declaration>@property (nonatomic, strong) NSString *renditionFilter</Declaration>
			
			
			<Anchor>//api/name/renditionFilter</Anchor>
		</Token>
		
		<Token>
			<TokenIdentifier>//apple_ref/occ/instm/CMISObjectByPathUriBuilder/initWithTemplateUrl:</TokenIdentifier>
			<Abstract type="html">init the template URL with URL string</Abstract>
			<DeclaredIn>CMISObjectByPathUriBuilder.h</DeclaredIn>			
			
			<Declaration>- (id)initWithTemplateUrl:(NSString *)templateUrl</Declaration>
			
			
			<Anchor>//api/name/initWithTemplateUrl:</Anchor>
		</Token>
		
		<Token>
			<TokenIdentifier>//apple_ref/occ/instm/CMISObjectByPathUriBuilder/buildUrl</TokenIdentifier>
			<Abstract type="html">return the full URL</Abstract>
			<DeclaredIn>CMISObjectByPathUriBuilder.h</DeclaredIn>			
			
			<Declaration>- (NSURL *)buildUrl</Declaration>
			
			
			<Anchor>//api/name/buildUrl</Anchor>
		</Token>
		
	</File>
</Tokens>