<?xml version="1.0" encoding="UTF-8"?>
<Tokens version="1.0">
	<File path="Classes/CMISAtomFeedParser.html">
		
		<Token>
			<TokenIdentifier>//apple_ref/occ/cl/CMISAtomFeedParser</TokenIdentifier>
			<Abstract type="html"></Abstract>
			<DeclaredIn>CMISAtomFeedParser.h</DeclaredIn>
			
			<NodeRef refid="6"/>
		</Token>
		
		
		<Token>
			<TokenIdentifier>//apple_ref/occ/instm/CMISAtomFeedParser/setEntries:</TokenIdentifier>
			<Abstract type="html">The entries contained in the feed (array of CMISObjectData objects).</Abstract>
			<DeclaredIn>CMISAtomFeedParser.h</DeclaredIn>			
			
			<Declaration>@property (nonatomic, strong, readonly) NSArray *entries</Declaration>
			
			
			<Anchor>//api/name/entries</Anchor>
		</Token>
		
		<Token>
			<TokenIdentifier>//apple_ref/occ/instp/CMISAtomFeedParser/entries</TokenIdentifier>
			<Abstract type="html">The entries contained in the feed (array of CMISObjectData objects).</Abstract>
			<DeclaredIn>CMISAtomFeedParser.h</DeclaredIn>			
			
			<Declaration>@property (nonatomic, strong, readonly) NSArray *entries</Declaration>
			
			
			<Anchor>//api/name/entries</Anchor>
		</Token>
		
		<Token>
			<TokenIdentifier>//apple_ref/occ/instm/CMISAtomFeedParser/setLinkRelations:</TokenIdentifier>
			<Abstract type="html">The links for the feed.</Abstract>
			<DeclaredIn>CMISAtomFeedParser.h</DeclaredIn>			
			
			<Declaration>@property (nonatomic, strong, readonly) CMISLinkRelations *linkRelations</Declaration>
			
			
			<Anchor>//api/name/linkRelations</Anchor>
		</Token>
		
		<Token>
			<TokenIdentifier>//apple_ref/occ/instp/CMISAtomFeedParser/linkRelations</TokenIdentifier>
			<Abstract type="html">The links for the feed.</Abstract>
			<DeclaredIn>CMISAtomFeedParser.h</DeclaredIn>			
			
			<Declaration>@property (nonatomic, strong, readonly) CMISLinkRelations *linkRelations</Declaration>
			
			
			<Anchor>//api/name/linkRelations</Anchor>
		</Token>
		
		<Token>
			<TokenIdentifier>//apple_ref/occ/instm/CMISAtomFeedParser/setNumItems:</TokenIdentifier>
			<Abstract type="html">Number of items will be returned when executing a query.</Abstract>
			<DeclaredIn>CMISAtomFeedParser.h</DeclaredIn>			
			
			<Declaration>@property (readonly) NSInteger numItems</Declaration>
			
			
			<Anchor>//api/name/numItems</Anchor>
		</Token>
		
		<Token>
			<TokenIdentifier>//apple_ref/occ/instp/CMISAtomFeedParser/numItems</TokenIdentifier>
			<Abstract type="html">Number of items will be returned when executing a query.</Abstract>
			<DeclaredIn>CMISAtomFeedParser.h</DeclaredIn>			
			
			<Declaration>@property (readonly) NSInteger numItems</Declaration>
			
			
			<Anchor>//api/name/numItems</Anchor>
		</Token>
		
		<Token>
			<TokenIdentifier>//apple_ref/occ/instm/CMISAtomFeedParser/initWithData:</TokenIdentifier>
			<Abstract type="html">designated initialiser</Abstract>
			<DeclaredIn>CMISAtomFeedParser.h</DeclaredIn>			
			
			<Declaration>- (id)initWithData:(NSData *)feedData</Declaration>
			
			
			<Anchor>//api/name/initWithData:</Anchor>
		</Token>
		
		<Token>
			<TokenIdentifier>//apple_ref/occ/instm/CMISAtomFeedParser/parseAndReturnError:</TokenIdentifier>
			<Abstract type="html">parses the atom XML data. returns NO if unsuccessful</Abstract>
			<DeclaredIn>CMISAtomFeedParser.h</DeclaredIn>			
			
			<Declaration>- (BOOL)parseAndReturnError:(NSError **)error</Declaration>
			
			
			<Anchor>//api/name/parseAndReturnError:</Anchor>
		</Token>
		
	</File>
</Tokens>