<?xml version="1.0" encoding="UTF-8"?>
<Tokens version="1.0">
	<File path="Classes/CMISServiceDocumentParser.html">
		
		<Token>
			<TokenIdentifier>//apple_ref/occ/cl/CMISServiceDocumentParser</TokenIdentifier>
			<Abstract type="html"></Abstract>
			<DeclaredIn>CMISServiceDocumentParser.h</DeclaredIn>
			
			<NodeRef refid="61"/>
		</Token>
		
		
		<Token>
			<TokenIdentifier>//apple_ref/occ/instm/CMISServiceDocumentParser/setWorkspaces:</TokenIdentifier>
			<Abstract type="html">Available after parsing the service document</Abstract>
			<DeclaredIn>CMISServiceDocumentParser.h</DeclaredIn>			
			
			<Declaration>@property (nonatomic, strong, readonly) NSArray *workspaces</Declaration>
			
			
			<Anchor>//api/name/workspaces</Anchor>
		</Token>
		
		<Token>
			<TokenIdentifier>//apple_ref/occ/instp/CMISServiceDocumentParser/workspaces</TokenIdentifier>
			<Abstract type="html">Available after parsing the service document</Abstract>
			<DeclaredIn>CMISServiceDocumentParser.h</DeclaredIn>			
			
			<Declaration>@property (nonatomic, strong, readonly) NSArray *workspaces</Declaration>
			
			
			<Anchor>//api/name/workspaces</Anchor>
		</Token>
		
		<Token>
			<TokenIdentifier>//apple_ref/occ/instm/CMISServiceDocumentParser/initWithData:</TokenIdentifier>
			<Abstract type="html"></Abstract>
			<DeclaredIn>CMISServiceDocumentParser.h</DeclaredIn>			
			
			<Declaration>- (id)initWithData:(NSData *)atomData</Declaration>
			
			
			<Anchor>//api/name/initWithData:</Anchor>
		</Token>
		
		<Token>
			<TokenIdentifier>//apple_ref/occ/instm/CMISServiceDocumentParser/parseAndReturnError:</TokenIdentifier>
			<Abstract type="html">parses the service document. returns NO if unsuccessful</Abstract>
			<DeclaredIn>CMISServiceDocumentParser.h</DeclaredIn>			
			
			<Declaration>- (BOOL)parseAndReturnError:(NSError **)error</Declaration>
			
			
			<Anchor>//api/name/parseAndReturnError:</Anchor>
		</Token>
		
	</File>
</Tokens>