<?xml version="1.0" encoding="UTF-8"?>
<Tokens version="1.0">
	<File path="Classes/CMISPropertyDefinitionParser.html">
		
		<Token>
			<TokenIdentifier>//apple_ref/occ/cl/CMISPropertyDefinitionParser</TokenIdentifier>
			<Abstract type="html"></Abstract>
			<DeclaredIn>CMISPropertyDefinitionParser.h</DeclaredIn>
			
			<NodeRef refid="53"/>
		</Token>
		
		
		<Token>
			<TokenIdentifier>//apple_ref/occ/clm/CMISPropertyDefinitionParser/parserForPropertyDefinition:withParentDelegate:parser:</TokenIdentifier>
			<Abstract type="html">Initializes a child parser for an Atom Entry and takes over parsing control while parsing the Atom Entry</Abstract>
			<DeclaredIn>CMISPropertyDefinitionParser.h</DeclaredIn>			
			
			<Declaration>+ (id)parserForPropertyDefinition:(NSString *)propertyDefinitionElementName withParentDelegate:(id&lt;NSXMLParserDelegate,CMISPropertyDefinitionDelegate&gt;)parentDelegate parser:(NSXMLParser *)parser</Declaration>
			
			
			<Anchor>//api/name/parserForPropertyDefinition:withParentDelegate:parser:</Anchor>
		</Token>
		
	</File>
</Tokens>