<?xml version="1.0" encoding="UTF-8"?>
<Tokens version="1.0">
	<File path="Classes/CMISAtomLink.html">
		
		<Token>
			<TokenIdentifier>//apple_ref/occ/cl/CMISAtomLink</TokenIdentifier>
			<Abstract type="html"></Abstract>
			<DeclaredIn>CMISAtomLink.h</DeclaredIn>
			
			<NodeRef refid="7"/>
		</Token>
		
		
		<Token>
			<TokenIdentifier>//apple_ref/occ/instm/CMISAtomLink/setRel:</TokenIdentifier>
			<Abstract type="html"></Abstract>
			<DeclaredIn>CMISAtomLink.h</DeclaredIn>			
			
			<Declaration>@property (nonatomic, strong) NSString *rel</Declaration>
			
			
			<Anchor>//api/name/rel</Anchor>
		</Token>
		
		<Token>
			<TokenIdentifier>//apple_ref/occ/instp/CMISAtomLink/rel</TokenIdentifier>
			<Abstract type="html"></Abstract>
			<DeclaredIn>CMISAtomLink.h</DeclaredIn>			
			
			<Declaration>@property (nonatomic, strong) NSString *rel</Declaration>
			
			
			<Anchor>//api/name/rel</Anchor>
		</Token>
		
		<Token>
			<TokenIdentifier>//apple_ref/occ/instm/CMISAtomLink/setType:</TokenIdentifier>
			<Abstract type="html"></Abstract>
			<DeclaredIn>CMISAtomLink.h</DeclaredIn>			
			
			<Declaration>@property (nonatomic, strong) NSString *type</Declaration>
			
			
			<Anchor>//api/name/type</Anchor>
		</Token>
		
		<Token>
			<TokenIdentifier>//apple_ref/occ/instp/CMISAtomLink/type</TokenIdentifier>
			<Abstract type="html"></Abstract>
			<DeclaredIn>CMISAtomLink.h</DeclaredIn>			
			
			<Declaration>@property (nonatomic, strong) NSString *type</Declaration>
			
			
			<Anchor>//api/name/type</Anchor>
		</Token>
		
		<Token>
			<TokenIdentifier>//apple_ref/occ/instm/CMISAtomLink/setHref:</TokenIdentifier>
			<Abstract type="html"></Abstract>
			<DeclaredIn>CMISAtomLink.h</DeclaredIn>			
			
			<Declaration>@property (nonatomic, strong) NSString *href</Declaration>
			
			
			<Anchor>//api/name/href</Anchor>
		</Token>
		
		<Token>
			<TokenIdentifier>//apple_ref/occ/instp/CMISAtomLink/href</TokenIdentifier>
			<Abstract type="html"></Abstract>
			<DeclaredIn>CMISAtomLink.h</DeclaredIn>			
			
			<Declaration>@property (nonatomic, strong) NSString *href</Declaration>
			
			
			<Anchor>//api/name/href</Anchor>
		</Token>
		
		<Token>
			<TokenIdentifier>//apple_ref/occ/instm/CMISAtomLink/initWithRelation:type:href:</TokenIdentifier>
			<Abstract type="html"></Abstract>
			<DeclaredIn>CMISAtomLink.h</DeclaredIn>			
			
			<Declaration>- (id)initWithRelation:(NSString *)rel type:(NSString *)type href:(NSString *)href</Declaration>
			
			
			<Anchor>//api/name/initWithRelation:type:href:</Anchor>
		</Token>
		
	</File>
</Tokens>