<?xml version="1.0" encoding="UTF-8"?>
<Tokens version="1.0">
	<File path="Classes/CMISTypeDefinition.html">
		
		<Token>
			<TokenIdentifier>//apple_ref/occ/cl/CMISTypeDefinition</TokenIdentifier>
			<Abstract type="html"></Abstract>
			<DeclaredIn>CMISTypeDefinition.h</DeclaredIn>
			
			<NodeRef refid="67"/>
		</Token>
		
		
		<Token>
			<TokenIdentifier>//apple_ref/occ/instm/CMISTypeDefinition/setId:</TokenIdentifier>
			<Abstract type="html"></Abstract>
			<DeclaredIn>CMISTypeDefinition.h</DeclaredIn>			
			
			<Declaration>@property (nonatomic, strong) NSString *id</Declaration>
			
			
			<Anchor>//api/name/id</Anchor>
		</Token>
		
		<Token>
			<TokenIdentifier>//apple_ref/occ/instp/CMISTypeDefinition/id</TokenIdentifier>
			<Abstract type="html"></Abstract>
			<DeclaredIn>CMISTypeDefinition.h</DeclaredIn>			
			
			<Declaration>@property (nonatomic, strong) NSString *id</Declaration>
			
			
			<Anchor>//api/name/id</Anchor>
		</Token>
		
		<Token>
			<TokenIdentifier>//apple_ref/occ/instm/CMISTypeDefinition/setLocalName:</TokenIdentifier>
			<Abstract type="html"></Abstract>
			<DeclaredIn>CMISTypeDefinition.h</DeclaredIn>			
			
			<Declaration>@property (nonatomic, strong) NSString *localName</Declaration>
			
			
			<Anchor>//api/name/localName</Anchor>
		</Token>
		
		<Token>
			<TokenIdentifier>//apple_ref/occ/instp/CMISTypeDefinition/localName</TokenIdentifier>
			<Abstract type="html"></Abstract>
			<DeclaredIn>CMISTypeDefinition.h</DeclaredIn>			
			
			<Declaration>@property (nonatomic, strong) NSString *localName</Declaration>
			
			
			<Anchor>//api/name/localName</Anchor>
		</Token>
		
		<Token>
			<TokenIdentifier>//apple_ref/occ/instm/CMISTypeDefinition/setLocalNameSpace:</TokenIdentifier>
			<Abstract type="html"></Abstract>
			<DeclaredIn>CMISTypeDefinition.h</DeclaredIn>			
			
			<Declaration>@property (nonatomic, strong) NSString *localNameSpace</Declaration>
			
			
			<Anchor>//api/name/localNameSpace</Anchor>
		</Token>
		
		<Token>
			<TokenIdentifier>//apple_ref/occ/instp/CMISTypeDefinition/localNameSpace</TokenIdentifier>
			<Abstract type="html"></Abstract>
			<DeclaredIn>CMISTypeDefinition.h</DeclaredIn>			
			
			<Declaration>@property (nonatomic, strong) NSString *localNameSpace</Declaration>
			
			
			<Anchor>//api/name/localNameSpace</Anchor>
		</Token>
		
		<Token>
			<TokenIdentifier>//apple_ref/occ/instm/CMISTypeDefinition/setDisplayName:</TokenIdentifier>
			<Abstract type="html"></Abstract>
			<DeclaredIn>CMISTypeDefinition.h</DeclaredIn>			
			
			<Declaration>@property (nonatomic, strong) NSString *displayName</Declaration>
			
			
			<Anchor>//api/name/displayName</Anchor>
		</Token>
		
		<Token>
			<TokenIdentifier>//apple_ref/occ/instp/CMISTypeDefinition/displayName</TokenIdentifier>
			<Abstract type="html"></Abstract>
			<DeclaredIn>CMISTypeDefinition.h</DeclaredIn>			
			
			<Declaration>@property (nonatomic, strong) NSString *displayName</Declaration>
			
			
			<Anchor>//api/name/displayName</Anchor>
		</Token>
		
		<Token>
			<TokenIdentifier>//apple_ref/occ/instm/CMISTypeDefinition/setQueryName:</TokenIdentifier>
			<Abstract type="html"></Abstract>
			<DeclaredIn>CMISTypeDefinition.h</DeclaredIn>			
			
			<Declaration>@property (nonatomic, strong) NSString *queryName</Declaration>
			
			
			<Anchor>//api/name/queryName</Anchor>
		</Token>
		
		<Token>
			<TokenIdentifier>//apple_ref/occ/instp/CMISTypeDefinition/queryName</TokenIdentifier>
			<Abstract type="html"></Abstract>
			<DeclaredIn>CMISTypeDefinition.h</DeclaredIn>			
			
			<Declaration>@property (nonatomic, strong) NSString *queryName</Declaration>
			
			
			<Anchor>//api/name/queryName</Anchor>
		</Token>
		
		<Token>
			<TokenIdentifier>//apple_ref/occ/instm/CMISTypeDefinition/setDescription:</TokenIdentifier>
			<Abstract type="html"></Abstract>
			<DeclaredIn>CMISTypeDefinition.h</DeclaredIn>			
			
			<Declaration>@property (nonatomic, strong) NSString *description</Declaration>
			
			
			<Anchor>//api/name/description</Anchor>
		</Token>
		
		<Token>
			<TokenIdentifier>//apple_ref/occ/instp/CMISTypeDefinition/description</TokenIdentifier>
			<Abstract type="html"></Abstract>
			<DeclaredIn>CMISTypeDefinition.h</DeclaredIn>			
			
			<Declaration>@property (nonatomic, strong) NSString *description</Declaration>
			
			
			<Anchor>//api/name/description</Anchor>
		</Token>
		
		<Token>
			<TokenIdentifier>//apple_ref/occ/instm/CMISTypeDefinition/setBaseTypeId:</TokenIdentifier>
			<Abstract type="html"></Abstract>
			<DeclaredIn>CMISTypeDefinition.h</DeclaredIn>			
			
			<Declaration>@property (nonatomic, assign) CMISBaseType baseTypeId</Declaration>
			
			
			<Anchor>//api/name/baseTypeId</Anchor>
		</Token>
		
		<Token>
			<TokenIdentifier>//apple_ref/occ/instp/CMISTypeDefinition/baseTypeId</TokenIdentifier>
			<Abstract type="html"></Abstract>
			<DeclaredIn>CMISTypeDefinition.h</DeclaredIn>			
			
			<Declaration>@property (nonatomic, assign) CMISBaseType baseTypeId</Declaration>
			
			
			<Anchor>//api/name/baseTypeId</Anchor>
		</Token>
		
		<Token>
			<TokenIdentifier>//apple_ref/occ/instm/CMISTypeDefinition/setCreatable:</TokenIdentifier>
			<Abstract type="html"></Abstract>
			<DeclaredIn>CMISTypeDefinition.h</DeclaredIn>			
			
			<Declaration>@property (nonatomic, assign, getter=isCreatable) BOOL creatable</Declaration>
			
			
			<Anchor>//api/name/creatable</Anchor>
		</Token>
		
		<Token>
			<TokenIdentifier>//apple_ref/occ/instp/CMISTypeDefinition/creatable</TokenIdentifier>
			<Abstract type="html"></Abstract>
			<DeclaredIn>CMISTypeDefinition.h</DeclaredIn>			
			
			<Declaration>@property (nonatomic, assign, getter=isCreatable) BOOL creatable</Declaration>
			
			
			<Anchor>//api/name/creatable</Anchor>
		</Token>
		
		<Token>
			<TokenIdentifier>//apple_ref/occ/instm/CMISTypeDefinition/setFileable:</TokenIdentifier>
			<Abstract type="html"></Abstract>
			<DeclaredIn>CMISTypeDefinition.h</DeclaredIn>			
			
			<Declaration>@property (nonatomic, assign, getter=isFileable) BOOL fileable</Declaration>
			
			
			<Anchor>//api/name/fileable</Anchor>
		</Token>
		
		<Token>
			<TokenIdentifier>//apple_ref/occ/instp/CMISTypeDefinition/fileable</TokenIdentifier>
			<Abstract type="html"></Abstract>
			<DeclaredIn>CMISTypeDefinition.h</DeclaredIn>			
			
			<Declaration>@property (nonatomic, assign, getter=isFileable) BOOL fileable</Declaration>
			
			
			<Anchor>//api/name/fileable</Anchor>
		</Token>
		
		<Token>
			<TokenIdentifier>//apple_ref/occ/instm/CMISTypeDefinition/setQueryable:</TokenIdentifier>
			<Abstract type="html"></Abstract>
			<DeclaredIn>CMISTypeDefinition.h</DeclaredIn>			
			
			<Declaration>@property (nonatomic, assign, getter=isQueryable) BOOL queryable</Declaration>
			
			
			<Anchor>//api/name/queryable</Anchor>
		</Token>
		
		<Token>
			<TokenIdentifier>//apple_ref/occ/instp/CMISTypeDefinition/queryable</TokenIdentifier>
			<Abstract type="html"></Abstract>
			<DeclaredIn>CMISTypeDefinition.h</DeclaredIn>			
			
			<Declaration>@property (nonatomic, assign, getter=isQueryable) BOOL queryable</Declaration>
			
			
			<Anchor>//api/name/queryable</Anchor>
		</Token>
		
		<Token>
			<TokenIdentifier>//apple_ref/occ/instm/CMISTypeDefinition/setFullTextIndexed:</TokenIdentifier>
			<Abstract type="html"></Abstract>
			<DeclaredIn>CMISTypeDefinition.h</DeclaredIn>			
			
			<Declaration>@property (nonatomic, assign, getter=isFullTextIndexed) BOOL fullTextIndexed</Declaration>
			
			
			<Anchor>//api/name/fullTextIndexed</Anchor>
		</Token>
		
		<Token>
			<TokenIdentifier>//apple_ref/occ/instp/CMISTypeDefinition/fullTextIndexed</TokenIdentifier>
			<Abstract type="html"></Abstract>
			<DeclaredIn>CMISTypeDefinition.h</DeclaredIn>			
			
			<Declaration>@property (nonatomic, assign, getter=isFullTextIndexed) BOOL fullTextIndexed</Declaration>
			
			
			<Anchor>//api/name/fullTextIndexed</Anchor>
		</Token>
		
		<Token>
			<TokenIdentifier>//apple_ref/occ/instm/CMISTypeDefinition/setIncludedInSupertypeQuery:</TokenIdentifier>
			<Abstract type="html"></Abstract>
			<DeclaredIn>CMISTypeDefinition.h</DeclaredIn>			
			
			<Declaration>@property (nonatomic, assign, getter=isIncludedInSupertypeQuery) BOOL includedInSupertypeQuery</Declaration>
			
			
			<Anchor>//api/name/includedInSupertypeQuery</Anchor>
		</Token>
		
		<Token>
			<TokenIdentifier>//apple_ref/occ/instp/CMISTypeDefinition/includedInSupertypeQuery</TokenIdentifier>
			<Abstract type="html"></Abstract>
			<DeclaredIn>CMISTypeDefinition.h</DeclaredIn>			
			
			<Declaration>@property (nonatomic, assign, getter=isIncludedInSupertypeQuery) BOOL includedInSupertypeQuery</Declaration>
			
			
			<Anchor>//api/name/includedInSupertypeQuery</Anchor>
		</Token>
		
		<Token>
			<TokenIdentifier>//apple_ref/occ/instm/CMISTypeDefinition/setControllablePolicy:</TokenIdentifier>
			<Abstract type="html"></Abstract>
			<DeclaredIn>CMISTypeDefinition.h</DeclaredIn>			
			
			<Declaration>@property (nonatomic, assign, getter=isControllablePolicy) BOOL controllablePolicy</Declaration>
			
			
			<Anchor>//api/name/controllablePolicy</Anchor>
		</Token>
		
		<Token>
			<TokenIdentifier>//apple_ref/occ/instp/CMISTypeDefinition/controllablePolicy</TokenIdentifier>
			<Abstract type="html"></Abstract>
			<DeclaredIn>CMISTypeDefinition.h</DeclaredIn>			
			
			<Declaration>@property (nonatomic, assign, getter=isControllablePolicy) BOOL controllablePolicy</Declaration>
			
			
			<Anchor>//api/name/controllablePolicy</Anchor>
		</Token>
		
		<Token>
			<TokenIdentifier>//apple_ref/occ/instm/CMISTypeDefinition/setControllableAcl:</TokenIdentifier>
			<Abstract type="html"></Abstract>
			<DeclaredIn>CMISTypeDefinition.h</DeclaredIn>			
			
			<Declaration>@property (nonatomic, assign, getter=isControllableAcl) BOOL controllableAcl</Declaration>
			
			
			<Anchor>//api/name/controllableAcl</Anchor>
		</Token>
		
		<Token>
			<TokenIdentifier>//apple_ref/occ/instp/CMISTypeDefinition/controllableAcl</TokenIdentifier>
			<Abstract type="html"></Abstract>
			<DeclaredIn>CMISTypeDefinition.h</DeclaredIn>			
			
			<Declaration>@property (nonatomic, assign, getter=isControllableAcl) BOOL controllableAcl</Declaration>
			
			
			<Anchor>//api/name/controllableAcl</Anchor>
		</Token>
		
		<Token>
			<TokenIdentifier>//apple_ref/occ/instm/CMISTypeDefinition/setPropertyDefinitions:</TokenIdentifier>
			<Abstract type="html">Mapping of property id &lt;-&gt; CMISPropertyDefinition</Abstract>
			<DeclaredIn>CMISTypeDefinition.h</DeclaredIn>			
			
			<Declaration>@property (nonatomic, strong, readonly) NSDictionary *propertyDefinitions</Declaration>
			
			
			<Anchor>//api/name/propertyDefinitions</Anchor>
		</Token>
		
		<Token>
			<TokenIdentifier>//apple_ref/occ/instp/CMISTypeDefinition/propertyDefinitions</TokenIdentifier>
			<Abstract type="html">Mapping of property id &lt;-&gt; CMISPropertyDefinition</Abstract>
			<DeclaredIn>CMISTypeDefinition.h</DeclaredIn>			
			
			<Declaration>@property (nonatomic, strong, readonly) NSDictionary *propertyDefinitions</Declaration>
			
			
			<Anchor>//api/name/propertyDefinitions</Anchor>
		</Token>
		
		<Token>
			<TokenIdentifier>//apple_ref/occ/instm/CMISTypeDefinition/addPropertyDefinition:</TokenIdentifier>
			<Abstract type="html">add property definition</Abstract>
			<DeclaredIn>CMISTypeDefinition.h</DeclaredIn>			
			
			<Declaration>- (void)addPropertyDefinition:(CMISPropertyDefinition *)propertyDefinition</Declaration>
			
			
			<Anchor>//api/name/addPropertyDefinition:</Anchor>
		</Token>
		
		<Token>
			<TokenIdentifier>//apple_ref/occ/instm/CMISTypeDefinition/propertyDefinitionForId:</TokenIdentifier>
			<Abstract type="html">retrieve property definition for given property Id</Abstract>
			<DeclaredIn>CMISTypeDefinition.h</DeclaredIn>			
			
			<Declaration>- (CMISPropertyDefinition *)propertyDefinitionForId:(NSString *)propertyId</Declaration>
			
			
			<Anchor>//api/name/propertyDefinitionForId:</Anchor>
		</Token>
		
	</File>
</Tokens>