<?xml version="1.0" encoding="UTF-8"?>
<Tokens version="1.0">
	<File path="Classes/CMISAtomEntryWriter.html">
		
		<Token>
			<TokenIdentifier>//apple_ref/occ/cl/CMISAtomEntryWriter</TokenIdentifier>
			<Abstract type="html"></Abstract>
			<DeclaredIn>CMISAtomEntryWriter.h</DeclaredIn>
			
			<NodeRef refid="5"/>
		</Token>
		
		
		<Token>
			<TokenIdentifier>//apple_ref/occ/instm/CMISAtomEntryWriter/setContentFilePath:</TokenIdentifier>
			<Abstract type="html"></Abstract>
			<DeclaredIn>CMISAtomEntryWriter.h</DeclaredIn>			
			
			<Declaration>@property (nonatomic, strong) NSString *contentFilePath</Declaration>
			
			
			<Anchor>//api/name/contentFilePath</Anchor>
		</Token>
		
		<Token>
			<TokenIdentifier>//apple_ref/occ/instp/CMISAtomEntryWriter/contentFilePath</TokenIdentifier>
			<Abstract type="html"></Abstract>
			<DeclaredIn>CMISAtomEntryWriter.h</DeclaredIn>			
			
			<Declaration>@property (nonatomic, strong) NSString *contentFilePath</Declaration>
			
			
			<Anchor>//api/name/contentFilePath</Anchor>
		</Token>
		
		<Token>
			<TokenIdentifier>//apple_ref/occ/instm/CMISAtomEntryWriter/setInputStream:</TokenIdentifier>
			<Abstract type="html"></Abstract>
			<DeclaredIn>CMISAtomEntryWriter.h</DeclaredIn>			
			
			<Declaration>@property (nonatomic, strong) NSInputStream *inputStream</Declaration>
			
			
			<Anchor>//api/name/inputStream</Anchor>
		</Token>
		
		<Token>
			<TokenIdentifier>//apple_ref/occ/instp/CMISAtomEntryWriter/inputStream</TokenIdentifier>
			<Abstract type="html"></Abstract>
			<DeclaredIn>CMISAtomEntryWriter.h</DeclaredIn>			
			
			<Declaration>@property (nonatomic, strong) NSInputStream *inputStream</Declaration>
			
			
			<Anchor>//api/name/inputStream</Anchor>
		</Token>
		
		<Token>
			<TokenIdentifier>//apple_ref/occ/instm/CMISAtomEntryWriter/setMimeType:</TokenIdentifier>
			<Abstract type="html"></Abstract>
			<DeclaredIn>CMISAtomEntryWriter.h</DeclaredIn>			
			
			<Declaration>@property (nonatomic, strong) NSString *mimeType</Declaration>
			
			
			<Anchor>//api/name/mimeType</Anchor>
		</Token>
		
		<Token>
			<TokenIdentifier>//apple_ref/occ/instp/CMISAtomEntryWriter/mimeType</TokenIdentifier>
			<Abstract type="html"></Abstract>
			<DeclaredIn>CMISAtomEntryWriter.h</DeclaredIn>			
			
			<Declaration>@property (nonatomic, strong) NSString *mimeType</Declaration>
			
			
			<Anchor>//api/name/mimeType</Anchor>
		</Token>
		
		<Token>
			<TokenIdentifier>//apple_ref/occ/instm/CMISAtomEntryWriter/setCmisProperties:</TokenIdentifier>
			<Abstract type="html"></Abstract>
			<DeclaredIn>CMISAtomEntryWriter.h</DeclaredIn>			
			
			<Declaration>@property (nonatomic, strong) CMISProperties *cmisProperties</Declaration>
			
			
			<Anchor>//api/name/cmisProperties</Anchor>
		</Token>
		
		<Token>
			<TokenIdentifier>//apple_ref/occ/instp/CMISAtomEntryWriter/cmisProperties</TokenIdentifier>
			<Abstract type="html"></Abstract>
			<DeclaredIn>CMISAtomEntryWriter.h</DeclaredIn>			
			
			<Declaration>@property (nonatomic, strong) CMISProperties *cmisProperties</Declaration>
			
			
			<Anchor>//api/name/cmisProperties</Anchor>
		</Token>
		
		<Token>
			<TokenIdentifier>//apple_ref/occ/instm/CMISAtomEntryWriter/setGenerateXmlInMemory:</TokenIdentifier>
			<Abstract type="html">If YES: the xml will be created and stored fully in-memory.
If NO: the xml will be streamed to a file on disk.</Abstract>
			<DeclaredIn>CMISAtomEntryWriter.h</DeclaredIn>			
			
			<Declaration>@property BOOL generateXmlInMemory</Declaration>
			
			
			<Anchor>//api/name/generateXmlInMemory</Anchor>
		</Token>
		
		<Token>
			<TokenIdentifier>//apple_ref/occ/instp/CMISAtomEntryWriter/generateXmlInMemory</TokenIdentifier>
			<Abstract type="html">If YES: the xml will be created and stored fully in-memory.
If NO: the xml will be streamed to a file on disk.</Abstract>
			<DeclaredIn>CMISAtomEntryWriter.h</DeclaredIn>			
			
			<Declaration>@property BOOL generateXmlInMemory</Declaration>
			
			
			<Anchor>//api/name/generateXmlInMemory</Anchor>
		</Token>
		
		<Token>
			<TokenIdentifier>//apple_ref/occ/instm/CMISAtomEntryWriter/generateAtomEntryXml</TokenIdentifier>
			<Abstract type="html">Generates the atom entry XML for the given properties on this class.</Abstract>
			<DeclaredIn>CMISAtomEntryWriter.h</DeclaredIn>			
			
			<Declaration>- (NSString *)generateAtomEntryXml</Declaration>
			
			
			<Anchor>//api/name/generateAtomEntryXml</Anchor>
		</Token>
		
		<Token>
			<TokenIdentifier>//apple_ref/occ/instm/CMISAtomEntryWriter/xmlStartElement</TokenIdentifier>
			<Abstract type="html"></Abstract>
			<DeclaredIn>CMISAtomEntryWriter.h</DeclaredIn>			
			
			<Declaration>- (NSString *)xmlStartElement</Declaration>
			
			
			<Anchor>//api/name/xmlStartElement</Anchor>
		</Token>
		
		<Token>
			<TokenIdentifier>//apple_ref/occ/instm/CMISAtomEntryWriter/xmlContentStartElement</TokenIdentifier>
			<Abstract type="html"></Abstract>
			<DeclaredIn>CMISAtomEntryWriter.h</DeclaredIn>			
			
			<Declaration>- (NSString *)xmlContentStartElement</Declaration>
			
			
			<Anchor>//api/name/xmlContentStartElement</Anchor>
		</Token>
		
		<Token>
			<TokenIdentifier>//apple_ref/occ/instm/CMISAtomEntryWriter/xmlContentEndElement</TokenIdentifier>
			<Abstract type="html"></Abstract>
			<DeclaredIn>CMISAtomEntryWriter.h</DeclaredIn>			
			
			<Declaration>- (NSString *)xmlContentEndElement</Declaration>
			
			
			<Anchor>//api/name/xmlContentEndElement</Anchor>
		</Token>
		
		<Token>
			<TokenIdentifier>//apple_ref/occ/instm/CMISAtomEntryWriter/xmlPropertiesElements</TokenIdentifier>
			<Abstract type="html"></Abstract>
			<DeclaredIn>CMISAtomEntryWriter.h</DeclaredIn>			
			
			<Declaration>- (NSString *)xmlPropertiesElements</Declaration>
			
			
			<Anchor>//api/name/xmlPropertiesElements</Anchor>
		</Token>
		
	</File>
</Tokens>