<?xml version="1.0" encoding="UTF-8"?>
<Tokens version="1.0">
	<File path="Protocols/CMISBinding.html">
		
		<Token>
			<TokenIdentifier>//apple_ref/occ/intf/CMISBinding</TokenIdentifier>
			<Abstract type="html"></Abstract>
			<DeclaredIn>CMISBinding.h</DeclaredIn>
			
			<NodeRef refid="76"/>
		</Token>
		
		
		<Token>
			<TokenIdentifier>//apple_ref/occ/intfm/CMISBinding/setAclService:</TokenIdentifier>
			<Abstract type="html"></Abstract>
			<DeclaredIn>CMISBinding.h</DeclaredIn>			
			
			<Declaration>@property (nonatomic, strong, readonly) id&lt;CMISAclService&gt; aclService</Declaration>
			
			
			<Anchor>//api/name/aclService</Anchor>
		</Token>
		
		<Token>
			<TokenIdentifier>//apple_ref/occ/intfp/CMISBinding/aclService</TokenIdentifier>
			<Abstract type="html"></Abstract>
			<DeclaredIn>CMISBinding.h</DeclaredIn>			
			
			<Declaration>@property (nonatomic, strong, readonly) id&lt;CMISAclService&gt; aclService</Declaration>
			
			
			<Anchor>//api/name/aclService</Anchor>
		</Token>
		
		<Token>
			<TokenIdentifier>//apple_ref/occ/intfm/CMISBinding/setDiscoveryService:</TokenIdentifier>
			<Abstract type="html"></Abstract>
			<DeclaredIn>CMISBinding.h</DeclaredIn>			
			
			<Declaration>@property (nonatomic, strong, readonly) id&lt;CMISDiscoveryService&gt; discoveryService</Declaration>
			
			
			<Anchor>//api/name/discoveryService</Anchor>
		</Token>
		
		<Token>
			<TokenIdentifier>//apple_ref/occ/intfp/CMISBinding/discoveryService</TokenIdentifier>
			<Abstract type="html"></Abstract>
			<DeclaredIn>CMISBinding.h</DeclaredIn>			
			
			<Declaration>@property (nonatomic, strong, readonly) id&lt;CMISDiscoveryService&gt; discoveryService</Declaration>
			
			
			<Anchor>//api/name/discoveryService</Anchor>
		</Token>
		
		<Token>
			<TokenIdentifier>//apple_ref/occ/intfm/CMISBinding/setMultiFilingService:</TokenIdentifier>
			<Abstract type="html"></Abstract>
			<DeclaredIn>CMISBinding.h</DeclaredIn>			
			
			<Declaration>@property (nonatomic, strong, readonly) id&lt;CMISMultiFilingService&gt; multiFilingService</Declaration>
			
			
			<Anchor>//api/name/multiFilingService</Anchor>
		</Token>
		
		<Token>
			<TokenIdentifier>//apple_ref/occ/intfp/CMISBinding/multiFilingService</TokenIdentifier>
			<Abstract type="html"></Abstract>
			<DeclaredIn>CMISBinding.h</DeclaredIn>			
			
			<Declaration>@property (nonatomic, strong, readonly) id&lt;CMISMultiFilingService&gt; multiFilingService</Declaration>
			
			
			<Anchor>//api/name/multiFilingService</Anchor>
		</Token>
		
		<Token>
			<TokenIdentifier>//apple_ref/occ/intfm/CMISBinding/setObjectService:</TokenIdentifier>
			<Abstract type="html"></Abstract>
			<DeclaredIn>CMISBinding.h</DeclaredIn>			
			
			<Declaration>@property (nonatomic, strong, readonly) id&lt;CMISObjectService&gt; objectService</Declaration>
			
			
			<Anchor>//api/name/objectService</Anchor>
		</Token>
		
		<Token>
			<TokenIdentifier>//apple_ref/occ/intfp/CMISBinding/objectService</TokenIdentifier>
			<Abstract type="html"></Abstract>
			<DeclaredIn>CMISBinding.h</DeclaredIn>			
			
			<Declaration>@property (nonatomic, strong, readonly) id&lt;CMISObjectService&gt; objectService</Declaration>
			
			
			<Anchor>//api/name/objectService</Anchor>
		</Token>
		
		<Token>
			<TokenIdentifier>//apple_ref/occ/intfm/CMISBinding/setPolicyService:</TokenIdentifier>
			<Abstract type="html"></Abstract>
			<DeclaredIn>CMISBinding.h</DeclaredIn>			
			
			<Declaration>@property (nonatomic, strong, readonly) id&lt;CMISPolicyService&gt; policyService</Declaration>
			
			
			<Anchor>//api/name/policyService</Anchor>
		</Token>
		
		<Token>
			<TokenIdentifier>//apple_ref/occ/intfp/CMISBinding/policyService</TokenIdentifier>
			<Abstract type="html"></Abstract>
			<DeclaredIn>CMISBinding.h</DeclaredIn>			
			
			<Declaration>@property (nonatomic, strong, readonly) id&lt;CMISPolicyService&gt; policyService</Declaration>
			
			
			<Anchor>//api/name/policyService</Anchor>
		</Token>
		
		<Token>
			<TokenIdentifier>//apple_ref/occ/intfm/CMISBinding/setRelationshipService:</TokenIdentifier>
			<Abstract type="html"></Abstract>
			<DeclaredIn>CMISBinding.h</DeclaredIn>			
			
			<Declaration>@property (nonatomic, strong, readonly) id&lt;CMISRelationshipService&gt; relationshipService</Declaration>
			
			
			<Anchor>//api/name/relationshipService</Anchor>
		</Token>
		
		<Token>
			<TokenIdentifier>//apple_ref/occ/intfp/CMISBinding/relationshipService</TokenIdentifier>
			<Abstract type="html"></Abstract>
			<DeclaredIn>CMISBinding.h</DeclaredIn>			
			
			<Declaration>@property (nonatomic, strong, readonly) id&lt;CMISRelationshipService&gt; relationshipService</Declaration>
			
			
			<Anchor>//api/name/relationshipService</Anchor>
		</Token>
		
		<Token>
			<TokenIdentifier>//apple_ref/occ/intfm/CMISBinding/setRepositoryService:</TokenIdentifier>
			<Abstract type="html"></Abstract>
			<DeclaredIn>CMISBinding.h</DeclaredIn>			
			
			<Declaration>@property (nonatomic, strong, readonly) id&lt;CMISRepositoryService&gt; repositoryService</Declaration>
			
			
			<Anchor>//api/name/repositoryService</Anchor>
		</Token>
		
		<Token>
			<TokenIdentifier>//apple_ref/occ/intfp/CMISBinding/repositoryService</TokenIdentifier>
			<Abstract type="html"></Abstract>
			<DeclaredIn>CMISBinding.h</DeclaredIn>			
			
			<Declaration>@property (nonatomic, strong, readonly) id&lt;CMISRepositoryService&gt; repositoryService</Declaration>
			
			
			<Anchor>//api/name/repositoryService</Anchor>
		</Token>
		
		<Token>
			<TokenIdentifier>//apple_ref/occ/intfm/CMISBinding/setNavigationService:</TokenIdentifier>
			<Abstract type="html"></Abstract>
			<DeclaredIn>CMISBinding.h</DeclaredIn>			
			
			<Declaration>@property (nonatomic, strong, readonly) id&lt;CMISNavigationService&gt; navigationService</Declaration>
			
			
			<Anchor>//api/name/navigationService</Anchor>
		</Token>
		
		<Token>
			<TokenIdentifier>//apple_ref/occ/intfp/CMISBinding/navigationService</TokenIdentifier>
			<Abstract type="html"></Abstract>
			<DeclaredIn>CMISBinding.h</DeclaredIn>			
			
			<Declaration>@property (nonatomic, strong, readonly) id&lt;CMISNavigationService&gt; navigationService</Declaration>
			
			
			<Anchor>//api/name/navigationService</Anchor>
		</Token>
		
		<Token>
			<TokenIdentifier>//apple_ref/occ/intfm/CMISBinding/setVersioningService:</TokenIdentifier>
			<Abstract type="html"></Abstract>
			<DeclaredIn>CMISBinding.h</DeclaredIn>			
			
			<Declaration>@property (nonatomic, strong, readonly) id&lt;CMISVersioningService&gt; versioningService</Declaration>
			
			
			<Anchor>//api/name/versioningService</Anchor>
		</Token>
		
		<Token>
			<TokenIdentifier>//apple_ref/occ/intfp/CMISBinding/versioningService</TokenIdentifier>
			<Abstract type="html"></Abstract>
			<DeclaredIn>CMISBinding.h</DeclaredIn>			
			
			<Declaration>@property (nonatomic, strong, readonly) id&lt;CMISVersioningService&gt; versioningService</Declaration>
			
			
			<Anchor>//api/name/versioningService</Anchor>
		</Token>
		
		<Token>
			<TokenIdentifier>//apple_ref/occ/intfm/CMISBinding/close</TokenIdentifier>
			<Abstract type="html">closes the session</Abstract>
			<DeclaredIn>CMISBinding.h</DeclaredIn>			
			
			<Declaration>- (void)close</Declaration>
			
			
			<Anchor>//api/name/close</Anchor>
		</Token>
		
		<Token>
			<TokenIdentifier>//apple_ref/occ/intfm/CMISBinding/clearAllCaches</TokenIdentifier>
			<Abstract type="html">clears the cache from the session</Abstract>
			<DeclaredIn>CMISBinding.h</DeclaredIn>			
			
			<Declaration>- (void)clearAllCaches</Declaration>
			
			
			<Anchor>//api/name/clearAllCaches</Anchor>
		</Token>
		
		<Token>
			<TokenIdentifier>//apple_ref/occ/intfm/CMISBinding/clearCacheForRepositoryId:</TokenIdentifier>
			<Abstract type="html">clears the repository cache from the session
@param repositoryId</Abstract>
			<DeclaredIn>CMISBinding.h</DeclaredIn>			
			
			<Declaration>- (void)clearCacheForRepositoryId:(NSString *)repositoryId</Declaration>
			
			
			<Anchor>//api/name/clearCacheForRepositoryId:</Anchor>
		</Token>
		
	</File>
</Tokens>