<?xml version="1.0" encoding="UTF-8"?>
<Tokens version="1.0">
	<File path="Protocols/CMISDiscoveryService.html">
		
		<Token>
			<TokenIdentifier>//apple_ref/occ/intf/CMISDiscoveryService</TokenIdentifier>
			<Abstract type="html"></Abstract>
			<DeclaredIn>CMISDiscoveryService.h</DeclaredIn>
			
			<NodeRef refid="78"/>
		</Token>
		
		
		<Token>
			<TokenIdentifier>//apple_ref/occ/intfm/CMISDiscoveryService/query:searchAllVersions:relationships:renditionFilter:includeAllowableActions:maxItems:skipCount:completionBlock:</TokenIdentifier>
			<Abstract type="html">launches a query on the server with the parameters specified
completionBlock returns the found object list or nil if unsuccessful</Abstract>
			<DeclaredIn>CMISDiscoveryService.h</DeclaredIn>			
			
			<Declaration>- (CMISRequest *)query:(NSString *)statement searchAllVersions:(BOOL)searchAllVersions relationships:(CMISIncludeRelationship)relationships renditionFilter:(NSString *)renditionFilter includeAllowableActions:(BOOL)includeAllowableActions maxItems:(NSNumber *)maxItems skipCount:(NSNumber *)skipCount completionBlock:(void ( ^ ) ( CMISObjectList *objectList , NSError *error ))completionBlock</Declaration>
			
			
			<Anchor>//api/name/query:searchAllVersions:relationships:renditionFilter:includeAllowableActions:maxItems:skipCount:completionBlock:</Anchor>
		</Token>
		
	</File>
</Tokens>