<?xml version="1.0" encoding="UTF-8"?>
<Tokens version="1.0">
	<File path="Classes/CMISObjectData.html">
		
		<Token>
			<TokenIdentifier>//apple_ref/occ/cl/CMISObjectData</TokenIdentifier>
			<Abstract type="html"></Abstract>
			<DeclaredIn>CMISObjectData.h</DeclaredIn>
			
			<NodeRef refid="45"/>
		</Token>
		
		
		<Token>
			<TokenIdentifier>//apple_ref/occ/instm/CMISObjectData/setIdentifier:</TokenIdentifier>
			<Abstract type="html"></Abstract>
			<DeclaredIn>CMISObjectData.h</DeclaredIn>			
			
			<Declaration>@property (nonatomic, strong) NSString *identifier</Declaration>
			
			
			<Anchor>//api/name/identifier</Anchor>
		</Token>
		
		<Token>
			<TokenIdentifier>//apple_ref/occ/instp/CMISObjectData/identifier</TokenIdentifier>
			<Abstract type="html"></Abstract>
			<DeclaredIn>CMISObjectData.h</DeclaredIn>			
			
			<Declaration>@property (nonatomic, strong) NSString *identifier</Declaration>
			
			
			<Anchor>//api/name/identifier</Anchor>
		</Token>
		
		<Token>
			<TokenIdentifier>//apple_ref/occ/instm/CMISObjectData/setBaseType:</TokenIdentifier>
			<Abstract type="html"></Abstract>
			<DeclaredIn>CMISObjectData.h</DeclaredIn>			
			
			<Declaration>@property (nonatomic, assign) CMISBaseType baseType</Declaration>
			
			
			<Anchor>//api/name/baseType</Anchor>
		</Token>
		
		<Token>
			<TokenIdentifier>//apple_ref/occ/instp/CMISObjectData/baseType</TokenIdentifier>
			<Abstract type="html"></Abstract>
			<DeclaredIn>CMISObjectData.h</DeclaredIn>			
			
			<Declaration>@property (nonatomic, assign) CMISBaseType baseType</Declaration>
			
			
			<Anchor>//api/name/baseType</Anchor>
		</Token>
		
		<Token>
			<TokenIdentifier>//apple_ref/occ/instm/CMISObjectData/setProperties:</TokenIdentifier>
			<Abstract type="html"></Abstract>
			<DeclaredIn>CMISObjectData.h</DeclaredIn>			
			
			<Declaration>@property (nonatomic, strong) CMISProperties *properties</Declaration>
			
			
			<Anchor>//api/name/properties</Anchor>
		</Token>
		
		<Token>
			<TokenIdentifier>//apple_ref/occ/instp/CMISObjectData/properties</TokenIdentifier>
			<Abstract type="html"></Abstract>
			<DeclaredIn>CMISObjectData.h</DeclaredIn>			
			
			<Declaration>@property (nonatomic, strong) CMISProperties *properties</Declaration>
			
			
			<Anchor>//api/name/properties</Anchor>
		</Token>
		
		<Token>
			<TokenIdentifier>//apple_ref/occ/instm/CMISObjectData/setLinkRelations:</TokenIdentifier>
			<Abstract type="html"></Abstract>
			<DeclaredIn>CMISObjectData.h</DeclaredIn>			
			
			<Declaration>@property (nonatomic, strong) CMISLinkRelations *linkRelations</Declaration>
			
			
			<Anchor>//api/name/linkRelations</Anchor>
		</Token>
		
		<Token>
			<TokenIdentifier>//apple_ref/occ/instp/CMISObjectData/linkRelations</TokenIdentifier>
			<Abstract type="html"></Abstract>
			<DeclaredIn>CMISObjectData.h</DeclaredIn>			
			
			<Declaration>@property (nonatomic, strong) CMISLinkRelations *linkRelations</Declaration>
			
			
			<Anchor>//api/name/linkRelations</Anchor>
		</Token>
		
		<Token>
			<TokenIdentifier>//apple_ref/occ/instm/CMISObjectData/setContentUrl:</TokenIdentifier>
			<Abstract type="html"></Abstract>
			<DeclaredIn>CMISObjectData.h</DeclaredIn>			
			
			<Declaration>@property (nonatomic, strong) NSURL *contentUrl</Declaration>
			
			
			<Anchor>//api/name/contentUrl</Anchor>
		</Token>
		
		<Token>
			<TokenIdentifier>//apple_ref/occ/instp/CMISObjectData/contentUrl</TokenIdentifier>
			<Abstract type="html"></Abstract>
			<DeclaredIn>CMISObjectData.h</DeclaredIn>			
			
			<Declaration>@property (nonatomic, strong) NSURL *contentUrl</Declaration>
			
			
			<Anchor>//api/name/contentUrl</Anchor>
		</Token>
		
		<Token>
			<TokenIdentifier>//apple_ref/occ/instm/CMISObjectData/setAllowableActions:</TokenIdentifier>
			<Abstract type="html"></Abstract>
			<DeclaredIn>CMISObjectData.h</DeclaredIn>			
			
			<Declaration>@property (nonatomic, strong) CMISAllowableActions *allowableActions</Declaration>
			
			
			<Anchor>//api/name/allowableActions</Anchor>
		</Token>
		
		<Token>
			<TokenIdentifier>//apple_ref/occ/instp/CMISObjectData/allowableActions</TokenIdentifier>
			<Abstract type="html"></Abstract>
			<DeclaredIn>CMISObjectData.h</DeclaredIn>			
			
			<Declaration>@property (nonatomic, strong) CMISAllowableActions *allowableActions</Declaration>
			
			
			<Anchor>//api/name/allowableActions</Anchor>
		</Token>
		
		<Token>
			<TokenIdentifier>//apple_ref/occ/instm/CMISObjectData/setRenditions:</TokenIdentifier>
			<Abstract type="html"></Abstract>
			<DeclaredIn>CMISObjectData.h</DeclaredIn>			
			
			<Declaration>@property (nonatomic, strong) NSArray *renditions</Declaration>
			
			
			<Anchor>//api/name/renditions</Anchor>
		</Token>
		
		<Token>
			<TokenIdentifier>//apple_ref/occ/instp/CMISObjectData/renditions</TokenIdentifier>
			<Abstract type="html"></Abstract>
			<DeclaredIn>CMISObjectData.h</DeclaredIn>			
			
			<Declaration>@property (nonatomic, strong) NSArray *renditions</Declaration>
			
			
			<Anchor>//api/name/renditions</Anchor>
		</Token>
		
	</File>
</Tokens>