<?xml version="1.0" encoding="UTF-8"?>
<Tokens version="1.0">
	<File path="Protocols/CMISObjectService.html">
		
		<Token>
			<TokenIdentifier>//apple_ref/occ/intf/CMISObjectService</TokenIdentifier>
			<Abstract type="html"></Abstract>
			<DeclaredIn>CMISObjectService.h</DeclaredIn>
			
			<NodeRef refid="82"/>
		</Token>
		
		
		<Token>
			<TokenIdentifier>//apple_ref/occ/intfm/CMISObjectService/retrieveObject:filter:relationships:includePolicyIds:renditionFilder:includeACL:includeAllowableActions:completionBlock:</TokenIdentifier>
			<Abstract type="html">Retrieves the object with the given object identifier.
completionBlock returns objectData for object or nil if unsuccessful</Abstract>
			<DeclaredIn>CMISObjectService.h</DeclaredIn>			
			
			<Declaration>- (CMISRequest *)retrieveObject:(NSString *)objectId filter:(NSString *)filter relationships:(CMISIncludeRelationship)relationships includePolicyIds:(BOOL)includePolicyIds renditionFilder:(NSString *)renditionFilter includeACL:(BOOL)includeACL includeAllowableActions:(BOOL)includeAllowableActions completionBlock:(void ( ^ ) ( CMISObjectData *objectData , NSError *error ))completionBlock</Declaration>
			
			
			<Anchor>//api/name/retrieveObject:filter:relationships:includePolicyIds:renditionFilder:includeACL:includeAllowableActions:completionBlock:</Anchor>
		</Token>
		
		<Token>
			<TokenIdentifier>//apple_ref/occ/intfm/CMISObjectService/retrieveObjectByPath:filter:relationships:includePolicyIds:renditionFilder:includeACL:includeAllowableActions:completionBlock:</TokenIdentifier>
			<Abstract type="html">Retrieves an object using its path.
completionBlock returns objectData for object or nil if unsuccessful</Abstract>
			<DeclaredIn>CMISObjectService.h</DeclaredIn>			
			
			<Declaration>- (CMISRequest *)retrieveObjectByPath:(NSString *)path filter:(NSString *)filter relationships:(CMISIncludeRelationship)relationships includePolicyIds:(BOOL)includePolicyIds renditionFilder:(NSString *)renditionFilter includeACL:(BOOL)includeACL includeAllowableActions:(BOOL)includeAllowableActions completionBlock:(void ( ^ ) ( CMISObjectData *objectData , NSError *error ))completionBlock</Declaration>
			
			
			<Anchor>//api/name/retrieveObjectByPath:filter:relationships:includePolicyIds:renditionFilder:includeACL:includeAllowableActions:completionBlock:</Anchor>
		</Token>
		
		<Token>
			<TokenIdentifier>//apple_ref/occ/intfm/CMISObjectService/downloadContentOfObject:streamId:toFile:completionBlock:progressBlock:</TokenIdentifier>
			<Abstract type="html">Gets the content stream for the specified Document object, or gets a rendition stream for a specified
rendition of a document or folder object. Downloads the content to a local file.
completionBlock returns objectData for object or nil if unsuccessful</Abstract>
			<DeclaredIn>CMISObjectService.h</DeclaredIn>			
			
			<Declaration>- (CMISRequest *)downloadContentOfObject:(NSString *)objectId streamId:(NSString *)streamId toFile:(NSString *)filePath completionBlock:(void ( ^ ) ( NSError *error ))completionBlock progressBlock:(void ( ^ ) ( unsigned long long bytesDownloaded , unsigned long long bytesTotal ))progressBlock</Declaration>
			
			
			<Anchor>//api/name/downloadContentOfObject:streamId:toFile:completionBlock:progressBlock:</Anchor>
		</Token>
		
		<Token>
			<TokenIdentifier>//apple_ref/occ/intfm/CMISObjectService/downloadContentOfObject:streamId:toOutputStream:completionBlock:progressBlock:</TokenIdentifier>
			<Abstract type="html">Gets the content stream for the specified Document object, or gets a rendition stream for a specified
rendition of a document or folder object. Downloads the content to an output stream.
completionBlock returns objectData for object or nil if unsuccessful</Abstract>
			<DeclaredIn>CMISObjectService.h</DeclaredIn>			
			
			<Declaration>- (CMISRequest *)downloadContentOfObject:(NSString *)objectId streamId:(NSString *)streamId toOutputStream:(NSOutputStream *)outputStream completionBlock:(void ( ^ ) ( NSError *error ))completionBlock progressBlock:(void ( ^ ) ( unsigned long long bytesDownloaded , unsigned long long bytesTotal ))progressBlock</Declaration>
			
			
			<Anchor>//api/name/downloadContentOfObject:streamId:toOutputStream:completionBlock:progressBlock:</Anchor>
		</Token>
		
		<Token>
			<TokenIdentifier>//apple_ref/occ/intfm/CMISObjectService/deleteContentOfObject:changeToken:completionBlock:</TokenIdentifier>
			<Abstract type="html">Deletes the content stream for the specified document object.</Abstract>
			<DeclaredIn>CMISObjectService.h</DeclaredIn>			
			
			<Declaration>- (CMISRequest *)deleteContentOfObject:(CMISStringInOutParameter *)objectIdParam changeToken:(CMISStringInOutParameter *)changeTokenParam completionBlock:(void ( ^ ) ( NSError *error ))completionBlock</Declaration>
			
			
			<Anchor>//api/name/deleteContentOfObject:changeToken:completionBlock:</Anchor>
		</Token>
		
		<Token>
			<TokenIdentifier>//apple_ref/occ/intfm/CMISObjectService/changeContentOfObject:toContentOfFile:mimeType:overwriteExisting:changeToken:completionBlock:progressBlock:</TokenIdentifier>
			<Abstract type="html">Changes the content of the given document to the content of a given file.</Abstract>
			<DeclaredIn>CMISObjectService.h</DeclaredIn>			
			
			<Declaration>- (CMISRequest *)changeContentOfObject:(CMISStringInOutParameter *)objectIdParam toContentOfFile:(NSString *)filePath mimeType:(NSString *)mimeType overwriteExisting:(BOOL)overwrite changeToken:(CMISStringInOutParameter *)changeTokenParam completionBlock:(void ( ^ ) ( NSError *error ))completionBlock progressBlock:(void ( ^ ) ( unsigned long long bytesUploaded , unsigned long long bytesTotal ))progressBlock</Declaration>
			
			
			<Anchor>//api/name/changeContentOfObject:toContentOfFile:mimeType:overwriteExisting:changeToken:completionBlock:progressBlock:</Anchor>
		</Token>
		
		<Token>
			<TokenIdentifier>//apple_ref/occ/intfm/CMISObjectService/changeContentOfObject:toContentOfInputStream:bytesExpected:filename:mimeType:overwriteExisting:changeToken:completionBlock:progressBlock:</TokenIdentifier>
			<Abstract type="html">Changes the content of the given document to the content from a give input stream.</Abstract>
			<DeclaredIn>CMISObjectService.h</DeclaredIn>			
			
			<Declaration>- (CMISRequest *)changeContentOfObject:(CMISStringInOutParameter *)objectId toContentOfInputStream:(NSInputStream *)inputStream bytesExpected:(unsigned long long)bytesExpected filename:(NSString *)filename mimeType:(NSString *)mimeType overwriteExisting:(BOOL)overwrite changeToken:(CMISStringInOutParameter *)changeToken completionBlock:(void ( ^ ) ( NSError *error ))completionBlock progressBlock:(void ( ^ ) ( unsigned long long bytesUploaded , unsigned long long bytesTotal ))progressBlock</Declaration>
			
			
			<Anchor>//api/name/changeContentOfObject:toContentOfInputStream:bytesExpected:filename:mimeType:overwriteExisting:changeToken:completionBlock:progressBlock:</Anchor>
		</Token>
		
		<Token>
			<TokenIdentifier>//apple_ref/occ/intfm/CMISObjectService/createDocumentFromFilePath:mimeType:properties:inFolder:completionBlock:progressBlock:</TokenIdentifier>
			<Abstract type="html">uploads the file from the given path to the given folder.</Abstract>
			<DeclaredIn>CMISObjectService.h</DeclaredIn>			
			
			<Declaration>- (CMISRequest *)createDocumentFromFilePath:(NSString *)filePath mimeType:(NSString *)mimeType properties:(CMISProperties *)properties inFolder:(NSString *)folderObjectId completionBlock:(void ( ^ ) ( NSString *objectId , NSError *error ))completionBlock progressBlock:(void ( ^ ) ( unsigned long long bytesUploaded , unsigned long long bytesTotal ))progressBlock</Declaration>
			
			
			<Anchor>//api/name/createDocumentFromFilePath:mimeType:properties:inFolder:completionBlock:progressBlock:</Anchor>
		</Token>
		
		<Token>
			<TokenIdentifier>//apple_ref/occ/intfm/CMISObjectService/createDocumentFromInputStream:mimeType:properties:inFolder:bytesExpected:completionBlock:progressBlock:</TokenIdentifier>
			<Abstract type="html">uploads the file from the given input stream to the given folder.</Abstract>
			<DeclaredIn>CMISObjectService.h</DeclaredIn>			
			
			<Declaration>- (CMISRequest *)createDocumentFromInputStream:(NSInputStream *)inputStream mimeType:(NSString *)mimeType properties:(CMISProperties *)properties inFolder:(NSString *)folderObjectId bytesExpected:(unsigned long long)bytesExpected completionBlock:(void ( ^ ) ( NSString *objectId , NSError *error ))completionBlock progressBlock:(void ( ^ ) ( unsigned long long bytesUploaded , unsigned long long bytesTotal ))progressBlock</Declaration>
			
			
			<Anchor>//api/name/createDocumentFromInputStream:mimeType:properties:inFolder:bytesExpected:completionBlock:progressBlock:</Anchor>
		</Token>
		
		<Token>
			<TokenIdentifier>//apple_ref/occ/intfm/CMISObjectService/deleteObject:allVersions:completionBlock:</TokenIdentifier>
			<Abstract type="html">Deletes the given object.</Abstract>
			<DeclaredIn>CMISObjectService.h</DeclaredIn>			
			
			<Declaration>- (CMISRequest *)deleteObject:(NSString *)objectId allVersions:(BOOL)allVersions completionBlock:(void ( ^ ) ( BOOL objectDeleted , NSError *error ))completionBlock</Declaration>
			
			
			<Anchor>//api/name/deleteObject:allVersions:completionBlock:</Anchor>
		</Token>
		
		<Token>
			<TokenIdentifier>//apple_ref/occ/intfm/CMISObjectService/createFolderInParentFolder:properties:completionBlock:</TokenIdentifier>
			<Abstract type="html">Creates a new folder with given properties under the provided parent folder.
completionBlock returns objectId for the newly created folder or nil if unsuccessful</Abstract>
			<DeclaredIn>CMISObjectService.h</DeclaredIn>			
			
			<Declaration>- (CMISRequest *)createFolderInParentFolder:(NSString *)folderObjectId properties:(CMISProperties *)properties completionBlock:(void ( ^ ) ( NSString *objectId , NSError *error ))completionBlock</Declaration>
			
			
			<Anchor>//api/name/createFolderInParentFolder:properties:completionBlock:</Anchor>
		</Token>
		
		<Token>
			<TokenIdentifier>//apple_ref/occ/intfm/CMISObjectService/deleteTree:allVersion:unfileObjects:continueOnFailure:completionBlock:</TokenIdentifier>
			<Abstract type="html">Deletes the given folder and all of its subfolder and files</Abstract>
			<DeclaredIn>CMISObjectService.h</DeclaredIn>			
			
			<Declaration>- (CMISRequest *)deleteTree:(NSString *)folderObjectId allVersion:(BOOL)allVersions unfileObjects:(CMISUnfileObject)unfileObjects continueOnFailure:(BOOL)continueOnFailure completionBlock:(void ( ^ ) ( NSArray *failedObjects , NSError *error ))completionBlock</Declaration>
			
			
			<Anchor>//api/name/deleteTree:allVersion:unfileObjects:continueOnFailure:completionBlock:</Anchor>
		</Token>
		
		<Token>
			<TokenIdentifier>//apple_ref/occ/intfm/CMISObjectService/updatePropertiesForObject:properties:changeToken:completionBlock:</TokenIdentifier>
			<Abstract type="html">Updates the properties of the given object.
completionBlock returns NSError nil if successful</Abstract>
			<DeclaredIn>CMISObjectService.h</DeclaredIn>			
			
			<Declaration>- (CMISRequest *)updatePropertiesForObject:(CMISStringInOutParameter *)objectIdParam properties:(CMISProperties *)properties changeToken:(CMISStringInOutParameter *)changeTokenParam completionBlock:(void ( ^ ) ( NSError *error ))completionBlock</Declaration>
			
			
			<Anchor>//api/name/updatePropertiesForObject:properties:changeToken:completionBlock:</Anchor>
		</Token>
		
		<Token>
			<TokenIdentifier>//apple_ref/occ/intfm/CMISObjectService/retrieveRenditions:renditionFilter:maxItems:skipCount:completionBlock:</TokenIdentifier>
			<Abstract type="html">Gets the list of associated Renditions for the specified object.
Only rendition attributes are returned, not rendition stream</Abstract>
			<DeclaredIn>CMISObjectService.h</DeclaredIn>			
			
			<Declaration>- (CMISRequest *)retrieveRenditions:(NSString *)objectId renditionFilter:(NSString *)renditionFilter maxItems:(NSNumber *)maxItems skipCount:(NSNumber *)skipCount completionBlock:(void ( ^ ) ( NSArray *renditions , NSError *error ))completionBlock</Declaration>
			
			
			<Anchor>//api/name/retrieveRenditions:renditionFilter:maxItems:skipCount:completionBlock:</Anchor>
		</Token>
		
	</File>
</Tokens>