<?xml version="1.0" encoding="UTF-8"?>
<Tokens version="1.0">
	<File path="Classes/CMISObjectConverter.html">
		
		<Token>
			<TokenIdentifier>//apple_ref/occ/cl/CMISObjectConverter</TokenIdentifier>
			<Abstract type="html"></Abstract>
			<DeclaredIn>CMISObjectConverter.h</DeclaredIn>
			
			<NodeRef refid="44"/>
		</Token>
		
		
		<Token>
			<TokenIdentifier>//apple_ref/occ/instm/CMISObjectConverter/initWithSession:</TokenIdentifier>
			<Abstract type="html"></Abstract>
			<DeclaredIn>CMISObjectConverter.h</DeclaredIn>			
			
			<Declaration>- (id)initWithSession:(CMISSession *)session</Declaration>
			
			
			<Anchor>//api/name/initWithSession:</Anchor>
		</Token>
		
		<Token>
			<TokenIdentifier>//apple_ref/occ/instm/CMISObjectConverter/convertObject:</TokenIdentifier>
			<Abstract type="html"></Abstract>
			<DeclaredIn>CMISObjectConverter.h</DeclaredIn>			
			
			<Declaration>- (CMISObject *)convertObject:(CMISObjectData *)objectData</Declaration>
			
			
			<Anchor>//api/name/convertObject:</Anchor>
		</Token>
		
		<Token>
			<TokenIdentifier>//apple_ref/occ/instm/CMISObjectConverter/convertObjects:</TokenIdentifier>
			<Abstract type="html"></Abstract>
			<DeclaredIn>CMISObjectConverter.h</DeclaredIn>			
			
			<Declaration>- (CMISCollection *)convertObjects:(NSArray *)objects</Declaration>
			
			
			<Anchor>//api/name/convertObjects:</Anchor>
		</Token>
		
		<Token>
			<TokenIdentifier>//apple_ref/occ/instm/CMISObjectConverter/convertProperties:forObjectTypeId:completionBlock:</TokenIdentifier>
			<Abstract type="html">Converts the given dictionary of properties, where the key is the property id and the value
can be a CMISPropertyData or a regular string.</Abstract>
			<DeclaredIn>CMISObjectConverter.h</DeclaredIn>			
			
			<Declaration>- (void)convertProperties:(NSDictionary *)properties forObjectTypeId:(NSString *)objectTypeId completionBlock:(void ( ^ ) ( CMISProperties *convertedProperties , NSError *error ))completionBlock</Declaration>
			
			
			<Anchor>//api/name/convertProperties:forObjectTypeId:completionBlock:</Anchor>
		</Token>
		
	</File>
</Tokens>