<?xml version="1.0" encoding="UTF-8"?>
<Tokens version="1.0">
	<File path="Classes/CMISStringInOutParameter.html">
		
		<Token>
			<TokenIdentifier>//apple_ref/occ/cl/CMISStringInOutParameter</TokenIdentifier>
			<Abstract type="html">Simple wrapper class for parameters that are needed as input for a
certain operation, but which can also change as a result of executing
that operation.</Abstract>
			<DeclaredIn>CMISStringInOutParameter.h</DeclaredIn>
			
			<NodeRef refid="65"/>
		</Token>
		
		
		<Token>
			<TokenIdentifier>//apple_ref/occ/instm/CMISStringInOutParameter/setInParameter:</TokenIdentifier>
			<Abstract type="html"></Abstract>
			<DeclaredIn>CMISStringInOutParameter.h</DeclaredIn>			
			
			<Declaration>@property (nonatomic, strong) NSString *inParameter</Declaration>
			
			
			<Anchor>//api/name/inParameter</Anchor>
		</Token>
		
		<Token>
			<TokenIdentifier>//apple_ref/occ/instp/CMISStringInOutParameter/inParameter</TokenIdentifier>
			<Abstract type="html"></Abstract>
			<DeclaredIn>CMISStringInOutParameter.h</DeclaredIn>			
			
			<Declaration>@property (nonatomic, strong) NSString *inParameter</Declaration>
			
			
			<Anchor>//api/name/inParameter</Anchor>
		</Token>
		
		<Token>
			<TokenIdentifier>//apple_ref/occ/instm/CMISStringInOutParameter/setOutParameter:</TokenIdentifier>
			<Abstract type="html"></Abstract>
			<DeclaredIn>CMISStringInOutParameter.h</DeclaredIn>			
			
			<Declaration>@property (nonatomic, strong) NSString *outParameter</Declaration>
			
			
			<Anchor>//api/name/outParameter</Anchor>
		</Token>
		
		<Token>
			<TokenIdentifier>//apple_ref/occ/instp/CMISStringInOutParameter/outParameter</TokenIdentifier>
			<Abstract type="html"></Abstract>
			<DeclaredIn>CMISStringInOutParameter.h</DeclaredIn>			
			
			<Declaration>@property (nonatomic, strong) NSString *outParameter</Declaration>
			
			
			<Anchor>//api/name/outParameter</Anchor>
		</Token>
		
		<Token>
			<TokenIdentifier>//apple_ref/occ/clm/CMISStringInOutParameter/inOutParameterUsingInParameter:</TokenIdentifier>
			<Abstract type="html"></Abstract>
			<DeclaredIn>CMISStringInOutParameter.h</DeclaredIn>			
			
			<Declaration>+ (CMISStringInOutParameter *)inOutParameterUsingInParameter:(NSString *)inParameter</Declaration>
			
			
			<Anchor>//api/name/inOutParameterUsingInParameter:</Anchor>
		</Token>
		
	</File>
</Tokens>