<?xml version="1.0" encoding="UTF-8"?>
<Tokens version="1.0">
	<File path="Classes/CMISObjectId.html">
		
		<Token>
			<TokenIdentifier>//apple_ref/occ/cl/CMISObjectId</TokenIdentifier>
			<Abstract type="html"></Abstract>
			<DeclaredIn>CMISObjectId.h</DeclaredIn>
			
			<NodeRef refid="46"/>
		</Token>
		
		
		<Token>
			<TokenIdentifier>//apple_ref/occ/instm/CMISObjectId/setIdentifier:</TokenIdentifier>
			<Abstract type="html"></Abstract>
			<DeclaredIn>CMISObjectId.h</DeclaredIn>			
			
			<Declaration>@property (nonatomic, strong, readonly) NSString *identifier</Declaration>
			
			
			<Anchor>//api/name/identifier</Anchor>
		</Token>
		
		<Token>
			<TokenIdentifier>//apple_ref/occ/instp/CMISObjectId/identifier</TokenIdentifier>
			<Abstract type="html"></Abstract>
			<DeclaredIn>CMISObjectId.h</DeclaredIn>			
			
			<Declaration>@property (nonatomic, strong, readonly) NSString *identifier</Declaration>
			
			
			<Anchor>//api/name/identifier</Anchor>
		</Token>
		
		<Token>
			<TokenIdentifier>//apple_ref/occ/instm/CMISObjectId/initWithString:</TokenIdentifier>
			<Abstract type="html"></Abstract>
			<DeclaredIn>CMISObjectId.h</DeclaredIn>			
			
			<Declaration>- (id)initWithString:(NSString *)string</Declaration>
			
			
			<Anchor>//api/name/initWithString:</Anchor>
		</Token>
		
	</File>
</Tokens>