<?xml version="1.0" encoding="UTF-8"?>
<Tokens version="1.0">
	<File path="Classes/CMISExtensionElement.html">
		
		<Token>
			<TokenIdentifier>//apple_ref/occ/cl/CMISExtensionElement</TokenIdentifier>
			<Abstract type="html">This class represents a single node in the extension tree.</Abstract>
			<DeclaredIn>CMISExtensionElement.h</DeclaredIn>
			
			<NodeRef refid="29"/>
		</Token>
		
		
		<Token>
			<TokenIdentifier>//apple_ref/occ/instm/CMISExtensionElement/setName:</TokenIdentifier>
			<Abstract type="html">The name of the extension node.</Abstract>
			<DeclaredIn>CMISExtensionElement.h</DeclaredIn>			
			
			<Declaration>@property (nonatomic, strong, readonly) NSString *name</Declaration>
			
			<ReturnValue><Abstract type="html">The name of the extension node.</Abstract></ReturnValue>
			<Anchor>//api/name/name</Anchor>
		</Token>
		
		<Token>
			<TokenIdentifier>//apple_ref/occ/instp/CMISExtensionElement/name</TokenIdentifier>
			<Abstract type="html">The name of the extension node.</Abstract>
			<DeclaredIn>CMISExtensionElement.h</DeclaredIn>			
			
			<Declaration>@property (nonatomic, strong, readonly) NSString *name</Declaration>
			
			<ReturnValue><Abstract type="html">The name of the extension node.</Abstract></ReturnValue>
			<Anchor>//api/name/name</Anchor>
		</Token>
		
		<Token>
			<TokenIdentifier>//apple_ref/occ/instm/CMISExtensionElement/setNamespaceUri:</TokenIdentifier>
			<Abstract type="html"></Abstract>
			<DeclaredIn>CMISExtensionElement.h</DeclaredIn>			
			
			<Declaration>@property (nonatomic, strong, readonly) NSString *namespaceUri</Declaration>
			
			
			<Anchor>//api/name/namespaceUri</Anchor>
		</Token>
		
		<Token>
			<TokenIdentifier>//apple_ref/occ/instp/CMISExtensionElement/namespaceUri</TokenIdentifier>
			<Abstract type="html"></Abstract>
			<DeclaredIn>CMISExtensionElement.h</DeclaredIn>			
			
			<Declaration>@property (nonatomic, strong, readonly) NSString *namespaceUri</Declaration>
			
			
			<Anchor>//api/name/namespaceUri</Anchor>
		</Token>
		
		<Token>
			<TokenIdentifier>//apple_ref/occ/instm/CMISExtensionElement/setValue:</TokenIdentifier>
			<Abstract type="html"></Abstract>
			<DeclaredIn>CMISExtensionElement.h</DeclaredIn>			
			
			<Declaration>@property (nonatomic, strong, readonly) NSString *value</Declaration>
			
			
			<Anchor>//api/name/value</Anchor>
		</Token>
		
		<Token>
			<TokenIdentifier>//apple_ref/occ/instp/CMISExtensionElement/value</TokenIdentifier>
			<Abstract type="html"></Abstract>
			<DeclaredIn>CMISExtensionElement.h</DeclaredIn>			
			
			<Declaration>@property (nonatomic, strong, readonly) NSString *value</Declaration>
			
			
			<Anchor>//api/name/value</Anchor>
		</Token>
		
		<Token>
			<TokenIdentifier>//apple_ref/occ/instm/CMISExtensionElement/setAttributes:</TokenIdentifier>
			<Abstract type="html"></Abstract>
			<DeclaredIn>CMISExtensionElement.h</DeclaredIn>			
			
			<Declaration>@property (nonatomic, strong, readonly) NSDictionary *attributes</Declaration>
			
			
			<Anchor>//api/name/attributes</Anchor>
		</Token>
		
		<Token>
			<TokenIdentifier>//apple_ref/occ/instp/CMISExtensionElement/attributes</TokenIdentifier>
			<Abstract type="html"></Abstract>
			<DeclaredIn>CMISExtensionElement.h</DeclaredIn>			
			
			<Declaration>@property (nonatomic, strong, readonly) NSDictionary *attributes</Declaration>
			
			
			<Anchor>//api/name/attributes</Anchor>
		</Token>
		
		<Token>
			<TokenIdentifier>//apple_ref/occ/instm/CMISExtensionElement/setChildren:</TokenIdentifier>
			<Abstract type="html"></Abstract>
			<DeclaredIn>CMISExtensionElement.h</DeclaredIn>			
			
			<Declaration>@property (nonatomic, strong, readonly) NSArray *children</Declaration>
			
			
			<Anchor>//api/name/children</Anchor>
		</Token>
		
		<Token>
			<TokenIdentifier>//apple_ref/occ/instp/CMISExtensionElement/children</TokenIdentifier>
			<Abstract type="html"></Abstract>
			<DeclaredIn>CMISExtensionElement.h</DeclaredIn>			
			
			<Declaration>@property (nonatomic, strong, readonly) NSArray *children</Declaration>
			
			
			<Anchor>//api/name/children</Anchor>
		</Token>
		
		<Token>
			<TokenIdentifier>//apple_ref/occ/instm/CMISExtensionElement/initNodeWithName:namespaceUri:attributes:children:</TokenIdentifier>
			<Abstract type="html">Node Initializer</Abstract>
			<DeclaredIn>CMISExtensionElement.h</DeclaredIn>			
			
			<Declaration>- (id)initNodeWithName:(NSString *)name namespaceUri:(NSString *)namespaceUri attributes:(NSDictionary *)attributesDict children:(NSArray *)children</Declaration>
			
			
			<Anchor>//api/name/initNodeWithName:namespaceUri:attributes:children:</Anchor>
		</Token>
		
		<Token>
			<TokenIdentifier>//apple_ref/occ/instm/CMISExtensionElement/initLeafWithName:namespaceUri:attributes:value:</TokenIdentifier>
			<Abstract type="html">Leaf Initializer</Abstract>
			<DeclaredIn>CMISExtensionElement.h</DeclaredIn>			
			
			<Declaration>- (id)initLeafWithName:(NSString *)name namespaceUri:(NSString *)namespaceUri attributes:(NSDictionary *)attributesDict value:(NSString *)value</Declaration>
			
			
			<Anchor>//api/name/initLeafWithName:namespaceUri:attributes:value:</Anchor>
		</Token>
		
	</File>
</Tokens>