<?xml version="1.0" encoding="UTF-8"?>
<Tokens version="1.0">
	<File path="Classes/CMISErrors.html">
		
		<Token>
			<TokenIdentifier>//apple_ref/occ/cl/CMISErrors</TokenIdentifier>
			<Abstract type="html">This class defines Errors in the Objective-C CMIS library</Abstract>
			<DeclaredIn>CMISErrors.h</DeclaredIn>
			
			<NodeRef refid="27"/>
		</Token>
		
		
		<Token>
			<TokenIdentifier>//apple_ref/occ/clm/CMISErrors/cmisError:cmisErrorCode:</TokenIdentifier>
			<Abstract type="html">Create a CMIS error based on an underlying error</Abstract>
			<DeclaredIn>CMISErrors.h</DeclaredIn>			
			
			<Declaration>+ (NSError *)cmisError:(NSError *)error cmisErrorCode:(CMISErrorCodes)code</Declaration>
			<Parameters>
				<Parameter>
					<Name>error</Name>
					<Abstract type="html">The underlying NSError object</Abstract>
				</Parameter><Parameter>
					<Name>code</Name>
					<Abstract type="html">the CMIS error code</Abstract>
				</Parameter>
			</Parameters>
			<ReturnValue><Abstract type="html">the CMIS error as NSError object with error domain org.apache.chemistry.objectivecmis</Abstract></ReturnValue>
			<Anchor>//api/name/cmisError:cmisErrorCode:</Anchor>
		</Token>
		
		<Token>
			<TokenIdentifier>//apple_ref/occ/clm/CMISErrors/createCMISErrorWithCode:detailedDescription:</TokenIdentifier>
			<Abstract type="html">Creates a new CMIS error</Abstract>
			<DeclaredIn>CMISErrors.h</DeclaredIn>			
			
			<Declaration>+ (NSError *)createCMISErrorWithCode:(CMISErrorCodes)code detailedDescription:(NSString *)detailedDescription</Declaration>
			<Parameters>
				<Parameter>
					<Name>code</Name>
					<Abstract type="html">the CMIS Error code to be used</Abstract>
				</Parameter><Parameter>
					<Name>detailedDescription</Name>
					<Abstract type="html">a detailed description to be added to the localizedDescription. Use nil if none is available/needed.</Abstract>
				</Parameter>
			</Parameters>
			<ReturnValue><Abstract type="html">the CMIS error as NSError object with error domain org.apache.chemistry.objectivecmis</Abstract></ReturnValue>
			<Anchor>//api/name/createCMISErrorWithCode:detailedDescription:</Anchor>
		</Token>
		
	</File>
</Tokens>