<?xml version="1.0" encoding="UTF-8"?>
<Tokens version="1.0">
	<File path="Protocols/CMISCancellableRequest.html">
		
		<Token>
			<TokenIdentifier>//apple_ref/occ/intf/CMISCancellableRequest</TokenIdentifier>
			<Abstract type="html"></Abstract>
			<DeclaredIn>CMISRequest.h</DeclaredIn>
			
			<NodeRef refid="77"/>
		</Token>
		
		
		<Token>
			<TokenIdentifier>//apple_ref/occ/intfm/CMISCancellableRequest/cancel</TokenIdentifier>
			<Abstract type="html"></Abstract>
			<DeclaredIn>CMISRequest.h</DeclaredIn>			
			
			<Declaration>- (void)cancel</Declaration>
			
			
			<Anchor>//api/name/cancel</Anchor>
		</Token>
		
	</File>
</Tokens>