<?xml version="1.0" encoding="UTF-8"?>
<Tokens version="1.0">
	<File path="Classes/CMISWorkspace.html">
		
		<Token>
			<TokenIdentifier>//apple_ref/occ/cl/CMISWorkspace</TokenIdentifier>
			<Abstract type="html"></Abstract>
			<DeclaredIn>CMISWorkspace.h</DeclaredIn>
			
			<NodeRef refid="70"/>
		</Token>
		
		
		<Token>
			<TokenIdentifier>//apple_ref/occ/instm/CMISWorkspace/setSessionParameters:</TokenIdentifier>
			<Abstract type="html"></Abstract>
			<DeclaredIn>CMISWorkspace.h</DeclaredIn>			
			
			<Declaration>@property (nonatomic, strong) CMISSessionParameters *sessionParameters</Declaration>
			
			
			<Anchor>//api/name/sessionParameters</Anchor>
		</Token>
		
		<Token>
			<TokenIdentifier>//apple_ref/occ/instp/CMISWorkspace/sessionParameters</TokenIdentifier>
			<Abstract type="html"></Abstract>
			<DeclaredIn>CMISWorkspace.h</DeclaredIn>			
			
			<Declaration>@property (nonatomic, strong) CMISSessionParameters *sessionParameters</Declaration>
			
			
			<Anchor>//api/name/sessionParameters</Anchor>
		</Token>
		
		<Token>
			<TokenIdentifier>//apple_ref/occ/instm/CMISWorkspace/setRepositoryInfo:</TokenIdentifier>
			<Abstract type="html"></Abstract>
			<DeclaredIn>CMISWorkspace.h</DeclaredIn>			
			
			<Declaration>@property (nonatomic, strong) CMISRepositoryInfo *repositoryInfo</Declaration>
			
			
			<Anchor>//api/name/repositoryInfo</Anchor>
		</Token>
		
		<Token>
			<TokenIdentifier>//apple_ref/occ/instp/CMISWorkspace/repositoryInfo</TokenIdentifier>
			<Abstract type="html"></Abstract>
			<DeclaredIn>CMISWorkspace.h</DeclaredIn>			
			
			<Declaration>@property (nonatomic, strong) CMISRepositoryInfo *repositoryInfo</Declaration>
			
			
			<Anchor>//api/name/repositoryInfo</Anchor>
		</Token>
		
		<Token>
			<TokenIdentifier>//apple_ref/occ/instm/CMISWorkspace/setCollections:</TokenIdentifier>
			<Abstract type="html">An array containing the parsed CMISAtomCollections.</Abstract>
			<DeclaredIn>CMISWorkspace.h</DeclaredIn>			
			
			<Declaration>@property (nonatomic, strong) NSMutableArray *collections</Declaration>
			
			
			<Anchor>//api/name/collections</Anchor>
		</Token>
		
		<Token>
			<TokenIdentifier>//apple_ref/occ/instp/CMISWorkspace/collections</TokenIdentifier>
			<Abstract type="html">An array containing the parsed CMISAtomCollections.</Abstract>
			<DeclaredIn>CMISWorkspace.h</DeclaredIn>			
			
			<Declaration>@property (nonatomic, strong) NSMutableArray *collections</Declaration>
			
			
			<Anchor>//api/name/collections</Anchor>
		</Token>
		
		<Token>
			<TokenIdentifier>//apple_ref/occ/instm/CMISWorkspace/setLinkRelations:</TokenIdentifier>
			<Abstract type="html">An array of CMISAtomLink objects for the workspace</Abstract>
			<DeclaredIn>CMISWorkspace.h</DeclaredIn>			
			
			<Declaration>@property (nonatomic, strong) CMISLinkRelations *linkRelations</Declaration>
			
			
			<Anchor>//api/name/linkRelations</Anchor>
		</Token>
		
		<Token>
			<TokenIdentifier>//apple_ref/occ/instp/CMISWorkspace/linkRelations</TokenIdentifier>
			<Abstract type="html">An array of CMISAtomLink objects for the workspace</Abstract>
			<DeclaredIn>CMISWorkspace.h</DeclaredIn>			
			
			<Declaration>@property (nonatomic, strong) CMISLinkRelations *linkRelations</Declaration>
			
			
			<Anchor>//api/name/linkRelations</Anchor>
		</Token>
		
		<Token>
			<TokenIdentifier>//apple_ref/occ/instm/CMISWorkspace/setObjectByIdUriTemplate:</TokenIdentifier>
			<Abstract type="html"></Abstract>
			<DeclaredIn>CMISWorkspace.h</DeclaredIn>			
			
			<Declaration>@property (nonatomic, strong) NSString *objectByIdUriTemplate</Declaration>
			
			
			<Anchor>//api/name/objectByIdUriTemplate</Anchor>
		</Token>
		
		<Token>
			<TokenIdentifier>//apple_ref/occ/instp/CMISWorkspace/objectByIdUriTemplate</TokenIdentifier>
			<Abstract type="html"></Abstract>
			<DeclaredIn>CMISWorkspace.h</DeclaredIn>			
			
			<Declaration>@property (nonatomic, strong) NSString *objectByIdUriTemplate</Declaration>
			
			
			<Anchor>//api/name/objectByIdUriTemplate</Anchor>
		</Token>
		
		<Token>
			<TokenIdentifier>//apple_ref/occ/instm/CMISWorkspace/setObjectByPathUriTemplate:</TokenIdentifier>
			<Abstract type="html"></Abstract>
			<DeclaredIn>CMISWorkspace.h</DeclaredIn>			
			
			<Declaration>@property (nonatomic, strong) NSString *objectByPathUriTemplate</Declaration>
			
			
			<Anchor>//api/name/objectByPathUriTemplate</Anchor>
		</Token>
		
		<Token>
			<TokenIdentifier>//apple_ref/occ/instp/CMISWorkspace/objectByPathUriTemplate</TokenIdentifier>
			<Abstract type="html"></Abstract>
			<DeclaredIn>CMISWorkspace.h</DeclaredIn>			
			
			<Declaration>@property (nonatomic, strong) NSString *objectByPathUriTemplate</Declaration>
			
			
			<Anchor>//api/name/objectByPathUriTemplate</Anchor>
		</Token>
		
		<Token>
			<TokenIdentifier>//apple_ref/occ/instm/CMISWorkspace/setTypeByIdUriTemplate:</TokenIdentifier>
			<Abstract type="html"></Abstract>
			<DeclaredIn>CMISWorkspace.h</DeclaredIn>			
			
			<Declaration>@property (nonatomic, strong) NSString *typeByIdUriTemplate</Declaration>
			
			
			<Anchor>//api/name/typeByIdUriTemplate</Anchor>
		</Token>
		
		<Token>
			<TokenIdentifier>//apple_ref/occ/instp/CMISWorkspace/typeByIdUriTemplate</TokenIdentifier>
			<Abstract type="html"></Abstract>
			<DeclaredIn>CMISWorkspace.h</DeclaredIn>			
			
			<Declaration>@property (nonatomic, strong) NSString *typeByIdUriTemplate</Declaration>
			
			
			<Anchor>//api/name/typeByIdUriTemplate</Anchor>
		</Token>
		
		<Token>
			<TokenIdentifier>//apple_ref/occ/instm/CMISWorkspace/setQueryUriTemplate:</TokenIdentifier>
			<Abstract type="html"></Abstract>
			<DeclaredIn>CMISWorkspace.h</DeclaredIn>			
			
			<Declaration>@property (nonatomic, strong) NSString *queryUriTemplate</Declaration>
			
			
			<Anchor>//api/name/queryUriTemplate</Anchor>
		</Token>
		
		<Token>
			<TokenIdentifier>//apple_ref/occ/instp/CMISWorkspace/queryUriTemplate</TokenIdentifier>
			<Abstract type="html"></Abstract>
			<DeclaredIn>CMISWorkspace.h</DeclaredIn>			
			
			<Declaration>@property (nonatomic, strong) NSString *queryUriTemplate</Declaration>
			
			
			<Anchor>//api/name/queryUriTemplate</Anchor>
		</Token>
		
		<Token>
			<TokenIdentifier>//apple_ref/occ/instm/CMISWorkspace/collectionHrefForCollectionType:</TokenIdentifier>
			<Abstract type="html">Returns the href link for a collection defined with the given type.
Returns nil if none is found.</Abstract>
			<DeclaredIn>CMISWorkspace.h</DeclaredIn>			
			
			<Declaration>- (NSString *)collectionHrefForCollectionType:(NSString *)collectionType</Declaration>
			
			
			<Anchor>//api/name/collectionHrefForCollectionType:</Anchor>
		</Token>
		
	</File>
</Tokens>