<?xml version="1.0" encoding="UTF-8"?>
<Tokens version="1.0">
	<File path="Classes/CMISSession.html">
		
		<Token>
			<TokenIdentifier>//apple_ref/occ/cl/CMISSession</TokenIdentifier>
			<Abstract type="html"></Abstract>
			<DeclaredIn>CMISSession.h</DeclaredIn>
			
			<NodeRef refid="62"/>
		</Token>
		
		
		<Token>
			<TokenIdentifier>//apple_ref/occ/instm/CMISSession/setAuthenticated:</TokenIdentifier>
			<Abstract type="html"></Abstract>
			<DeclaredIn>CMISSession.h</DeclaredIn>			
			
			<Declaration>@property (nonatomic, assign, readonly, getter=isAuthenticated) BOOL authenticated</Declaration>
			
			
			<Anchor>//api/name/authenticated</Anchor>
		</Token>
		
		<Token>
			<TokenIdentifier>//apple_ref/occ/instp/CMISSession/authenticated</TokenIdentifier>
			<Abstract type="html"></Abstract>
			<DeclaredIn>CMISSession.h</DeclaredIn>			
			
			<Declaration>@property (nonatomic, assign, readonly, getter=isAuthenticated) BOOL authenticated</Declaration>
			
			
			<Anchor>//api/name/authenticated</Anchor>
		</Token>
		
		<Token>
			<TokenIdentifier>//apple_ref/occ/instm/CMISSession/setBinding:</TokenIdentifier>
			<Abstract type="html"></Abstract>
			<DeclaredIn>CMISSession.h</DeclaredIn>			
			
			<Declaration>@property (nonatomic, strong, readonly) id&lt;CMISBinding&gt; binding</Declaration>
			
			
			<Anchor>//api/name/binding</Anchor>
		</Token>
		
		<Token>
			<TokenIdentifier>//apple_ref/occ/instp/CMISSession/binding</TokenIdentifier>
			<Abstract type="html"></Abstract>
			<DeclaredIn>CMISSession.h</DeclaredIn>			
			
			<Declaration>@property (nonatomic, strong, readonly) id&lt;CMISBinding&gt; binding</Declaration>
			
			
			<Anchor>//api/name/binding</Anchor>
		</Token>
		
		<Token>
			<TokenIdentifier>//apple_ref/occ/instm/CMISSession/setSessionParameters:</TokenIdentifier>
			<Abstract type="html"></Abstract>
			<DeclaredIn>CMISSession.h</DeclaredIn>			
			
			<Declaration>@property (nonatomic, strong) CMISSessionParameters *sessionParameters</Declaration>
			
			
			<Anchor>//api/name/sessionParameters</Anchor>
		</Token>
		
		<Token>
			<TokenIdentifier>//apple_ref/occ/instp/CMISSession/sessionParameters</TokenIdentifier>
			<Abstract type="html"></Abstract>
			<DeclaredIn>CMISSession.h</DeclaredIn>			
			
			<Declaration>@property (nonatomic, strong) CMISSessionParameters *sessionParameters</Declaration>
			
			
			<Anchor>//api/name/sessionParameters</Anchor>
		</Token>
		
		<Token>
			<TokenIdentifier>//apple_ref/occ/instm/CMISSession/setRepositoryInfo:</TokenIdentifier>
			<Abstract type="html"></Abstract>
			<DeclaredIn>CMISSession.h</DeclaredIn>			
			
			<Declaration>@property (nonatomic, strong, readonly) CMISRepositoryInfo *repositoryInfo</Declaration>
			
			
			<Anchor>//api/name/repositoryInfo</Anchor>
		</Token>
		
		<Token>
			<TokenIdentifier>//apple_ref/occ/instp/CMISSession/repositoryInfo</TokenIdentifier>
			<Abstract type="html"></Abstract>
			<DeclaredIn>CMISSession.h</DeclaredIn>			
			
			<Declaration>@property (nonatomic, strong, readonly) CMISRepositoryInfo *repositoryInfo</Declaration>
			
			
			<Anchor>//api/name/repositoryInfo</Anchor>
		</Token>
		
		<Token>
			<TokenIdentifier>//apple_ref/occ/instm/CMISSession/setObjectConverter:</TokenIdentifier>
			<Abstract type="html"></Abstract>
			<DeclaredIn>CMISSession.h</DeclaredIn>			
			
			<Declaration>@property (nonatomic, strong, readonly) CMISObjectConverter *objectConverter</Declaration>
			
			
			<Anchor>//api/name/objectConverter</Anchor>
		</Token>
		
		<Token>
			<TokenIdentifier>//apple_ref/occ/instp/CMISSession/objectConverter</TokenIdentifier>
			<Abstract type="html"></Abstract>
			<DeclaredIn>CMISSession.h</DeclaredIn>			
			
			<Declaration>@property (nonatomic, strong, readonly) CMISObjectConverter *objectConverter</Declaration>
			
			
			<Anchor>//api/name/objectConverter</Anchor>
		</Token>
		
		<Token>
			<TokenIdentifier>//apple_ref/occ/clm/CMISSession/arrayOfRepositories:completionBlock:</TokenIdentifier>
			<Abstract type="html">completionBlock returns a list of repositories or nil if unsuccessful</Abstract>
			<DeclaredIn>CMISSession.h</DeclaredIn>			
			
			<Declaration>+ (CMISRequest *)arrayOfRepositories:(CMISSessionParameters *)sessionParameters completionBlock:(void ( ^ ) ( NSArray *repositories , NSError *error ))completionBlock</Declaration>
			
			
			<Anchor>//api/name/arrayOfRepositories:completionBlock:</Anchor>
		</Token>
		
		<Token>
			<TokenIdentifier>//apple_ref/occ/clm/CMISSession/connectWithSessionParameters:completionBlock:</TokenIdentifier>
			<Abstract type="html">completionBlock returns a CMIS session or nil if unsuccessful</Abstract>
			<DeclaredIn>CMISSession.h</DeclaredIn>			
			
			<Declaration>+ (CMISRequest *)connectWithSessionParameters:(CMISSessionParameters *)sessionParameters completionBlock:(void ( ^ ) ( CMISSession *session , NSError *error ))completionBlock</Declaration>
			
			
			<Anchor>//api/name/connectWithSessionParameters:completionBlock:</Anchor>
		</Token>
		
		<Token>
			<TokenIdentifier>//apple_ref/occ/instm/CMISSession/retrieveRootFolderWithCompletionBlock:</TokenIdentifier>
			<Abstract type="html">Retrieves the root folder for the repository.
completionBlock returns the root folder of the repo or nil if unsuccessful</Abstract>
			<DeclaredIn>CMISSession.h</DeclaredIn>			
			
			<Declaration>- (CMISRequest *)retrieveRootFolderWithCompletionBlock:(void ( ^ ) ( CMISFolder *folder , NSError *error ))completionBlock</Declaration>
			
			
			<Anchor>//api/name/retrieveRootFolderWithCompletionBlock:</Anchor>
		</Token>
		
		<Token>
			<TokenIdentifier>//apple_ref/occ/instm/CMISSession/retrieveFolderWithOperationContext:completionBlock:</TokenIdentifier>
			<Abstract type="html">Retrieves the root folder for the repository using the provided operation context.
completionBlock returns a folder of the repo or nil if unsuccessful</Abstract>
			<DeclaredIn>CMISSession.h</DeclaredIn>			
			
			<Declaration>- (CMISRequest *)retrieveFolderWithOperationContext:(CMISOperationContext *)operationContext completionBlock:(void ( ^ ) ( CMISFolder *folder , NSError *error ))completionBlock</Declaration>
			
			
			<Anchor>//api/name/retrieveFolderWithOperationContext:completionBlock:</Anchor>
		</Token>
		
		<Token>
			<TokenIdentifier>//apple_ref/occ/instm/CMISSession/retrieveObject:completionBlock:</TokenIdentifier>
			<Abstract type="html">Retrieves the object with the given identifier.
completionBlock returns the CMIS object or nil if unsuccessful</Abstract>
			<DeclaredIn>CMISSession.h</DeclaredIn>			
			
			<Declaration>- (CMISRequest *)retrieveObject:(NSString *)objectId completionBlock:(void ( ^ ) ( CMISObject *object , NSError *error ))completionBlock</Declaration>
			
			
			<Anchor>//api/name/retrieveObject:completionBlock:</Anchor>
		</Token>
		
		<Token>
			<TokenIdentifier>//apple_ref/occ/instm/CMISSession/retrieveObject:operationContext:completionBlock:</TokenIdentifier>
			<Abstract type="html">Retrieves the object with the given identifier, using the provided operation context.
completionBlock returns the CMIS object or nil if unsuccessful
  </Abstract>
			<DeclaredIn>CMISSession.h</DeclaredIn>			
			
			<Declaration>- (CMISRequest *)retrieveObject:(NSString *)objectId operationContext:(CMISOperationContext *)operationContext completionBlock:(void ( ^ ) ( CMISObject *object , NSError *error ))completionBlock</Declaration>
			
			
			<Anchor>//api/name/retrieveObject:operationContext:completionBlock:</Anchor>
		</Token>
		
		<Token>
			<TokenIdentifier>//apple_ref/occ/instm/CMISSession/retrieveObjectByPath:completionBlock:</TokenIdentifier>
			<Abstract type="html">Retrieves the object for the given path.
completionBlock returns the CMIS object or nil if unsuccessful</Abstract>
			<DeclaredIn>CMISSession.h</DeclaredIn>			
			
			<Declaration>- (CMISRequest *)retrieveObjectByPath:(NSString *)path completionBlock:(void ( ^ ) ( CMISObject *object , NSError *error ))completionBlock</Declaration>
			
			
			<Anchor>//api/name/retrieveObjectByPath:completionBlock:</Anchor>
		</Token>
		
		<Token>
			<TokenIdentifier>//apple_ref/occ/instm/CMISSession/retrieveObjectByPath:operationContext:completionBlock:</TokenIdentifier>
			<Abstract type="html">Retrieves the object for the given path, using the provided operation context.
completionBlock returns the CMIS object or nil if unsuccessful</Abstract>
			<DeclaredIn>CMISSession.h</DeclaredIn>			
			
			<Declaration>- (CMISRequest *)retrieveObjectByPath:(NSString *)path operationContext:(CMISOperationContext *)operationContext completionBlock:(void ( ^ ) ( CMISObject *object , NSError *error ))completionBlock</Declaration>
			
			
			<Anchor>//api/name/retrieveObjectByPath:operationContext:completionBlock:</Anchor>
		</Token>
		
		<Token>
			<TokenIdentifier>//apple_ref/occ/instm/CMISSession/retrieveTypeDefinition:completionBlock:</TokenIdentifier>
			<Abstract type="html">Retrieves the definition for the given type.
completionBlock returns the CMIS type definition or nil if unsuccessful</Abstract>
			<DeclaredIn>CMISSession.h</DeclaredIn>			
			
			<Declaration>- (CMISRequest *)retrieveTypeDefinition:(NSString *)typeId completionBlock:(void ( ^ ) ( CMISTypeDefinition *typeDefinition , NSError *error ))completionBlock</Declaration>
			
			
			<Anchor>//api/name/retrieveTypeDefinition:completionBlock:</Anchor>
		</Token>
		
		<Token>
			<TokenIdentifier>//apple_ref/occ/instm/CMISSession/query:searchAllVersions:completionBlock:</TokenIdentifier>
			<Abstract type="html">Retrieves all objects matching the given cmis query.
completionBlock returns the search results as a paged results object or nil if unsuccessful.</Abstract>
			<DeclaredIn>CMISSession.h</DeclaredIn>			
			
			<Declaration>- (CMISRequest *)query:(NSString *)statement searchAllVersions:(BOOL)searchAllVersion completionBlock:(void ( ^ ) ( CMISPagedResult *pagedResult , NSError *error ))completionBlock</Declaration>
			
			
			<Anchor>//api/name/query:searchAllVersions:completionBlock:</Anchor>
		</Token>
		
		<Token>
			<TokenIdentifier>//apple_ref/occ/instm/CMISSession/query:searchAllVersions:operationContext:completionBlock:</TokenIdentifier>
			<Abstract type="html">Retrieves all objects matching the given cmis query, as CMISQueryResult objects.
and using the parameters provided in the operation context.
completionBlock returns the search results as a paged results object or nil if unsuccessful.</Abstract>
			<DeclaredIn>CMISSession.h</DeclaredIn>			
			
			<Declaration>- (CMISRequest *)query:(NSString *)statement searchAllVersions:(BOOL)searchAllVersion operationContext:(CMISOperationContext *)operationContext completionBlock:(void ( ^ ) ( CMISPagedResult *pagedResult , NSError *error ))completionBlock</Declaration>
			
			
			<Anchor>//api/name/query:searchAllVersions:operationContext:completionBlock:</Anchor>
		</Token>
		
		<Token>
			<TokenIdentifier>//apple_ref/occ/instm/CMISSession/queryObjectsWithTypeid:whereClause:searchAllVersions:operationContext:completionBlock:</TokenIdentifier>
			<Abstract type="html">Queries for a specific type of objects.
Returns a paged result set, containing CMISObject instances.
completionBlock returns the search results as a paged results object or nil if unsuccessful.</Abstract>
			<DeclaredIn>CMISSession.h</DeclaredIn>			
			
			<Declaration>- (CMISRequest *)queryObjectsWithTypeid:(NSString *)typeId whereClause:(NSString *)whereClause searchAllVersions:(BOOL)searchAllVersion operationContext:(CMISOperationContext *)operationContext completionBlock:(void ( ^ ) ( CMISPagedResult *result , NSError *error ))completionBlock</Declaration>
			
			
			<Anchor>//api/name/queryObjectsWithTypeid:whereClause:searchAllVersions:operationContext:completionBlock:</Anchor>
		</Token>
		
		<Token>
			<TokenIdentifier>//apple_ref/occ/instm/CMISSession/createFolder:inFolder:completionBlock:</TokenIdentifier>
			<Abstract type="html">Creates a folder in the provided folder.
completionBlock returns the object Id of the newly created folder or nil if unsuccessful</Abstract>
			<DeclaredIn>CMISSession.h</DeclaredIn>			
			
			<Declaration>- (CMISRequest *)createFolder:(NSDictionary *)properties inFolder:(NSString *)folderObjectId completionBlock:(void ( ^ ) ( NSString *objectId , NSError *error ))completionBlock</Declaration>
			
			
			<Anchor>//api/name/createFolder:inFolder:completionBlock:</Anchor>
		</Token>
		
		<Token>
			<TokenIdentifier>//apple_ref/occ/instm/CMISSession/downloadContentOfCMISObject:toFile:completionBlock:progressBlock:</TokenIdentifier>
			<Abstract type="html">Downloads the content of object with the provided object id to the given path.
completionBlock NSError will be nil if successful</Abstract>
			<DeclaredIn>CMISSession.h</DeclaredIn>			
			
			<Declaration>- (CMISRequest *)downloadContentOfCMISObject:(NSString *)objectId toFile:(NSString *)filePath completionBlock:(void ( ^ ) ( NSError *error ))completionBlock progressBlock:(void ( ^ ) ( unsigned long long bytesDownloaded , unsigned long long bytesTotal ))progressBlock</Declaration>
			
			
			<Anchor>//api/name/downloadContentOfCMISObject:toFile:completionBlock:progressBlock:</Anchor>
		</Token>
		
		<Token>
			<TokenIdentifier>//apple_ref/occ/instm/CMISSession/downloadContentOfCMISObject:toOutputStream:completionBlock:progressBlock:</TokenIdentifier>
			<Abstract type="html">Downloads the content of object with the provided object id to the given stream.
completionBlock NSError will be nil if successful</Abstract>
			<DeclaredIn>CMISSession.h</DeclaredIn>			
			
			<Declaration>- (CMISRequest *)downloadContentOfCMISObject:(NSString *)objectId toOutputStream:(NSOutputStream *)outputStream completionBlock:(void ( ^ ) ( NSError *error ))completionBlock progressBlock:(void ( ^ ) ( unsigned long long bytesDownloaded , unsigned long long bytesTotal ))progressBlock</Declaration>
			
			
			<Anchor>//api/name/downloadContentOfCMISObject:toOutputStream:completionBlock:progressBlock:</Anchor>
		</Token>
		
		<Token>
			<TokenIdentifier>//apple_ref/occ/instm/CMISSession/createDocumentFromFilePath:mimeType:properties:inFolder:completionBlock:progressBlock:</TokenIdentifier>
			<Abstract type="html">Creates a cmis document using the content from the file path.
completionBlock returns object Id of newly created object or nil if unsuccessful</Abstract>
			<DeclaredIn>CMISSession.h</DeclaredIn>			
			
			<Declaration>- (CMISRequest *)createDocumentFromFilePath:(NSString *)filePath mimeType:(NSString *)mimeType properties:(NSDictionary *)properties inFolder:(NSString *)folderObjectId completionBlock:(void ( ^ ) ( NSString *objectId , NSError *error ))completionBlock progressBlock:(void ( ^ ) ( unsigned long long bytesUploaded , unsigned long long bytesTotal ))progressBlock</Declaration>
			
			
			<Anchor>//api/name/createDocumentFromFilePath:mimeType:properties:inFolder:completionBlock:progressBlock:</Anchor>
		</Token>
		
		<Token>
			<TokenIdentifier>//apple_ref/occ/instm/CMISSession/createDocumentFromInputStream:mimeType:properties:inFolder:bytesExpected:completionBlock:progressBlock:</TokenIdentifier>
			<Abstract type="html">Creates a cmis document using the content from the given stream.
completionBlock returns object Id of newly created object or nil if unsuccessful</Abstract>
			<DeclaredIn>CMISSession.h</DeclaredIn>			
			
			<Declaration>- (CMISRequest *)createDocumentFromInputStream:(NSInputStream *)inputStream mimeType:(NSString *)mimeType properties:(NSDictionary *)properties inFolder:(NSString *)folderObjectId bytesExpected:(unsigned long long)bytesExpected completionBlock:(void ( ^ ) ( NSString *objectId , NSError *error ))completionBlock progressBlock:(void ( ^ ) ( unsigned long long bytesUploaded , unsigned long long bytesTotal ))progressBlock</Declaration>
			
			
			<Anchor>//api/name/createDocumentFromInputStream:mimeType:properties:inFolder:bytesExpected:completionBlock:progressBlock:</Anchor>
		</Token>
		
	</File>
</Tokens>