<?xml version="1.0" encoding="UTF-8"?>
<Tokens version="1.0">
	<File path="Classes/CMISFetchNextPageBlockResult.html">
		
		<Token>
			<TokenIdentifier>//apple_ref/occ/cl/CMISFetchNextPageBlockResult</TokenIdentifier>
			<Abstract type="html">Wrapper class for the results of fetching a new page using the block below.</Abstract>
			<DeclaredIn>CMISPagedResult.h</DeclaredIn>
			
			<NodeRef refid="30"/>
		</Token>
		
		
		<Token>
			<TokenIdentifier>//apple_ref/occ/instm/CMISFetchNextPageBlockResult/setResultArray:</TokenIdentifier>
			<Abstract type="html"></Abstract>
			<DeclaredIn>CMISPagedResult.h</DeclaredIn>			
			
			<Declaration>@property (nonatomic, strong) NSArray *resultArray</Declaration>
			
			
			<Anchor>//api/name/resultArray</Anchor>
		</Token>
		
		<Token>
			<TokenIdentifier>//apple_ref/occ/instp/CMISFetchNextPageBlockResult/resultArray</TokenIdentifier>
			<Abstract type="html"></Abstract>
			<DeclaredIn>CMISPagedResult.h</DeclaredIn>			
			
			<Declaration>@property (nonatomic, strong) NSArray *resultArray</Declaration>
			
			
			<Anchor>//api/name/resultArray</Anchor>
		</Token>
		
		<Token>
			<TokenIdentifier>//apple_ref/occ/instm/CMISFetchNextPageBlockResult/setHasMoreItems:</TokenIdentifier>
			<Abstract type="html"></Abstract>
			<DeclaredIn>CMISPagedResult.h</DeclaredIn>			
			
			<Declaration>@property BOOL hasMoreItems</Declaration>
			
			
			<Anchor>//api/name/hasMoreItems</Anchor>
		</Token>
		
		<Token>
			<TokenIdentifier>//apple_ref/occ/instp/CMISFetchNextPageBlockResult/hasMoreItems</TokenIdentifier>
			<Abstract type="html"></Abstract>
			<DeclaredIn>CMISPagedResult.h</DeclaredIn>			
			
			<Declaration>@property BOOL hasMoreItems</Declaration>
			
			
			<Anchor>//api/name/hasMoreItems</Anchor>
		</Token>
		
		<Token>
			<TokenIdentifier>//apple_ref/occ/instm/CMISFetchNextPageBlockResult/setNumItems:</TokenIdentifier>
			<Abstract type="html"></Abstract>
			<DeclaredIn>CMISPagedResult.h</DeclaredIn>			
			
			<Declaration>@property NSInteger numItems</Declaration>
			
			
			<Anchor>//api/name/numItems</Anchor>
		</Token>
		
		<Token>
			<TokenIdentifier>//apple_ref/occ/instp/CMISFetchNextPageBlockResult/numItems</TokenIdentifier>
			<Abstract type="html"></Abstract>
			<DeclaredIn>CMISPagedResult.h</DeclaredIn>			
			
			<Declaration>@property NSInteger numItems</Declaration>
			
			
			<Anchor>//api/name/numItems</Anchor>
		</Token>
		
	</File>
</Tokens>