<?xml version="1.0" encoding="UTF-8"?>
<Tokens version="1.0">
	<File path="Classes/CMISURLUtil.html">
		
		<Token>
			<TokenIdentifier>//apple_ref/occ/cl/CMISURLUtil</TokenIdentifier>
			<Abstract type="html"></Abstract>
			<DeclaredIn>CMISURLUtil.h</DeclaredIn>
			
			<NodeRef refid="69"/>
		</Token>
		
		
		<Token>
			<TokenIdentifier>//apple_ref/occ/clm/CMISURLUtil/urlStringByAppendingParameter:value:urlString:</TokenIdentifier>
			<Abstract type="html">utility method to obtain a URL string</Abstract>
			<DeclaredIn>CMISURLUtil.h</DeclaredIn>			
			
			<Declaration>+ (NSString *)urlStringByAppendingParameter:(NSString *)parameterName value:(NSString *)parameterValue urlString:(NSString *)urlString</Declaration>
			
			
			<Anchor>//api/name/urlStringByAppendingParameter:value:urlString:</Anchor>
		</Token>
		
		<Token>
			<TokenIdentifier>//apple_ref/occ/clm/CMISURLUtil/urlStringByAppendingParameter:value:url:</TokenIdentifier>
			<Abstract type="html">utility method to obtain a URL string</Abstract>
			<DeclaredIn>CMISURLUtil.h</DeclaredIn>			
			
			<Declaration>+ (NSURL *)urlStringByAppendingParameter:(NSString *)parameterName value:(NSString *)parameterValue url:(NSURL *)url</Declaration>
			
			
			<Anchor>//api/name/urlStringByAppendingParameter:value:url:</Anchor>
		</Token>
		
	</File>
</Tokens>