<?xml version="1.0" encoding="UTF-8"?>
<Tokens version="1.0">
	<File path="Classes/CMISQueryAtomEntryWriter.html">
		
		<Token>
			<TokenIdentifier>//apple_ref/occ/cl/CMISQueryAtomEntryWriter</TokenIdentifier>
			<Abstract type="html"></Abstract>
			<DeclaredIn>CMISQueryAtomEntryWriter.h</DeclaredIn>
			
			<NodeRef refid="54"/>
		</Token>
		
		
		<Token>
			<TokenIdentifier>//apple_ref/occ/instm/CMISQueryAtomEntryWriter/setStatement:</TokenIdentifier>
			<Abstract type="html"></Abstract>
			<DeclaredIn>CMISQueryAtomEntryWriter.h</DeclaredIn>			
			
			<Declaration>@property (nonatomic, strong) NSString *statement</Declaration>
			
			
			<Anchor>//api/name/statement</Anchor>
		</Token>
		
		<Token>
			<TokenIdentifier>//apple_ref/occ/instp/CMISQueryAtomEntryWriter/statement</TokenIdentifier>
			<Abstract type="html"></Abstract>
			<DeclaredIn>CMISQueryAtomEntryWriter.h</DeclaredIn>			
			
			<Declaration>@property (nonatomic, strong) NSString *statement</Declaration>
			
			
			<Anchor>//api/name/statement</Anchor>
		</Token>
		
		<Token>
			<TokenIdentifier>//apple_ref/occ/instm/CMISQueryAtomEntryWriter/setSearchAllVersions:</TokenIdentifier>
			<Abstract type="html"></Abstract>
			<DeclaredIn>CMISQueryAtomEntryWriter.h</DeclaredIn>			
			
			<Declaration>@property BOOL searchAllVersions</Declaration>
			
			
			<Anchor>//api/name/searchAllVersions</Anchor>
		</Token>
		
		<Token>
			<TokenIdentifier>//apple_ref/occ/instp/CMISQueryAtomEntryWriter/searchAllVersions</TokenIdentifier>
			<Abstract type="html"></Abstract>
			<DeclaredIn>CMISQueryAtomEntryWriter.h</DeclaredIn>			
			
			<Declaration>@property BOOL searchAllVersions</Declaration>
			
			
			<Anchor>//api/name/searchAllVersions</Anchor>
		</Token>
		
		<Token>
			<TokenIdentifier>//apple_ref/occ/instm/CMISQueryAtomEntryWriter/setRelationships:</TokenIdentifier>
			<Abstract type="html"></Abstract>
			<DeclaredIn>CMISQueryAtomEntryWriter.h</DeclaredIn>			
			
			<Declaration>@property CMISIncludeRelationship relationships</Declaration>
			
			
			<Anchor>//api/name/relationships</Anchor>
		</Token>
		
		<Token>
			<TokenIdentifier>//apple_ref/occ/instp/CMISQueryAtomEntryWriter/relationships</TokenIdentifier>
			<Abstract type="html"></Abstract>
			<DeclaredIn>CMISQueryAtomEntryWriter.h</DeclaredIn>			
			
			<Declaration>@property CMISIncludeRelationship relationships</Declaration>
			
			
			<Anchor>//api/name/relationships</Anchor>
		</Token>
		
		<Token>
			<TokenIdentifier>//apple_ref/occ/instm/CMISQueryAtomEntryWriter/setRenditionFilter:</TokenIdentifier>
			<Abstract type="html"></Abstract>
			<DeclaredIn>CMISQueryAtomEntryWriter.h</DeclaredIn>			
			
			<Declaration>@property (nonatomic, strong) NSString *renditionFilter</Declaration>
			
			
			<Anchor>//api/name/renditionFilter</Anchor>
		</Token>
		
		<Token>
			<TokenIdentifier>//apple_ref/occ/instp/CMISQueryAtomEntryWriter/renditionFilter</TokenIdentifier>
			<Abstract type="html"></Abstract>
			<DeclaredIn>CMISQueryAtomEntryWriter.h</DeclaredIn>			
			
			<Declaration>@property (nonatomic, strong) NSString *renditionFilter</Declaration>
			
			
			<Anchor>//api/name/renditionFilter</Anchor>
		</Token>
		
		<Token>
			<TokenIdentifier>//apple_ref/occ/instm/CMISQueryAtomEntryWriter/setIncludeAllowableActions:</TokenIdentifier>
			<Abstract type="html"></Abstract>
			<DeclaredIn>CMISQueryAtomEntryWriter.h</DeclaredIn>			
			
			<Declaration>@property BOOL includeAllowableActions</Declaration>
			
			
			<Anchor>//api/name/includeAllowableActions</Anchor>
		</Token>
		
		<Token>
			<TokenIdentifier>//apple_ref/occ/instp/CMISQueryAtomEntryWriter/includeAllowableActions</TokenIdentifier>
			<Abstract type="html"></Abstract>
			<DeclaredIn>CMISQueryAtomEntryWriter.h</DeclaredIn>			
			
			<Declaration>@property BOOL includeAllowableActions</Declaration>
			
			
			<Anchor>//api/name/includeAllowableActions</Anchor>
		</Token>
		
		<Token>
			<TokenIdentifier>//apple_ref/occ/instm/CMISQueryAtomEntryWriter/setSkipCount:</TokenIdentifier>
			<Abstract type="html"></Abstract>
			<DeclaredIn>CMISQueryAtomEntryWriter.h</DeclaredIn>			
			
			<Declaration>@property (nonatomic, strong) NSNumber *skipCount</Declaration>
			
			
			<Anchor>//api/name/skipCount</Anchor>
		</Token>
		
		<Token>
			<TokenIdentifier>//apple_ref/occ/instp/CMISQueryAtomEntryWriter/skipCount</TokenIdentifier>
			<Abstract type="html"></Abstract>
			<DeclaredIn>CMISQueryAtomEntryWriter.h</DeclaredIn>			
			
			<Declaration>@property (nonatomic, strong) NSNumber *skipCount</Declaration>
			
			
			<Anchor>//api/name/skipCount</Anchor>
		</Token>
		
		<Token>
			<TokenIdentifier>//apple_ref/occ/instm/CMISQueryAtomEntryWriter/setMaxItems:</TokenIdentifier>
			<Abstract type="html"></Abstract>
			<DeclaredIn>CMISQueryAtomEntryWriter.h</DeclaredIn>			
			
			<Declaration>@property (nonatomic, strong) NSNumber *maxItems</Declaration>
			
			
			<Anchor>//api/name/maxItems</Anchor>
		</Token>
		
		<Token>
			<TokenIdentifier>//apple_ref/occ/instp/CMISQueryAtomEntryWriter/maxItems</TokenIdentifier>
			<Abstract type="html"></Abstract>
			<DeclaredIn>CMISQueryAtomEntryWriter.h</DeclaredIn>			
			
			<Declaration>@property (nonatomic, strong) NSNumber *maxItems</Declaration>
			
			
			<Anchor>//api/name/maxItems</Anchor>
		</Token>
		
		<Token>
			<TokenIdentifier>//apple_ref/occ/instm/CMISQueryAtomEntryWriter/generateAtomEntryXML</TokenIdentifier>
			<Abstract type="html">the XML query as string</Abstract>
			<DeclaredIn>CMISQueryAtomEntryWriter.h</DeclaredIn>			
			
			<Declaration>- (NSString *)generateAtomEntryXML</Declaration>
			
			<ReturnValue><Abstract type="html">the XML query as string</Abstract></ReturnValue>
			<Anchor>//api/name/generateAtomEntryXML</Anchor>
		</Token>
		
	</File>
</Tokens>