<?xml version="1.0" encoding="UTF-8"?>
<Tokens version="1.0">
	<File path="Classes/CMISPropertyDefinition.html">
		
		<Token>
			<TokenIdentifier>//apple_ref/occ/cl/CMISPropertyDefinition</TokenIdentifier>
			<Abstract type="html"></Abstract>
			<DeclaredIn>CMISPropertyDefinition.h</DeclaredIn>
			
			<NodeRef refid="52"/>
		</Token>
		
		
		<Token>
			<TokenIdentifier>//apple_ref/occ/instm/CMISPropertyDefinition/setId:</TokenIdentifier>
			<Abstract type="html"></Abstract>
			<DeclaredIn>CMISPropertyDefinition.h</DeclaredIn>			
			
			<Declaration>@property (nonatomic, strong) NSString *id</Declaration>
			
			
			<Anchor>//api/name/id</Anchor>
		</Token>
		
		<Token>
			<TokenIdentifier>//apple_ref/occ/instp/CMISPropertyDefinition/id</TokenIdentifier>
			<Abstract type="html"></Abstract>
			<DeclaredIn>CMISPropertyDefinition.h</DeclaredIn>			
			
			<Declaration>@property (nonatomic, strong) NSString *id</Declaration>
			
			
			<Anchor>//api/name/id</Anchor>
		</Token>
		
		<Token>
			<TokenIdentifier>//apple_ref/occ/instm/CMISPropertyDefinition/setLocalName:</TokenIdentifier>
			<Abstract type="html"></Abstract>
			<DeclaredIn>CMISPropertyDefinition.h</DeclaredIn>			
			
			<Declaration>@property (nonatomic, strong) NSString *localName</Declaration>
			
			
			<Anchor>//api/name/localName</Anchor>
		</Token>
		
		<Token>
			<TokenIdentifier>//apple_ref/occ/instp/CMISPropertyDefinition/localName</TokenIdentifier>
			<Abstract type="html"></Abstract>
			<DeclaredIn>CMISPropertyDefinition.h</DeclaredIn>			
			
			<Declaration>@property (nonatomic, strong) NSString *localName</Declaration>
			
			
			<Anchor>//api/name/localName</Anchor>
		</Token>
		
		<Token>
			<TokenIdentifier>//apple_ref/occ/instm/CMISPropertyDefinition/setLocalNamespace:</TokenIdentifier>
			<Abstract type="html"></Abstract>
			<DeclaredIn>CMISPropertyDefinition.h</DeclaredIn>			
			
			<Declaration>@property (nonatomic, strong) NSString *localNamespace</Declaration>
			
			
			<Anchor>//api/name/localNamespace</Anchor>
		</Token>
		
		<Token>
			<TokenIdentifier>//apple_ref/occ/instp/CMISPropertyDefinition/localNamespace</TokenIdentifier>
			<Abstract type="html"></Abstract>
			<DeclaredIn>CMISPropertyDefinition.h</DeclaredIn>			
			
			<Declaration>@property (nonatomic, strong) NSString *localNamespace</Declaration>
			
			
			<Anchor>//api/name/localNamespace</Anchor>
		</Token>
		
		<Token>
			<TokenIdentifier>//apple_ref/occ/instm/CMISPropertyDefinition/setDisplayName:</TokenIdentifier>
			<Abstract type="html"></Abstract>
			<DeclaredIn>CMISPropertyDefinition.h</DeclaredIn>			
			
			<Declaration>@property (nonatomic, strong) NSString *displayName</Declaration>
			
			
			<Anchor>//api/name/displayName</Anchor>
		</Token>
		
		<Token>
			<TokenIdentifier>//apple_ref/occ/instp/CMISPropertyDefinition/displayName</TokenIdentifier>
			<Abstract type="html"></Abstract>
			<DeclaredIn>CMISPropertyDefinition.h</DeclaredIn>			
			
			<Declaration>@property (nonatomic, strong) NSString *displayName</Declaration>
			
			
			<Anchor>//api/name/displayName</Anchor>
		</Token>
		
		<Token>
			<TokenIdentifier>//apple_ref/occ/instm/CMISPropertyDefinition/setQueryName:</TokenIdentifier>
			<Abstract type="html"></Abstract>
			<DeclaredIn>CMISPropertyDefinition.h</DeclaredIn>			
			
			<Declaration>@property (nonatomic, strong) NSString *queryName</Declaration>
			
			
			<Anchor>//api/name/queryName</Anchor>
		</Token>
		
		<Token>
			<TokenIdentifier>//apple_ref/occ/instp/CMISPropertyDefinition/queryName</TokenIdentifier>
			<Abstract type="html"></Abstract>
			<DeclaredIn>CMISPropertyDefinition.h</DeclaredIn>			
			
			<Declaration>@property (nonatomic, strong) NSString *queryName</Declaration>
			
			
			<Anchor>//api/name/queryName</Anchor>
		</Token>
		
		<Token>
			<TokenIdentifier>//apple_ref/occ/instm/CMISPropertyDefinition/setDescription:</TokenIdentifier>
			<Abstract type="html"></Abstract>
			<DeclaredIn>CMISPropertyDefinition.h</DeclaredIn>			
			
			<Declaration>@property (nonatomic, strong) NSString *description</Declaration>
			
			
			<Anchor>//api/name/description</Anchor>
		</Token>
		
		<Token>
			<TokenIdentifier>//apple_ref/occ/instp/CMISPropertyDefinition/description</TokenIdentifier>
			<Abstract type="html"></Abstract>
			<DeclaredIn>CMISPropertyDefinition.h</DeclaredIn>			
			
			<Declaration>@property (nonatomic, strong) NSString *description</Declaration>
			
			
			<Anchor>//api/name/description</Anchor>
		</Token>
		
		<Token>
			<TokenIdentifier>//apple_ref/occ/instm/CMISPropertyDefinition/setPropertyType:</TokenIdentifier>
			<Abstract type="html"></Abstract>
			<DeclaredIn>CMISPropertyDefinition.h</DeclaredIn>			
			
			<Declaration>@property (nonatomic, assign) CMISPropertyType propertyType</Declaration>
			
			
			<Anchor>//api/name/propertyType</Anchor>
		</Token>
		
		<Token>
			<TokenIdentifier>//apple_ref/occ/instp/CMISPropertyDefinition/propertyType</TokenIdentifier>
			<Abstract type="html"></Abstract>
			<DeclaredIn>CMISPropertyDefinition.h</DeclaredIn>			
			
			<Declaration>@property (nonatomic, assign) CMISPropertyType propertyType</Declaration>
			
			
			<Anchor>//api/name/propertyType</Anchor>
		</Token>
		
		<Token>
			<TokenIdentifier>//apple_ref/occ/instm/CMISPropertyDefinition/setCardinality:</TokenIdentifier>
			<Abstract type="html"></Abstract>
			<DeclaredIn>CMISPropertyDefinition.h</DeclaredIn>			
			
			<Declaration>@property (nonatomic, assign) CMISCardinality cardinality</Declaration>
			
			
			<Anchor>//api/name/cardinality</Anchor>
		</Token>
		
		<Token>
			<TokenIdentifier>//apple_ref/occ/instp/CMISPropertyDefinition/cardinality</TokenIdentifier>
			<Abstract type="html"></Abstract>
			<DeclaredIn>CMISPropertyDefinition.h</DeclaredIn>			
			
			<Declaration>@property (nonatomic, assign) CMISCardinality cardinality</Declaration>
			
			
			<Anchor>//api/name/cardinality</Anchor>
		</Token>
		
		<Token>
			<TokenIdentifier>//apple_ref/occ/instm/CMISPropertyDefinition/setUpdatability:</TokenIdentifier>
			<Abstract type="html"></Abstract>
			<DeclaredIn>CMISPropertyDefinition.h</DeclaredIn>			
			
			<Declaration>@property (nonatomic, assign) CMISUpdatability updatability</Declaration>
			
			
			<Anchor>//api/name/updatability</Anchor>
		</Token>
		
		<Token>
			<TokenIdentifier>//apple_ref/occ/instp/CMISPropertyDefinition/updatability</TokenIdentifier>
			<Abstract type="html"></Abstract>
			<DeclaredIn>CMISPropertyDefinition.h</DeclaredIn>			
			
			<Declaration>@property (nonatomic, assign) CMISUpdatability updatability</Declaration>
			
			
			<Anchor>//api/name/updatability</Anchor>
		</Token>
		
		<Token>
			<TokenIdentifier>//apple_ref/occ/instm/CMISPropertyDefinition/setInherited:</TokenIdentifier>
			<Abstract type="html"></Abstract>
			<DeclaredIn>CMISPropertyDefinition.h</DeclaredIn>			
			
			<Declaration>@property (nonatomic, assign, getter=isInherited) BOOL inherited</Declaration>
			
			
			<Anchor>//api/name/inherited</Anchor>
		</Token>
		
		<Token>
			<TokenIdentifier>//apple_ref/occ/instp/CMISPropertyDefinition/inherited</TokenIdentifier>
			<Abstract type="html"></Abstract>
			<DeclaredIn>CMISPropertyDefinition.h</DeclaredIn>			
			
			<Declaration>@property (nonatomic, assign, getter=isInherited) BOOL inherited</Declaration>
			
			
			<Anchor>//api/name/inherited</Anchor>
		</Token>
		
		<Token>
			<TokenIdentifier>//apple_ref/occ/instm/CMISPropertyDefinition/setRequired:</TokenIdentifier>
			<Abstract type="html"></Abstract>
			<DeclaredIn>CMISPropertyDefinition.h</DeclaredIn>			
			
			<Declaration>@property (nonatomic, assign, getter=isRequired) BOOL required</Declaration>
			
			
			<Anchor>//api/name/required</Anchor>
		</Token>
		
		<Token>
			<TokenIdentifier>//apple_ref/occ/instp/CMISPropertyDefinition/required</TokenIdentifier>
			<Abstract type="html"></Abstract>
			<DeclaredIn>CMISPropertyDefinition.h</DeclaredIn>			
			
			<Declaration>@property (nonatomic, assign, getter=isRequired) BOOL required</Declaration>
			
			
			<Anchor>//api/name/required</Anchor>
		</Token>
		
		<Token>
			<TokenIdentifier>//apple_ref/occ/instm/CMISPropertyDefinition/setQueryable:</TokenIdentifier>
			<Abstract type="html"></Abstract>
			<DeclaredIn>CMISPropertyDefinition.h</DeclaredIn>			
			
			<Declaration>@property (nonatomic, assign, getter=isQueryable) BOOL queryable</Declaration>
			
			
			<Anchor>//api/name/queryable</Anchor>
		</Token>
		
		<Token>
			<TokenIdentifier>//apple_ref/occ/instp/CMISPropertyDefinition/queryable</TokenIdentifier>
			<Abstract type="html"></Abstract>
			<DeclaredIn>CMISPropertyDefinition.h</DeclaredIn>			
			
			<Declaration>@property (nonatomic, assign, getter=isQueryable) BOOL queryable</Declaration>
			
			
			<Anchor>//api/name/queryable</Anchor>
		</Token>
		
		<Token>
			<TokenIdentifier>//apple_ref/occ/instm/CMISPropertyDefinition/setOrderable:</TokenIdentifier>
			<Abstract type="html"></Abstract>
			<DeclaredIn>CMISPropertyDefinition.h</DeclaredIn>			
			
			<Declaration>@property (nonatomic, assign, getter=isOrderable) BOOL orderable</Declaration>
			
			
			<Anchor>//api/name/orderable</Anchor>
		</Token>
		
		<Token>
			<TokenIdentifier>//apple_ref/occ/instp/CMISPropertyDefinition/orderable</TokenIdentifier>
			<Abstract type="html"></Abstract>
			<DeclaredIn>CMISPropertyDefinition.h</DeclaredIn>			
			
			<Declaration>@property (nonatomic, assign, getter=isOrderable) BOOL orderable</Declaration>
			
			
			<Anchor>//api/name/orderable</Anchor>
		</Token>
		
		<Token>
			<TokenIdentifier>//apple_ref/occ/instm/CMISPropertyDefinition/setOpenChoice:</TokenIdentifier>
			<Abstract type="html"></Abstract>
			<DeclaredIn>CMISPropertyDefinition.h</DeclaredIn>			
			
			<Declaration>@property (nonatomic, assign, getter=isOpenChoice) BOOL openChoice</Declaration>
			
			
			<Anchor>//api/name/openChoice</Anchor>
		</Token>
		
		<Token>
			<TokenIdentifier>//apple_ref/occ/instp/CMISPropertyDefinition/openChoice</TokenIdentifier>
			<Abstract type="html"></Abstract>
			<DeclaredIn>CMISPropertyDefinition.h</DeclaredIn>			
			
			<Declaration>@property (nonatomic, assign, getter=isOpenChoice) BOOL openChoice</Declaration>
			
			
			<Anchor>//api/name/openChoice</Anchor>
		</Token>
		
		<Token>
			<TokenIdentifier>//apple_ref/occ/instm/CMISPropertyDefinition/setDefaultValues:</TokenIdentifier>
			<Abstract type="html"></Abstract>
			<DeclaredIn>CMISPropertyDefinition.h</DeclaredIn>			
			
			<Declaration>@property (nonatomic, strong) NSArray *defaultValues</Declaration>
			
			
			<Anchor>//api/name/defaultValues</Anchor>
		</Token>
		
		<Token>
			<TokenIdentifier>//apple_ref/occ/instp/CMISPropertyDefinition/defaultValues</TokenIdentifier>
			<Abstract type="html"></Abstract>
			<DeclaredIn>CMISPropertyDefinition.h</DeclaredIn>			
			
			<Declaration>@property (nonatomic, strong) NSArray *defaultValues</Declaration>
			
			
			<Anchor>//api/name/defaultValues</Anchor>
		</Token>
		
		<Token>
			<TokenIdentifier>//apple_ref/occ/instm/CMISPropertyDefinition/setChoices:</TokenIdentifier>
			<Abstract type="html"></Abstract>
			<DeclaredIn>CMISPropertyDefinition.h</DeclaredIn>			
			
			<Declaration>@property (nonatomic, strong) NSArray *choices</Declaration>
			
			
			<Anchor>//api/name/choices</Anchor>
		</Token>
		
		<Token>
			<TokenIdentifier>//apple_ref/occ/instp/CMISPropertyDefinition/choices</TokenIdentifier>
			<Abstract type="html"></Abstract>
			<DeclaredIn>CMISPropertyDefinition.h</DeclaredIn>			
			
			<Declaration>@property (nonatomic, strong) NSArray *choices</Declaration>
			
			
			<Anchor>//api/name/choices</Anchor>
		</Token>
		
	</File>
</Tokens>