<?xml version="1.0" encoding="UTF-8"?>
<Tokens version="1.0">
	<File path="Protocols/CMISRepositoryService.html">
		
		<Token>
			<TokenIdentifier>//apple_ref/occ/intf/CMISRepositoryService</TokenIdentifier>
			<Abstract type="html"></Abstract>
			<DeclaredIn>CMISRepositoryService.h</DeclaredIn>
			
			<NodeRef refid="87"/>
		</Token>
		
		
		<Token>
			<TokenIdentifier>//apple_ref/occ/intfm/CMISRepositoryService/retrieveRepositoriesWithCompletionBlock:</TokenIdentifier>
			<Abstract type="html">Returns an array of CMISRepositoryInfo objects representing the repositories available at the endpoint.
completionBlock returns array of repositories or nil if unsuccessful</Abstract>
			<DeclaredIn>CMISRepositoryService.h</DeclaredIn>			
			
			<Declaration>- (CMISRequest *)retrieveRepositoriesWithCompletionBlock:(void ( ^ ) ( NSArray *repositories , NSError *error ))completionBlock</Declaration>
			
			
			<Anchor>//api/name/retrieveRepositoriesWithCompletionBlock:</Anchor>
		</Token>
		
		<Token>
			<TokenIdentifier>//apple_ref/occ/intfm/CMISRepositoryService/retrieveRepositoryInfoForId:completionBlock:</TokenIdentifier>
			<Abstract type="html">Returns the repository info for the repository with the given id
completionBlock returns repository or nil if unsuccessful</Abstract>
			<DeclaredIn>CMISRepositoryService.h</DeclaredIn>			
			
			<Declaration>- (CMISRequest *)retrieveRepositoryInfoForId:(NSString *)repositoryId completionBlock:(void ( ^ ) ( CMISRepositoryInfo *repositoryInfo , NSError *error ))completionBlock</Declaration>
			
			
			<Anchor>//api/name/retrieveRepositoryInfoForId:completionBlock:</Anchor>
		</Token>
		
		<Token>
			<TokenIdentifier>//apple_ref/occ/intfm/CMISRepositoryService/retrieveTypeDefinition:completionBlock:</TokenIdentifier>
			<Abstract type="html">Returns the type definitions
completionBlock returns type definition or nil if unsuccessful</Abstract>
			<DeclaredIn>CMISRepositoryService.h</DeclaredIn>			
			
			<Declaration>- (CMISRequest *)retrieveTypeDefinition:(NSString *)typeId completionBlock:(void ( ^ ) ( CMISTypeDefinition *typeDefinition , NSError *error ))completionBlock</Declaration>
			
			
			<Anchor>//api/name/retrieveTypeDefinition:completionBlock:</Anchor>
		</Token>
		
	</File>
</Tokens>