<?xml version="1.0" encoding="UTF-8"?>
<Tokens version="1.0">
	<File path="Protocols/CMISAllowableActionsParserDelegate.html">
		
		<Token>
			<TokenIdentifier>//apple_ref/occ/intf/CMISAllowableActionsParserDelegate</TokenIdentifier>
			<Abstract type="html"></Abstract>
			<DeclaredIn>CMISAllowableActionsParser.h</DeclaredIn>
			
			<NodeRef refid="72"/>
		</Token>
		
		
		<Token>
			<TokenIdentifier>//apple_ref/occ/intfm/CMISAllowableActionsParserDelegate/allowableActionsParser:didFinishParsingAllowableActions:</TokenIdentifier>
			<Abstract type="html"></Abstract>
			<DeclaredIn>CMISAllowableActionsParser.h</DeclaredIn>			
			
			<Declaration>- (void)allowableActionsParser:(CMISAllowableActionsParser *)parser didFinishParsingAllowableActions:(CMISAllowableActions *)allowableActions</Declaration>
			
			
			<Anchor>//api/name/allowableActionsParser:didFinishParsingAllowableActions:</Anchor>
		</Token>
		
	</File>
</Tokens>