<?xml version="1.0" encoding="UTF-8"?>
<Tokens version="1.0">
	<File path="Protocols/CMISAtomPubExtensionElementParserDelegate.html">
		
		<Token>
			<TokenIdentifier>//apple_ref/occ/intf/CMISAtomPubExtensionElementParserDelegate</TokenIdentifier>
			<Abstract type="html"></Abstract>
			<DeclaredIn>CMISAtomPubExtensionElementParser.h</DeclaredIn>
			
			<NodeRef refid="74"/>
		</Token>
		
		
		<Token>
			<TokenIdentifier>//apple_ref/occ/intfm/CMISAtomPubExtensionElementParserDelegate/extensionElementParser:didFinishParsingExtensionElement:</TokenIdentifier>
			<Abstract type="html">parses extension element</Abstract>
			<DeclaredIn>CMISAtomPubExtensionElementParser.h</DeclaredIn>			
			
			<Declaration>- (void)extensionElementParser:(CMISAtomPubExtensionElementParser *)parser didFinishParsingExtensionElement:(CMISExtensionElement *)extensionElement</Declaration>
			
			
			<Anchor>//api/name/extensionElementParser:didFinishParsingExtensionElement:</Anchor>
		</Token>
		
	</File>
</Tokens>