<?xml version="1.0" encoding="UTF-8"?>
<Tokens version="1.0">
	<File path="Classes/CMISAtomPubExtensionDataParserBase.html">
		
		<Token>
			<TokenIdentifier>//apple_ref/occ/cl/CMISAtomPubExtensionDataParserBase</TokenIdentifier>
			<Abstract type="html"></Abstract>
			<DeclaredIn>CMISAtomPubExtensionDataParserBase.h</DeclaredIn>
			
			<NodeRef refid="12"/>
		</Token>
		
		
		<Token>
			<TokenIdentifier>//apple_ref/occ/instm/CMISAtomPubExtensionDataParserBase/setChildParserDelegate:</TokenIdentifier>
			<Abstract type="html"></Abstract>
			<DeclaredIn>CMISAtomPubExtensionDataParserBase.h</DeclaredIn>			
			
			<Declaration>@property (nonatomic, strong) id&lt;NSXMLParserDelegate&gt; childParserDelegate</Declaration>
			
			
			<Anchor>//api/name/childParserDelegate</Anchor>
		</Token>
		
		<Token>
			<TokenIdentifier>//apple_ref/occ/instp/CMISAtomPubExtensionDataParserBase/childParserDelegate</TokenIdentifier>
			<Abstract type="html"></Abstract>
			<DeclaredIn>CMISAtomPubExtensionDataParserBase.h</DeclaredIn>			
			
			<Declaration>@property (nonatomic, strong) id&lt;NSXMLParserDelegate&gt; childParserDelegate</Declaration>
			
			
			<Anchor>//api/name/childParserDelegate</Anchor>
		</Token>
		
		<Token>
			<TokenIdentifier>//apple_ref/occ/instm/CMISAtomPubExtensionDataParserBase/setCurrentExtensions:</TokenIdentifier>
			<Abstract type="html"></Abstract>
			<DeclaredIn>CMISAtomPubExtensionDataParserBase.h</DeclaredIn>			
			
			<Declaration>@property (nonatomic, strong) NSMutableArray *currentExtensions</Declaration>
			
			
			<Anchor>//api/name/currentExtensions</Anchor>
		</Token>
		
		<Token>
			<TokenIdentifier>//apple_ref/occ/instp/CMISAtomPubExtensionDataParserBase/currentExtensions</TokenIdentifier>
			<Abstract type="html"></Abstract>
			<DeclaredIn>CMISAtomPubExtensionDataParserBase.h</DeclaredIn>			
			
			<Declaration>@property (nonatomic, strong) NSMutableArray *currentExtensions</Declaration>
			
			
			<Anchor>//api/name/currentExtensions</Anchor>
		</Token>
		
		<Token>
			<TokenIdentifier>//apple_ref/occ/instm/CMISAtomPubExtensionDataParserBase/setCurrentExtensionData:</TokenIdentifier>
			<Abstract type="html"></Abstract>
			<DeclaredIn>CMISAtomPubExtensionDataParserBase.h</DeclaredIn>			
			
			<Declaration>@property (nonatomic, strong) CMISExtensionData *currentExtensionData</Declaration>
			
			
			<Anchor>//api/name/currentExtensionData</Anchor>
		</Token>
		
		<Token>
			<TokenIdentifier>//apple_ref/occ/instp/CMISAtomPubExtensionDataParserBase/currentExtensionData</TokenIdentifier>
			<Abstract type="html"></Abstract>
			<DeclaredIn>CMISAtomPubExtensionDataParserBase.h</DeclaredIn>			
			
			<Declaration>@property (nonatomic, strong) CMISExtensionData *currentExtensionData</Declaration>
			
			
			<Anchor>//api/name/currentExtensionData</Anchor>
		</Token>
		
		<Token>
			<TokenIdentifier>//apple_ref/occ/instm/CMISAtomPubExtensionDataParserBase/setPreviousExtensionDataArray:</TokenIdentifier>
			<Abstract type="html"></Abstract>
			<DeclaredIn>CMISAtomPubExtensionDataParserBase.h</DeclaredIn>			
			
			<Declaration>@property (nonatomic, strong) NSMutableArray *previousExtensionDataArray</Declaration>
			
			
			<Anchor>//api/name/previousExtensionDataArray</Anchor>
		</Token>
		
		<Token>
			<TokenIdentifier>//apple_ref/occ/instp/CMISAtomPubExtensionDataParserBase/previousExtensionDataArray</TokenIdentifier>
			<Abstract type="html"></Abstract>
			<DeclaredIn>CMISAtomPubExtensionDataParserBase.h</DeclaredIn>			
			
			<Declaration>@property (nonatomic, strong) NSMutableArray *previousExtensionDataArray</Declaration>
			
			
			<Anchor>//api/name/previousExtensionDataArray</Anchor>
		</Token>
		
		<Token>
			<TokenIdentifier>//apple_ref/occ/instm/CMISAtomPubExtensionDataParserBase/init</TokenIdentifier>
			<Abstract type="html"></Abstract>
			<DeclaredIn>CMISAtomPubExtensionDataParserBase.h</DeclaredIn>			
			
			<Declaration>- (id)init</Declaration>
			
			
			<Anchor>//api/name/init</Anchor>
		</Token>
		
		<Token>
			<TokenIdentifier>//apple_ref/occ/instm/CMISAtomPubExtensionDataParserBase/pushNewCurrentExtensionData:</TokenIdentifier>
			<Abstract type="html">Saves the current extensionData and extensions state and sets the messaged object as the new current extensionData object</Abstract>
			<DeclaredIn>CMISAtomPubExtensionDataParserBase.h</DeclaredIn>			
			
			<Declaration>- (void)pushNewCurrentExtensionData:(CMISExtensionData *)extensionDataObject</Declaration>
			
			
			<Anchor>//api/name/pushNewCurrentExtensionData:</Anchor>
		</Token>
		
		<Token>
			<TokenIdentifier>//apple_ref/occ/instm/CMISAtomPubExtensionDataParserBase/saveCurrentExtensionsAndPushPreviousExtensionData</TokenIdentifier>
			<Abstract type="html">  Saves the current extensions on the extensionData object and makes the previous extensionData and extensions the current objects</Abstract>
			<DeclaredIn>CMISAtomPubExtensionDataParserBase.h</DeclaredIn>			
			
			<Declaration>- (void)saveCurrentExtensionsAndPushPreviousExtensionData</Declaration>
			
			
			<Anchor>//api/name/saveCurrentExtensionsAndPushPreviousExtensionData</Anchor>
		</Token>
		
	</File>
</Tokens>