<?xml version="1.0" encoding="UTF-8"?>
<Tokens version="1.0">
	<File path="Classes/CMISRepositoryInfoParser.html">
		
		<Token>
			<TokenIdentifier>//apple_ref/occ/cl/CMISRepositoryInfoParser</TokenIdentifier>
			<Abstract type="html"></Abstract>
			<DeclaredIn>CMISRepositoryInfoParser.h</DeclaredIn>
			
			<NodeRef refid="59"/>
		</Token>
		
		
		<Token>
			<TokenIdentifier>//apple_ref/occ/instm/CMISRepositoryInfoParser/setCurrentRepositoryInfo:</TokenIdentifier>
			<Abstract type="html"></Abstract>
			<DeclaredIn>CMISRepositoryInfoParser.h</DeclaredIn>			
			
			<Declaration>@property (nonatomic, strong, readonly) CMISRepositoryInfo *currentRepositoryInfo</Declaration>
			
			
			<Anchor>//api/name/currentRepositoryInfo</Anchor>
		</Token>
		
		<Token>
			<TokenIdentifier>//apple_ref/occ/instp/CMISRepositoryInfoParser/currentRepositoryInfo</TokenIdentifier>
			<Abstract type="html"></Abstract>
			<DeclaredIn>CMISRepositoryInfoParser.h</DeclaredIn>			
			
			<Declaration>@property (nonatomic, strong, readonly) CMISRepositoryInfo *currentRepositoryInfo</Declaration>
			
			
			<Anchor>//api/name/currentRepositoryInfo</Anchor>
		</Token>
		
		<Token>
			<TokenIdentifier>//apple_ref/occ/instm/CMISRepositoryInfoParser/initRepositoryInfoParserWithParentDelegate:parser:</TokenIdentifier>
			<Abstract type="html">designated initialiser</Abstract>
			<DeclaredIn>CMISRepositoryInfoParser.h</DeclaredIn>			
			
			<Declaration>- (id)initRepositoryInfoParserWithParentDelegate:(id&lt;NSXMLParserDelegate,CMISRepositoryInfoParserDelegate&gt;)parentDelegate parser:(NSXMLParser *)parser</Declaration>
			
			
			<Anchor>//api/name/initRepositoryInfoParserWithParentDelegate:parser:</Anchor>
		</Token>
		
		<Token>
			<TokenIdentifier>//apple_ref/occ/clm/CMISRepositoryInfoParser/repositoryInfoParserWithParentDelegate:parser:</TokenIdentifier>
			<Abstract type="html">parses repository info</Abstract>
			<DeclaredIn>CMISRepositoryInfoParser.h</DeclaredIn>			
			
			<Declaration>+ (id)repositoryInfoParserWithParentDelegate:(id&lt;NSXMLParserDelegate,CMISRepositoryInfoParserDelegate&gt;)parentDelegate parser:(NSXMLParser *)parser</Declaration>
			
			
			<Anchor>//api/name/repositoryInfoParserWithParentDelegate:parser:</Anchor>
		</Token>
		
	</File>
</Tokens>