<?xml version="1.0" encoding="UTF-8"?>
<Tokens version="1.0">
	<File path="Protocols/CMISVersioningService.html">
		
		<Token>
			<TokenIdentifier>//apple_ref/occ/intf/CMISVersioningService</TokenIdentifier>
			<Abstract type="html"></Abstract>
			<DeclaredIn>CMISVersioningService.h</DeclaredIn>
			
			<NodeRef refid="88"/>
		</Token>
		
		
		<Token>
			<TokenIdentifier>//apple_ref/occ/intfm/CMISVersioningService/retrieveObjectOfLatestVersion:major:filter:relationships:includePolicyIds:renditionFilter:includeACL:includeAllowableActions:completionBlock:</TokenIdentifier>
			<Abstract type="html">Get a the latest Document object in the Version Series.
@param objectId
@param major
@param filter
@param includeRelationships
@param includePolicyIds
@param renditionFilter
@param includeACL
@param includeAllowableActions</Abstract>
			<DeclaredIn>CMISVersioningService.h</DeclaredIn>			
			
			<Declaration>- (CMISRequest *)retrieveObjectOfLatestVersion:(NSString *)objectId major:(BOOL)major filter:(NSString *)filter relationships:(CMISIncludeRelationship)relationships includePolicyIds:(BOOL)includePolicyIds renditionFilter:(NSString *)renditionFilter includeACL:(BOOL)includeACL includeAllowableActions:(BOOL)includeAllowableActions completionBlock:(void ( ^ ) ( CMISObjectData *objectData , NSError *error ))completionBlock</Declaration>
			<Parameters>
				<Parameter>
					<Name>completionBlock</Name>
					<Abstract type="html">returns object data if found or nil otherwise</Abstract>
				</Parameter>
			</Parameters>
			
			<Anchor>//api/name/retrieveObjectOfLatestVersion:major:filter:relationships:includePolicyIds:renditionFilter:includeACL:includeAllowableActions:completionBlock:</Anchor>
		</Token>
		
		<Token>
			<TokenIdentifier>//apple_ref/occ/intfm/CMISVersioningService/retrieveAllVersions:filter:includeAllowableActions:completionBlock:</TokenIdentifier>
			<Abstract type="html">Returns the list of all Document Object in the given version series, sorted by creationDate descending (ie youngest first)
@param objectId
@param filter
@param includeAllowableActions</Abstract>
			<DeclaredIn>CMISVersioningService.h</DeclaredIn>			
			
			<Declaration>- (CMISRequest *)retrieveAllVersions:(NSString *)objectId filter:(NSString *)filter includeAllowableActions:(BOOL)includeAllowableActions completionBlock:(void ( ^ ) ( NSArray *objects , NSError *error ))completionBlock</Declaration>
			<Parameters>
				<Parameter>
					<Name>completionBlock</Name>
					<Abstract type="html">returns array of all versioned objects or nil otherwise</Abstract>
				</Parameter>
			</Parameters>
			
			<Anchor>//api/name/retrieveAllVersions:filter:includeAllowableActions:completionBlock:</Anchor>
		</Token>
		
	</File>
</Tokens>