<?xml version="1.0" encoding="UTF-8"?>
<Tokens version="1.0">
	<File path="Classes/CMISBindingFactory.html">
		
		<Token>
			<TokenIdentifier>//apple_ref/occ/cl/CMISBindingFactory</TokenIdentifier>
			<Abstract type="html"></Abstract>
			<DeclaredIn>CMISBindingFactory.h</DeclaredIn>
			
			<NodeRef refid="20"/>
		</Token>
		
		
		<Token>
			<TokenIdentifier>//apple_ref/occ/instm/CMISBindingFactory/bindingWithParameters:</TokenIdentifier>
			<Abstract type="html">Returns an instance of a CMISBinding using the given session parameters</Abstract>
			<DeclaredIn>CMISBindingFactory.h</DeclaredIn>			
			
			<Declaration>- (id&lt;CMISBinding&gt;)bindingWithParameters:(CMISSessionParameters *)sessionParameters</Declaration>
			
			
			<Anchor>//api/name/bindingWithParameters:</Anchor>
		</Token>
		
	</File>
</Tokens>