<?xml version="1.0" encoding="UTF-8"?>
<Tokens version="1.0">
	<File path="Classes/CMISLinkRelations.html">
		
		<Token>
			<TokenIdentifier>//apple_ref/occ/cl/CMISLinkRelations</TokenIdentifier>
			<Abstract type="html"></Abstract>
			<DeclaredIn>CMISLinkRelations.h</DeclaredIn>
			
			<NodeRef refid="39"/>
		</Token>
		
		
		<Token>
			<TokenIdentifier>//apple_ref/occ/instm/CMISLinkRelations/setLinkRelationSet:</TokenIdentifier>
			<Abstract type="html"></Abstract>
			<DeclaredIn>CMISLinkRelations.h</DeclaredIn>			
			
			<Declaration>@property (nonatomic, strong, readonly) NSSet *linkRelationSet</Declaration>
			
			
			<Anchor>//api/name/linkRelationSet</Anchor>
		</Token>
		
		<Token>
			<TokenIdentifier>//apple_ref/occ/instp/CMISLinkRelations/linkRelationSet</TokenIdentifier>
			<Abstract type="html"></Abstract>
			<DeclaredIn>CMISLinkRelations.h</DeclaredIn>			
			
			<Declaration>@property (nonatomic, strong, readonly) NSSet *linkRelationSet</Declaration>
			
			
			<Anchor>//api/name/linkRelationSet</Anchor>
		</Token>
		
		<Token>
			<TokenIdentifier>//apple_ref/occ/instm/CMISLinkRelations/initWithLinkRelationSet:</TokenIdentifier>
			<Abstract type="html"></Abstract>
			<DeclaredIn>CMISLinkRelations.h</DeclaredIn>			
			
			<Declaration>- (id)initWithLinkRelationSet:(NSSet *)linkRelationSet</Declaration>
			
			
			<Anchor>//api/name/initWithLinkRelationSet:</Anchor>
		</Token>
		
		<Token>
			<TokenIdentifier>//apple_ref/occ/instm/CMISLinkRelations/linkHrefForRel:</TokenIdentifier>
			<Abstract type="html">Returns the link href for the link relation. If more than one object exists for the link relation,
then nil is returned.  If no relation is found, nil is returned.</Abstract>
			<DeclaredIn>CMISLinkRelations.h</DeclaredIn>			
			
			<Declaration>- (NSString *)linkHrefForRel:(NSString *)rel</Declaration>
			
			
			<Anchor>//api/name/linkHrefForRel:</Anchor>
		</Token>
		
		<Token>
			<TokenIdentifier>//apple_ref/occ/instm/CMISLinkRelations/linkHrefForRel:type:</TokenIdentifier>
			<Abstract type="html">Returns the link href for the link relation &amp;amp; link type. If more than one object exists for the link relation,
then nil is returned.  If no relation is found, nil is returned.</Abstract>
			<DeclaredIn>CMISLinkRelations.h</DeclaredIn>			
			
			<Declaration>- (NSString *)linkHrefForRel:(NSString *)rel type:(NSString *)type</Declaration>
			
			
			<Anchor>//api/name/linkHrefForRel:type:</Anchor>
		</Token>
		
	</File>
</Tokens>