<?xml version="1.0" encoding="UTF-8"?>
<Tokens version="1.0">
	<File path="Classes/CMISObjectList.html">
		
		<Token>
			<TokenIdentifier>//apple_ref/occ/cl/CMISObjectList</TokenIdentifier>
			<Abstract type="html">Class to hold the result of executing a query
  </Abstract>
			<DeclaredIn>CMISObjectList.h</DeclaredIn>
			
			<NodeRef refid="47"/>
		</Token>
		
		
		<Token>
			<TokenIdentifier>//apple_ref/occ/instm/CMISObjectList/setObjects:</TokenIdentifier>
			<Abstract type="html">Array of CMISObjectData, representing a result of some query</Abstract>
			<DeclaredIn>CMISObjectList.h</DeclaredIn>			
			
			<Declaration>@property (nonatomic, strong) NSArray *objects</Declaration>
			
			
			<Anchor>//api/name/objects</Anchor>
		</Token>
		
		<Token>
			<TokenIdentifier>//apple_ref/occ/instp/CMISObjectList/objects</TokenIdentifier>
			<Abstract type="html">Array of CMISObjectData, representing a result of some query</Abstract>
			<DeclaredIn>CMISObjectList.h</DeclaredIn>			
			
			<Declaration>@property (nonatomic, strong) NSArray *objects</Declaration>
			
			
			<Anchor>//api/name/objects</Anchor>
		</Token>
		
		<Token>
			<TokenIdentifier>//apple_ref/occ/instm/CMISObjectList/setHasMoreItems:</TokenIdentifier>
			<Abstract type="html">TRUE if the Repository contains additional items after those contained in the response.
FALSE otherwise. If TRUE, a request with a larger skipCount or larger maxItems is expected
to return additional results (unless the contents of the repository has changed).</Abstract>
			<DeclaredIn>CMISObjectList.h</DeclaredIn>			
			
			<Declaration>@property BOOL hasMoreItems</Declaration>
			
			
			<Anchor>//api/name/hasMoreItems</Anchor>
		</Token>
		
		<Token>
			<TokenIdentifier>//apple_ref/occ/instp/CMISObjectList/hasMoreItems</TokenIdentifier>
			<Abstract type="html">TRUE if the Repository contains additional items after those contained in the response.
FALSE otherwise. If TRUE, a request with a larger skipCount or larger maxItems is expected
to return additional results (unless the contents of the repository has changed).</Abstract>
			<DeclaredIn>CMISObjectList.h</DeclaredIn>			
			
			<Declaration>@property BOOL hasMoreItems</Declaration>
			
			
			<Anchor>//api/name/hasMoreItems</Anchor>
		</Token>
		
		<Token>
			<TokenIdentifier>//apple_ref/occ/instm/CMISObjectList/setNumItems:</TokenIdentifier>
			<Abstract type="html">If the repository knows the total number of items in a result set, the repository SHOULD include the number here.
If the repository does not know the number of items in a result set, this parameter SHOULD not be set.
The value in the parameter MAY NOT be accurate the next time the client retrieves the result set
or the next page in the result set.</Abstract>
			<DeclaredIn>CMISObjectList.h</DeclaredIn>			
			
			<Declaration>@property NSInteger numItems</Declaration>
			
			
			<Anchor>//api/name/numItems</Anchor>
		</Token>
		
		<Token>
			<TokenIdentifier>//apple_ref/occ/instp/CMISObjectList/numItems</TokenIdentifier>
			<Abstract type="html">If the repository knows the total number of items in a result set, the repository SHOULD include the number here.
If the repository does not know the number of items in a result set, this parameter SHOULD not be set.
The value in the parameter MAY NOT be accurate the next time the client retrieves the result set
or the next page in the result set.</Abstract>
			<DeclaredIn>CMISObjectList.h</DeclaredIn>			
			
			<Declaration>@property NSInteger numItems</Declaration>
			
			
			<Anchor>//api/name/numItems</Anchor>
		</Token>
		
	</File>
</Tokens>