<?xml version="1.0" encoding="UTF-8"?>
<Tokens version="1.0">
	<File path="Classes/CMISFolder.html">
		
		<Token>
			<TokenIdentifier>//apple_ref/occ/cl/CMISFolder</TokenIdentifier>
			<Abstract type="html"></Abstract>
			<DeclaredIn>CMISFolder.h</DeclaredIn>
			
			<NodeRef refid="33"/>
		</Token>
		
		
		<Token>
			<TokenIdentifier>//apple_ref/occ/instm/CMISFolder/setPath:</TokenIdentifier>
			<Abstract type="html"></Abstract>
			<DeclaredIn>CMISFolder.h</DeclaredIn>			
			
			<Declaration>@property (nonatomic, strong, readonly) NSString *path</Declaration>
			
			
			<Anchor>//api/name/path</Anchor>
		</Token>
		
		<Token>
			<TokenIdentifier>//apple_ref/occ/instp/CMISFolder/path</TokenIdentifier>
			<Abstract type="html"></Abstract>
			<DeclaredIn>CMISFolder.h</DeclaredIn>			
			
			<Declaration>@property (nonatomic, strong, readonly) NSString *path</Declaration>
			
			
			<Anchor>//api/name/path</Anchor>
		</Token>
		
		<Token>
			<TokenIdentifier>//apple_ref/occ/instm/CMISFolder/retrieveChildrenWithCompletionBlock:</TokenIdentifier>
			<Abstract type="html">Retrieves the children of this folder as a paged result.</Abstract>
			<DeclaredIn>CMISFolder.h</DeclaredIn>			
			
			<Declaration>- (CMISRequest *)retrieveChildrenWithCompletionBlock:(void ( ^ ) ( CMISPagedResult *result , NSError *error ))completionBlock</Declaration>
			
			
			<Anchor>//api/name/retrieveChildrenWithCompletionBlock:</Anchor>
		</Token>
		
		<Token>
			<TokenIdentifier>//apple_ref/occ/instm/CMISFolder/isRootFolder</TokenIdentifier>
			<Abstract type="html">Checks if this folder is the root folder.</Abstract>
			<DeclaredIn>CMISFolder.h</DeclaredIn>			
			
			<Declaration>- (BOOL)isRootFolder</Declaration>
			
			
			<Anchor>//api/name/isRootFolder</Anchor>
		</Token>
		
		<Token>
			<TokenIdentifier>//apple_ref/occ/instm/CMISFolder/retrieveFolderParentWithCompletionBlock:</TokenIdentifier>
			<Abstract type="html">Gets the parent folder object.
The completionBlock will return CMISFolder object or nil if unsuccessful.</Abstract>
			<DeclaredIn>CMISFolder.h</DeclaredIn>			
			
			<Declaration>- (CMISRequest *)retrieveFolderParentWithCompletionBlock:(void ( ^ ) ( CMISFolder *folder , NSError *error ))completionBlock</Declaration>
			
			
			<Anchor>//api/name/retrieveFolderParentWithCompletionBlock:</Anchor>
		</Token>
		
		<Token>
			<TokenIdentifier>//apple_ref/occ/instm/CMISFolder/retrieveChildrenWithOperationContext:completionBlock:</TokenIdentifier>
			<Abstract type="html">Retrieves the children of this folder as a paged result using the provided operation context.</Abstract>
			<DeclaredIn>CMISFolder.h</DeclaredIn>			
			
			<Declaration>- (CMISRequest *)retrieveChildrenWithOperationContext:(CMISOperationContext *)operationContext completionBlock:(void ( ^ ) ( CMISPagedResult *result , NSError *error ))completionBlock</Declaration>
			
			
			<Anchor>//api/name/retrieveChildrenWithOperationContext:completionBlock:</Anchor>
		</Token>
		
		<Token>
			<TokenIdentifier>//apple_ref/occ/instm/CMISFolder/createFolder:completionBlock:</TokenIdentifier>
			<Abstract type="html">creates a folder with specified properties
completionBlock returns object Id of newly created folder or nil if not successful</Abstract>
			<DeclaredIn>CMISFolder.h</DeclaredIn>			
			
			<Declaration>- (CMISRequest *)createFolder:(NSDictionary *)properties completionBlock:(void ( ^ ) ( NSString *objectId , NSError *error ))completionBlock</Declaration>
			
			
			<Anchor>//api/name/createFolder:completionBlock:</Anchor>
		</Token>
		
		<Token>
			<TokenIdentifier>//apple_ref/occ/instm/CMISFolder/createDocumentFromFilePath:mimeType:properties:completionBlock:progressBlock:</TokenIdentifier>
			<Abstract type="html">creates a document with specified properties, mime Type
completionBlock returns object Id of newly created document or nil if not successful</Abstract>
			<DeclaredIn>CMISFolder.h</DeclaredIn>			
			
			<Declaration>- (CMISRequest *)createDocumentFromFilePath:(NSString *)filePath mimeType:(NSString *)mimeType properties:(NSDictionary *)properties completionBlock:(void ( ^ ) ( NSString *objectId , NSError *error ))completionBlock progressBlock:(void ( ^ ) ( unsigned long long bytesUploaded , unsigned long long bytesTotal ))progressBlock</Declaration>
			
			
			<Anchor>//api/name/createDocumentFromFilePath:mimeType:properties:completionBlock:progressBlock:</Anchor>
		</Token>
		
		<Token>
			<TokenIdentifier>//apple_ref/occ/instm/CMISFolder/createDocumentFromInputStream:mimeType:properties:bytesExpected:completionBlock:progressBlock:</TokenIdentifier>
			<Abstract type="html">creates a document with specified properties, mime Type
completionBlock returns object Id of newly created document or nil if not successful</Abstract>
			<DeclaredIn>CMISFolder.h</DeclaredIn>			
			
			<Declaration>- (CMISRequest *)createDocumentFromInputStream:(NSInputStream *)inputStream mimeType:(NSString *)mimeType properties:(NSDictionary *)properties bytesExpected:(unsigned long long)bytesExpected completionBlock:(void ( ^ ) ( NSString *objectId , NSError *error ))completionBlock progressBlock:(void ( ^ ) ( unsigned long long bytesUploaded , unsigned long long bytesTotal ))progressBlock</Declaration>
			
			
			<Anchor>//api/name/createDocumentFromInputStream:mimeType:properties:bytesExpected:completionBlock:progressBlock:</Anchor>
		</Token>
		
		<Token>
			<TokenIdentifier>//apple_ref/occ/instm/CMISFolder/deleteTreeWithDeleteAllVersions:unfileObjects:continueOnFailure:completionBlock:</TokenIdentifier>
			<Abstract type="html">creates a document with specified properties, mime Type
completionBlock returns list of failed objects (if any)</Abstract>
			<DeclaredIn>CMISFolder.h</DeclaredIn>			
			
			<Declaration>- (CMISRequest *)deleteTreeWithDeleteAllVersions:(BOOL)deleteAllversions unfileObjects:(CMISUnfileObject)unfileObjects continueOnFailure:(BOOL)continueOnFailure completionBlock:(void ( ^ ) ( NSArray *failedObjects , NSError *error ))completionBlock</Declaration>
			
			
			<Anchor>//api/name/deleteTreeWithDeleteAllVersions:unfileObjects:continueOnFailure:completionBlock:</Anchor>
		</Token>
		
	</File>
</Tokens>