<?xml version="1.0" encoding="UTF-8"?>
<Tokens version="1.0">
	<File path="Classes/CMISAtomParserUtil.html">
		
		<Token>
			<TokenIdentifier>//apple_ref/occ/cl/CMISAtomParserUtil</TokenIdentifier>
			<Abstract type="html"></Abstract>
			<DeclaredIn>CMISAtomParserUtil.h</DeclaredIn>
			
			<NodeRef refid="8"/>
		</Token>
		
		
		<Token>
			<TokenIdentifier>//apple_ref/occ/clm/CMISAtomParserUtil/atomPubTypeToInternalType:</TokenIdentifier>
			<Abstract type="html">converts an atomPubType to a CMISPropertyType object</Abstract>
			<DeclaredIn>CMISAtomParserUtil.h</DeclaredIn>			
			
			<Declaration>+ (CMISPropertyType)atomPubTypeToInternalType:(NSString *)atomPubType</Declaration>
			
			
			<Anchor>//api/name/atomPubTypeToInternalType:</Anchor>
		</Token>
		
		<Token>
			<TokenIdentifier>//apple_ref/occ/clm/CMISAtomParserUtil/parsePropertyValue:propertyType:addToArray:</TokenIdentifier>
			<Abstract type="html">parses the property value and adds it to an array</Abstract>
			<DeclaredIn>CMISAtomParserUtil.h</DeclaredIn>			
			
			<Declaration>+ (void)parsePropertyValue:(NSString *)stringValue propertyType:(NSString *)propertyType addToArray:(NSMutableArray *)array</Declaration>
			
			
			<Anchor>//api/name/parsePropertyValue:propertyType:addToArray:</Anchor>
		</Token>
		
	</File>
</Tokens>