<?xml version="1.0" encoding="UTF-8"?>
<Tokens version="1.0">
	<File path="Classes/CMISHttpRequest.html">
		
		<Token>
			<TokenIdentifier>//apple_ref/occ/cl/CMISHttpRequest</TokenIdentifier>
			<Abstract type="html"></Abstract>
			<DeclaredIn>CMISHttpRequest.h</DeclaredIn>
			
			<NodeRef refid="35"/>
		</Token>
		
		
		<Token>
			<TokenIdentifier>//apple_ref/occ/instm/CMISHttpRequest/setRequestMethod:</TokenIdentifier>
			<Abstract type="html"></Abstract>
			<DeclaredIn>CMISHttpRequest.h</DeclaredIn>			
			
			<Declaration>@property (nonatomic, assign) CMISHttpRequestMethod requestMethod</Declaration>
			
			
			<Anchor>//api/name/requestMethod</Anchor>
		</Token>
		
		<Token>
			<TokenIdentifier>//apple_ref/occ/instp/CMISHttpRequest/requestMethod</TokenIdentifier>
			<Abstract type="html"></Abstract>
			<DeclaredIn>CMISHttpRequest.h</DeclaredIn>			
			
			<Declaration>@property (nonatomic, assign) CMISHttpRequestMethod requestMethod</Declaration>
			
			
			<Anchor>//api/name/requestMethod</Anchor>
		</Token>
		
		<Token>
			<TokenIdentifier>//apple_ref/occ/instm/CMISHttpRequest/setConnection:</TokenIdentifier>
			<Abstract type="html"></Abstract>
			<DeclaredIn>CMISHttpRequest.h</DeclaredIn>			
			
			<Declaration>@property (nonatomic, strong) NSURLConnection *connection</Declaration>
			
			
			<Anchor>//api/name/connection</Anchor>
		</Token>
		
		<Token>
			<TokenIdentifier>//apple_ref/occ/instp/CMISHttpRequest/connection</TokenIdentifier>
			<Abstract type="html"></Abstract>
			<DeclaredIn>CMISHttpRequest.h</DeclaredIn>			
			
			<Declaration>@property (nonatomic, strong) NSURLConnection *connection</Declaration>
			
			
			<Anchor>//api/name/connection</Anchor>
		</Token>
		
		<Token>
			<TokenIdentifier>//apple_ref/occ/instm/CMISHttpRequest/setRequestBody:</TokenIdentifier>
			<Abstract type="html"></Abstract>
			<DeclaredIn>CMISHttpRequest.h</DeclaredIn>			
			
			<Declaration>@property (nonatomic, strong) NSData *requestBody</Declaration>
			
			
			<Anchor>//api/name/requestBody</Anchor>
		</Token>
		
		<Token>
			<TokenIdentifier>//apple_ref/occ/instp/CMISHttpRequest/requestBody</TokenIdentifier>
			<Abstract type="html"></Abstract>
			<DeclaredIn>CMISHttpRequest.h</DeclaredIn>			
			
			<Declaration>@property (nonatomic, strong) NSData *requestBody</Declaration>
			
			
			<Anchor>//api/name/requestBody</Anchor>
		</Token>
		
		<Token>
			<TokenIdentifier>//apple_ref/occ/instm/CMISHttpRequest/setResponseBody:</TokenIdentifier>
			<Abstract type="html"></Abstract>
			<DeclaredIn>CMISHttpRequest.h</DeclaredIn>			
			
			<Declaration>@property (nonatomic, strong) NSMutableData *responseBody</Declaration>
			
			
			<Anchor>//api/name/responseBody</Anchor>
		</Token>
		
		<Token>
			<TokenIdentifier>//apple_ref/occ/instp/CMISHttpRequest/responseBody</TokenIdentifier>
			<Abstract type="html"></Abstract>
			<DeclaredIn>CMISHttpRequest.h</DeclaredIn>			
			
			<Declaration>@property (nonatomic, strong) NSMutableData *responseBody</Declaration>
			
			
			<Anchor>//api/name/responseBody</Anchor>
		</Token>
		
		<Token>
			<TokenIdentifier>//apple_ref/occ/instm/CMISHttpRequest/setAdditionalHeaders:</TokenIdentifier>
			<Abstract type="html"></Abstract>
			<DeclaredIn>CMISHttpRequest.h</DeclaredIn>			
			
			<Declaration>@property (nonatomic, strong) NSDictionary *additionalHeaders</Declaration>
			
			
			<Anchor>//api/name/additionalHeaders</Anchor>
		</Token>
		
		<Token>
			<TokenIdentifier>//apple_ref/occ/instp/CMISHttpRequest/additionalHeaders</TokenIdentifier>
			<Abstract type="html"></Abstract>
			<DeclaredIn>CMISHttpRequest.h</DeclaredIn>			
			
			<Declaration>@property (nonatomic, strong) NSDictionary *additionalHeaders</Declaration>
			
			
			<Anchor>//api/name/additionalHeaders</Anchor>
		</Token>
		
		<Token>
			<TokenIdentifier>//apple_ref/occ/instm/CMISHttpRequest/setResponse:</TokenIdentifier>
			<Abstract type="html"></Abstract>
			<DeclaredIn>CMISHttpRequest.h</DeclaredIn>			
			
			<Declaration>@property (nonatomic, strong) NSHTTPURLResponse *response</Declaration>
			
			
			<Anchor>//api/name/response</Anchor>
		</Token>
		
		<Token>
			<TokenIdentifier>//apple_ref/occ/instp/CMISHttpRequest/response</TokenIdentifier>
			<Abstract type="html"></Abstract>
			<DeclaredIn>CMISHttpRequest.h</DeclaredIn>			
			
			<Declaration>@property (nonatomic, strong) NSHTTPURLResponse *response</Declaration>
			
			
			<Anchor>//api/name/response</Anchor>
		</Token>
		
		<Token>
			<TokenIdentifier>//apple_ref/occ/instm/CMISHttpRequest/setAuthenticationProvider:</TokenIdentifier>
			<Abstract type="html"></Abstract>
			<DeclaredIn>CMISHttpRequest.h</DeclaredIn>			
			
			<Declaration>@property (nonatomic, strong) id&lt;CMISAuthenticationProvider&gt; authenticationProvider</Declaration>
			
			
			<Anchor>//api/name/authenticationProvider</Anchor>
		</Token>
		
		<Token>
			<TokenIdentifier>//apple_ref/occ/instp/CMISHttpRequest/authenticationProvider</TokenIdentifier>
			<Abstract type="html"></Abstract>
			<DeclaredIn>CMISHttpRequest.h</DeclaredIn>			
			
			<Declaration>@property (nonatomic, strong) id&lt;CMISAuthenticationProvider&gt; authenticationProvider</Declaration>
			
			
			<Anchor>//api/name/authenticationProvider</Anchor>
		</Token>
		
		<Token>
			<TokenIdentifier>//apple_ref/occ/instm/CMISHttpRequest/setCompletionBlock:</TokenIdentifier>
			<Abstract type="html"></Abstract>
			<DeclaredIn>CMISHttpRequest.h</DeclaredIn>			
			
			<Declaration>@property (nonatomic, copy) void ( ^ ) ( CMISHttpResponse *httpResponse , NSError *error ) completionBlock</Declaration>
			
			
			<Anchor>//api/name/completionBlock</Anchor>
		</Token>
		
		<Token>
			<TokenIdentifier>//apple_ref/occ/instp/CMISHttpRequest/completionBlock</TokenIdentifier>
			<Abstract type="html"></Abstract>
			<DeclaredIn>CMISHttpRequest.h</DeclaredIn>			
			
			<Declaration>@property (nonatomic, copy) void ( ^ ) ( CMISHttpResponse *httpResponse , NSError *error ) completionBlock</Declaration>
			
			
			<Anchor>//api/name/completionBlock</Anchor>
		</Token>
		
		<Token>
			<TokenIdentifier>//apple_ref/occ/clm/CMISHttpRequest/startRequest:httpMethod:requestBody:headers:authenticationProvider:completionBlock:</TokenIdentifier>
			<Abstract type="html">starts a URL request for given HTTP method</Abstract>
			<DeclaredIn>CMISHttpRequest.h</DeclaredIn>			
			
			<Declaration>+ (id)startRequest:(NSMutableURLRequest *)urlRequest httpMethod:(CMISHttpRequestMethod)httpRequestMethod requestBody:(NSData *)requestBody headers:(NSDictionary *)additionalHeaders authenticationProvider:(id&lt;CMISAuthenticationProvider&gt;)authenticationProvider completionBlock:(void ( ^ ) ( CMISHttpResponse *httpResponse , NSError *error ))completionBlock</Declaration>
			<Parameters>
				<Parameter>
					<Name>requestBody</Name>
					<Abstract type="html">(optional)</Abstract>
				</Parameter><Parameter>
					<Name>additionalHeaders</Name>
					<Abstract type="html">(optional)</Abstract>
				</Parameter><Parameter>
					<Name>authenticationProvider</Name>
					<Abstract type="html">(required)
completionBlock returns a CMISHTTPResponse object or nil if unsuccessful</Abstract>
				</Parameter>
			</Parameters>
			
			<Anchor>//api/name/startRequest:httpMethod:requestBody:headers:authenticationProvider:completionBlock:</Anchor>
		</Token>
		
		<Token>
			<TokenIdentifier>//apple_ref/occ/instm/CMISHttpRequest/initWithHttpMethod:completionBlock:</TokenIdentifier>
			<Abstract type="html">initialises with a specified HTTP method</Abstract>
			<DeclaredIn>CMISHttpRequest.h</DeclaredIn>			
			
			<Declaration>- (id)initWithHttpMethod:(CMISHttpRequestMethod)httpRequestMethod completionBlock:(void ( ^ ) ( CMISHttpResponse *httpResponse , NSError *error ))completionBlock</Declaration>
			
			
			<Anchor>//api/name/initWithHttpMethod:completionBlock:</Anchor>
		</Token>
		
		<Token>
			<TokenIdentifier>//apple_ref/occ/instm/CMISHttpRequest/startRequest:</TokenIdentifier>
			<Abstract type="html">starts the URL request</Abstract>
			<DeclaredIn>CMISHttpRequest.h</DeclaredIn>			
			
			<Declaration>- (BOOL)startRequest:(NSMutableURLRequest *)urlRequest</Declaration>
			
			
			<Anchor>//api/name/startRequest:</Anchor>
		</Token>
		
	</File>
</Tokens>