<?xml version="1.0" encoding="UTF-8"?>
<Tokens version="1.0">
	<File path="Classes/CMISDateUtil.html">
		
		<Token>
			<TokenIdentifier>//apple_ref/occ/cl/CMISDateUtil</TokenIdentifier>
			<Abstract type="html"></Abstract>
			<DeclaredIn>CMISDateUtil.h</DeclaredIn>
			
			<NodeRef refid="23"/>
		</Token>
		
		
		<Token>
			<TokenIdentifier>//apple_ref/occ/clm/CMISDateUtil/stringFromDate:</TokenIdentifier>
			<Abstract type="html">converts a NSDate object into an ISO compliant date string</Abstract>
			<DeclaredIn>CMISDateUtil.h</DeclaredIn>			
			
			<Declaration>+ (NSString *)stringFromDate:(NSDate *)date</Declaration>
			
			
			<Anchor>//api/name/stringFromDate:</Anchor>
		</Token>
		
		<Token>
			<TokenIdentifier>//apple_ref/occ/clm/CMISDateUtil/dateFromString:</TokenIdentifier>
			<Abstract type="html">parses an ISO compliant string and returns the date</Abstract>
			<DeclaredIn>CMISDateUtil.h</DeclaredIn>			
			
			<Declaration>+ (NSDate *)dateFromString:(NSString *)string</Declaration>
			
			
			<Anchor>//api/name/dateFromString:</Anchor>
		</Token>
		
	</File>
</Tokens>