<?xml version="1.0" encoding="UTF-8"?>
<Tokens version="1.0">
	<File path="Classes/CMISRendition.html">
		
		<Token>
			<TokenIdentifier>//apple_ref/occ/cl/CMISRendition</TokenIdentifier>
			<Abstract type="html"></Abstract>
			<DeclaredIn>CMISRendition.h</DeclaredIn>
			
			<NodeRef refid="56"/>
		</Token>
		
		
		<Token>
			<TokenIdentifier>//apple_ref/occ/instm/CMISRendition/initWithRenditionData:objectId:session:</TokenIdentifier>
			<Abstract type="html">initialiser</Abstract>
			<DeclaredIn>CMISRendition.h</DeclaredIn>			
			
			<Declaration>- (id)initWithRenditionData:(CMISRenditionData *)renditionData objectId:(NSString *)objectId session:(CMISSession *)session</Declaration>
			
			
			<Anchor>//api/name/initWithRenditionData:objectId:session:</Anchor>
		</Token>
		
		<Token>
			<TokenIdentifier>//apple_ref/occ/instm/CMISRendition/retrieveRenditionDocumentWithCompletionBlock:</TokenIdentifier>
			<Abstract type="html">retrieves the rendition, e.g. thumbnail of a document
completionBlock returns the rendition object as CMIS document or nil if unsuccessful</Abstract>
			<DeclaredIn>CMISRendition.h</DeclaredIn>			
			
			<Declaration>- (CMISRequest *)retrieveRenditionDocumentWithCompletionBlock:(void ( ^ ) ( CMISDocument *document , NSError *error ))completionBlock</Declaration>
			
			
			<Anchor>//api/name/retrieveRenditionDocumentWithCompletionBlock:</Anchor>
		</Token>
		
		<Token>
			<TokenIdentifier>//apple_ref/occ/instm/CMISRendition/retrieveRenditionDocumentWithOperationContext:completionBlock:</TokenIdentifier>
			<Abstract type="html">retrieves the rendition, e.g. thumbnail of a document
completionBlock returns the rendition object as CMIS document or nil if unsuccessful</Abstract>
			<DeclaredIn>CMISRendition.h</DeclaredIn>			
			
			<Declaration>- (CMISRequest *)retrieveRenditionDocumentWithOperationContext:(CMISOperationContext *)operationContext completionBlock:(void ( ^ ) ( CMISDocument *document , NSError *error ))completionBlock</Declaration>
			
			
			<Anchor>//api/name/retrieveRenditionDocumentWithOperationContext:completionBlock:</Anchor>
		</Token>
		
		<Token>
			<TokenIdentifier>//apple_ref/occ/instm/CMISRendition/downloadRenditionContentToFile:completionBlock:progressBlock:</TokenIdentifier>
			<Abstract type="html">downloads the rendition of a document e.g. thumbnail of a document to a file
completionBlock returns the rendition object as CMIS document or nil if unsuccessful</Abstract>
			<DeclaredIn>CMISRendition.h</DeclaredIn>			
			
			<Declaration>- (CMISRequest *)downloadRenditionContentToFile:(NSString *)filePath completionBlock:(void ( ^ ) ( NSError *error ))completionBlock progressBlock:(void ( ^ ) ( unsigned long long bytesDownloaded , unsigned long long bytesTotal ))progressBlock</Declaration>
			
			
			<Anchor>//api/name/downloadRenditionContentToFile:completionBlock:progressBlock:</Anchor>
		</Token>
		
		<Token>
			<TokenIdentifier>//apple_ref/occ/instm/CMISRendition/downloadRenditionContentToOutputStream:completionBlock:progressBlock:</TokenIdentifier>
			<Abstract type="html">downloads the rendition of a document e.g. thumbnail of a document to a file
completionBlock returns the rendition object as CMIS document or nil if unsuccessful</Abstract>
			<DeclaredIn>CMISRendition.h</DeclaredIn>			
			
			<Declaration>- (CMISRequest *)downloadRenditionContentToOutputStream:(NSOutputStream *)outputStream completionBlock:(void ( ^ ) ( NSError *error ))completionBlock progressBlock:(void ( ^ ) ( unsigned long long bytesDownloaded , unsigned long long bytesTotal ))progressBlock</Declaration>
			
			
			<Anchor>//api/name/downloadRenditionContentToOutputStream:completionBlock:progressBlock:</Anchor>
		</Token>
		
	</File>
</Tokens>