<?xml version="1.0" encoding="UTF-8"?>
<Tokens version="1.0">
	<File path="Classes/CMISFileableObject.html">
		
		<Token>
			<TokenIdentifier>//apple_ref/occ/cl/CMISFileableObject</TokenIdentifier>
			<Abstract type="html"></Abstract>
			<DeclaredIn>CMISFileableObject.h</DeclaredIn>
			
			<NodeRef refid="32"/>
		</Token>
		
		
		<Token>
			<TokenIdentifier>//apple_ref/occ/instm/CMISFileableObject/retrieveParentsWithCompletionBlock:</TokenIdentifier>
			<Abstract type="html">Returns all the parents of this object as an array of CMISFolder objects.
CompletionBlock will return array or nil if unsuccessful
CompletionBlock will return nil for root folder and non-fileable objects.</Abstract>
			<DeclaredIn>CMISFileableObject.h</DeclaredIn>			
			
			<Declaration>- (CMISRequest *)retrieveParentsWithCompletionBlock:(void ( ^ ) ( NSArray *parentFolders , NSError *error ))completionBlock</Declaration>
			
			
			<Anchor>//api/name/retrieveParentsWithCompletionBlock:</Anchor>
		</Token>
		
		<Token>
			<TokenIdentifier>//apple_ref/occ/instm/CMISFileableObject/retrieveParentsWithOperationContext:completionBlock:</TokenIdentifier>
			<Abstract type="html">Returns all the parents of this object as an array of CMISFolder objects with paging options
CompletionBlock will return array or nil if unsuccessful
CompletionBlock will return nil for root folder and non-fileable objects.</Abstract>
			<DeclaredIn>CMISFileableObject.h</DeclaredIn>			
			
			<Declaration>- (CMISRequest *)retrieveParentsWithOperationContext:(CMISOperationContext *)operationContext completionBlock:(void ( ^ ) ( NSArray *parentFolders , NSError *error ))completionBlock</Declaration>
			
			
			<Anchor>//api/name/retrieveParentsWithOperationContext:completionBlock:</Anchor>
		</Token>
		
	</File>
</Tokens>