<?xml version="1.0" encoding="UTF-8"?>
<Tokens version="1.0">
	<File path="Classes/CMISBaseTest.html">
		
		<Token>
			<TokenIdentifier>//apple_ref/occ/cl/CMISBaseTest</TokenIdentifier>
			<Abstract type="html"></Abstract>
			<DeclaredIn>CMISBaseTest.h</DeclaredIn>
			
			<NodeRef refid="19"/>
		</Token>
		
		
		<Token>
			<TokenIdentifier>//apple_ref/occ/instm/CMISBaseTest/setParameters:</TokenIdentifier>
			<Abstract type="html"></Abstract>
			<DeclaredIn>CMISBaseTest.h</DeclaredIn>			
			
			<Declaration>@property (nonatomic, strong) CMISSessionParameters *parameters</Declaration>
			
			
			<Anchor>//api/name/parameters</Anchor>
		</Token>
		
		<Token>
			<TokenIdentifier>//apple_ref/occ/instp/CMISBaseTest/parameters</TokenIdentifier>
			<Abstract type="html"></Abstract>
			<DeclaredIn>CMISBaseTest.h</DeclaredIn>			
			
			<Declaration>@property (nonatomic, strong) CMISSessionParameters *parameters</Declaration>
			
			
			<Anchor>//api/name/parameters</Anchor>
		</Token>
		
		<Token>
			<TokenIdentifier>//apple_ref/occ/instm/CMISBaseTest/setSession:</TokenIdentifier>
			<Abstract type="html"></Abstract>
			<DeclaredIn>CMISBaseTest.h</DeclaredIn>			
			
			<Declaration>@property (nonatomic, strong) CMISSession *session</Declaration>
			
			
			<Anchor>//api/name/session</Anchor>
		</Token>
		
		<Token>
			<TokenIdentifier>//apple_ref/occ/instp/CMISBaseTest/session</TokenIdentifier>
			<Abstract type="html"></Abstract>
			<DeclaredIn>CMISBaseTest.h</DeclaredIn>			
			
			<Declaration>@property (nonatomic, strong) CMISSession *session</Declaration>
			
			
			<Anchor>//api/name/session</Anchor>
		</Token>
		
		<Token>
			<TokenIdentifier>//apple_ref/occ/instm/CMISBaseTest/setRootFolder:</TokenIdentifier>
			<Abstract type="html"></Abstract>
			<DeclaredIn>CMISBaseTest.h</DeclaredIn>			
			
			<Declaration>@property (nonatomic, strong) CMISFolder *rootFolder</Declaration>
			
			
			<Anchor>//api/name/rootFolder</Anchor>
		</Token>
		
		<Token>
			<TokenIdentifier>//apple_ref/occ/instp/CMISBaseTest/rootFolder</TokenIdentifier>
			<Abstract type="html"></Abstract>
			<DeclaredIn>CMISBaseTest.h</DeclaredIn>			
			
			<Declaration>@property (nonatomic, strong) CMISFolder *rootFolder</Declaration>
			
			
			<Anchor>//api/name/rootFolder</Anchor>
		</Token>
		
		<Token>
			<TokenIdentifier>//apple_ref/occ/instm/CMISBaseTest/setTestCompleted:</TokenIdentifier>
			<Abstract type="html"></Abstract>
			<DeclaredIn>CMISBaseTest.h</DeclaredIn>			
			
			<Declaration>@property BOOL testCompleted</Declaration>
			
			
			<Anchor>//api/name/testCompleted</Anchor>
		</Token>
		
		<Token>
			<TokenIdentifier>//apple_ref/occ/instp/CMISBaseTest/testCompleted</TokenIdentifier>
			<Abstract type="html"></Abstract>
			<DeclaredIn>CMISBaseTest.h</DeclaredIn>			
			
			<Declaration>@property BOOL testCompleted</Declaration>
			
			
			<Anchor>//api/name/testCompleted</Anchor>
		</Token>
		
		<Token>
			<TokenIdentifier>//apple_ref/occ/instm/CMISBaseTest/runTest:</TokenIdentifier>
			<Abstract type="html"></Abstract>
			<DeclaredIn>CMISBaseTest.h</DeclaredIn>			
			
			<Declaration>- (void)runTest:(CMISTestBlock)testBlock</Declaration>
			
			
			<Anchor>//api/name/runTest:</Anchor>
		</Token>
		
		<Token>
			<TokenIdentifier>//apple_ref/occ/instm/CMISBaseTest/runTest:withExtraSessionParameters:</TokenIdentifier>
			<Abstract type="html"></Abstract>
			<DeclaredIn>CMISBaseTest.h</DeclaredIn>			
			
			<Declaration>- (void)runTest:(CMISTestBlock)testBlock withExtraSessionParameters:(NSDictionary *)extraSessionParameters</Declaration>
			
			
			<Anchor>//api/name/runTest:withExtraSessionParameters:</Anchor>
		</Token>
		
		<Token>
			<TokenIdentifier>//apple_ref/occ/instm/CMISBaseTest/customCmisParameters</TokenIdentifier>
			<Abstract type="html"></Abstract>
			<DeclaredIn>CMISBaseTest.h</DeclaredIn>			
			
			<Declaration>- (NSDictionary *)customCmisParameters</Declaration>
			
			
			<Anchor>//api/name/customCmisParameters</Anchor>
		</Token>
		
		<Token>
			<TokenIdentifier>//apple_ref/occ/instm/CMISBaseTest/retrieveVersionedTestDocumentWithCompletionBlock:</TokenIdentifier>
			<Abstract type="html"></Abstract>
			<DeclaredIn>CMISBaseTest.h</DeclaredIn>			
			
			<Declaration>- (void)retrieveVersionedTestDocumentWithCompletionBlock:(void ( ^ ) ( CMISDocument *document ))completionBlock</Declaration>
			
			
			<Anchor>//api/name/retrieveVersionedTestDocumentWithCompletionBlock:</Anchor>
		</Token>
		
		<Token>
			<TokenIdentifier>//apple_ref/occ/instm/CMISBaseTest/uploadTestFileWithCompletionBlock:</TokenIdentifier>
			<Abstract type="html"></Abstract>
			<DeclaredIn>CMISBaseTest.h</DeclaredIn>			
			
			<Declaration>- (void)uploadTestFileWithCompletionBlock:(void ( ^ ) ( CMISDocument *document ))completionBlock</Declaration>
			
			
			<Anchor>//api/name/uploadTestFileWithCompletionBlock:</Anchor>
		</Token>
		
		<Token>
			<TokenIdentifier>//apple_ref/occ/instm/CMISBaseTest/deleteDocumentAndVerify:completionBlock:</TokenIdentifier>
			<Abstract type="html"></Abstract>
			<DeclaredIn>CMISBaseTest.h</DeclaredIn>			
			
			<Declaration>- (void)deleteDocumentAndVerify:(CMISDocument *)document completionBlock:(void ( ^ ) ( void ))completionBlock</Declaration>
			
			
			<Anchor>//api/name/deleteDocumentAndVerify:completionBlock:</Anchor>
		</Token>
		
		<Token>
			<TokenIdentifier>//apple_ref/occ/instm/CMISBaseTest/waitForCompletion:</TokenIdentifier>
			<Abstract type="html"></Abstract>
			<DeclaredIn>CMISBaseTest.h</DeclaredIn>			
			
			<Declaration>- (void)waitForCompletion:(NSTimeInterval)timeoutSecs</Declaration>
			
			
			<Anchor>//api/name/waitForCompletion:</Anchor>
		</Token>
		
		<Token>
			<TokenIdentifier>//apple_ref/occ/instm/CMISBaseTest/testDateFormatter</TokenIdentifier>
			<Abstract type="html"></Abstract>
			<DeclaredIn>CMISBaseTest.h</DeclaredIn>			
			
			<Declaration>- (NSDateFormatter *)testDateFormatter</Declaration>
			
			
			<Anchor>//api/name/testDateFormatter</Anchor>
		</Token>
		
		<Token>
			<TokenIdentifier>//apple_ref/occ/instm/CMISBaseTest/stringFromCurrentDate</TokenIdentifier>
			<Abstract type="html"></Abstract>
			<DeclaredIn>CMISBaseTest.h</DeclaredIn>			
			
			<Declaration>- (NSString *)stringFromCurrentDate</Declaration>
			
			
			<Anchor>//api/name/stringFromCurrentDate</Anchor>
		</Token>
		
	</File>
</Tokens>