<?xml version="1.0" encoding="UTF-8"?>
<Tokens version="1.0">
	<File path="Protocols/CMISPropertyDefinitionDelegate.html">
		
		<Token>
			<TokenIdentifier>//apple_ref/occ/intf/CMISPropertyDefinitionDelegate</TokenIdentifier>
			<Abstract type="html"></Abstract>
			<DeclaredIn>CMISPropertyDefinitionParser.h</DeclaredIn>
			
			<NodeRef refid="84"/>
		</Token>
		
		
		<Token>
			<TokenIdentifier>//apple_ref/occ/intfm/CMISPropertyDefinitionDelegate/propertyDefinitionParser:didFinishParsingPropertyDefinition:</TokenIdentifier>
			<Abstract type="html"></Abstract>
			<DeclaredIn>CMISPropertyDefinitionParser.h</DeclaredIn>			
			
			<Declaration>- (void)propertyDefinitionParser:(id)propertyDefinitionParser didFinishParsingPropertyDefinition:(CMISPropertyDefinition *)propertyDefinition</Declaration>
			
			
			<Anchor>//api/name/propertyDefinitionParser:didFinishParsingPropertyDefinition:</Anchor>
		</Token>
		
	</File>
</Tokens>