<?xml version="1.0" encoding="UTF-8"?>
<Tokens version="1.0">
	<File path="Classes/CMISOperationContext.html">
		
		<Token>
			<TokenIdentifier>//apple_ref/occ/cl/CMISOperationContext</TokenIdentifier>
			<Abstract type="html"></Abstract>
			<DeclaredIn>CMISOperationContext.h</DeclaredIn>
			
			<NodeRef refid="48"/>
		</Token>
		
		
		<Token>
			<TokenIdentifier>//apple_ref/occ/instm/CMISOperationContext/setFilterString:</TokenIdentifier>
			<Abstract type="html"></Abstract>
			<DeclaredIn>CMISOperationContext.h</DeclaredIn>			
			
			<Declaration>@property (nonatomic, strong) NSString *filterString</Declaration>
			
			
			<Anchor>//api/name/filterString</Anchor>
		</Token>
		
		<Token>
			<TokenIdentifier>//apple_ref/occ/instp/CMISOperationContext/filterString</TokenIdentifier>
			<Abstract type="html"></Abstract>
			<DeclaredIn>CMISOperationContext.h</DeclaredIn>			
			
			<Declaration>@property (nonatomic, strong) NSString *filterString</Declaration>
			
			
			<Anchor>//api/name/filterString</Anchor>
		</Token>
		
		<Token>
			<TokenIdentifier>//apple_ref/occ/instm/CMISOperationContext/setIncludeAllowableActions:</TokenIdentifier>
			<Abstract type="html"></Abstract>
			<DeclaredIn>CMISOperationContext.h</DeclaredIn>			
			
			<Declaration>@property (nonatomic, assign) BOOL includeAllowableActions</Declaration>
			
			
			<Anchor>//api/name/includeAllowableActions</Anchor>
		</Token>
		
		<Token>
			<TokenIdentifier>//apple_ref/occ/instp/CMISOperationContext/includeAllowableActions</TokenIdentifier>
			<Abstract type="html"></Abstract>
			<DeclaredIn>CMISOperationContext.h</DeclaredIn>			
			
			<Declaration>@property (nonatomic, assign) BOOL includeAllowableActions</Declaration>
			
			
			<Anchor>//api/name/includeAllowableActions</Anchor>
		</Token>
		
		<Token>
			<TokenIdentifier>//apple_ref/occ/instm/CMISOperationContext/setIncludeACLs:</TokenIdentifier>
			<Abstract type="html"></Abstract>
			<DeclaredIn>CMISOperationContext.h</DeclaredIn>			
			
			<Declaration>@property (nonatomic, assign) BOOL includeACLs</Declaration>
			
			
			<Anchor>//api/name/includeACLs</Anchor>
		</Token>
		
		<Token>
			<TokenIdentifier>//apple_ref/occ/instp/CMISOperationContext/includeACLs</TokenIdentifier>
			<Abstract type="html"></Abstract>
			<DeclaredIn>CMISOperationContext.h</DeclaredIn>			
			
			<Declaration>@property (nonatomic, assign) BOOL includeACLs</Declaration>
			
			
			<Anchor>//api/name/includeACLs</Anchor>
		</Token>
		
		<Token>
			<TokenIdentifier>//apple_ref/occ/instm/CMISOperationContext/setRelationships:</TokenIdentifier>
			<Abstract type="html"></Abstract>
			<DeclaredIn>CMISOperationContext.h</DeclaredIn>			
			
			<Declaration>@property (nonatomic, assign) CMISIncludeRelationship relationships</Declaration>
			
			
			<Anchor>//api/name/relationships</Anchor>
		</Token>
		
		<Token>
			<TokenIdentifier>//apple_ref/occ/instp/CMISOperationContext/relationships</TokenIdentifier>
			<Abstract type="html"></Abstract>
			<DeclaredIn>CMISOperationContext.h</DeclaredIn>			
			
			<Declaration>@property (nonatomic, assign) CMISIncludeRelationship relationships</Declaration>
			
			
			<Anchor>//api/name/relationships</Anchor>
		</Token>
		
		<Token>
			<TokenIdentifier>//apple_ref/occ/instm/CMISOperationContext/setIncludePolicies:</TokenIdentifier>
			<Abstract type="html"></Abstract>
			<DeclaredIn>CMISOperationContext.h</DeclaredIn>			
			
			<Declaration>@property (nonatomic, assign) BOOL includePolicies</Declaration>
			
			
			<Anchor>//api/name/includePolicies</Anchor>
		</Token>
		
		<Token>
			<TokenIdentifier>//apple_ref/occ/instp/CMISOperationContext/includePolicies</TokenIdentifier>
			<Abstract type="html"></Abstract>
			<DeclaredIn>CMISOperationContext.h</DeclaredIn>			
			
			<Declaration>@property (nonatomic, assign) BOOL includePolicies</Declaration>
			
			
			<Anchor>//api/name/includePolicies</Anchor>
		</Token>
		
		<Token>
			<TokenIdentifier>//apple_ref/occ/instm/CMISOperationContext/setRenditionFilterString:</TokenIdentifier>
			<Abstract type="html"></Abstract>
			<DeclaredIn>CMISOperationContext.h</DeclaredIn>			
			
			<Declaration>@property (nonatomic, strong) NSString *renditionFilterString</Declaration>
			
			
			<Anchor>//api/name/renditionFilterString</Anchor>
		</Token>
		
		<Token>
			<TokenIdentifier>//apple_ref/occ/instp/CMISOperationContext/renditionFilterString</TokenIdentifier>
			<Abstract type="html"></Abstract>
			<DeclaredIn>CMISOperationContext.h</DeclaredIn>			
			
			<Declaration>@property (nonatomic, strong) NSString *renditionFilterString</Declaration>
			
			
			<Anchor>//api/name/renditionFilterString</Anchor>
		</Token>
		
		<Token>
			<TokenIdentifier>//apple_ref/occ/instm/CMISOperationContext/setOrderBy:</TokenIdentifier>
			<Abstract type="html"></Abstract>
			<DeclaredIn>CMISOperationContext.h</DeclaredIn>			
			
			<Declaration>@property (nonatomic, strong) NSString *orderBy</Declaration>
			
			
			<Anchor>//api/name/orderBy</Anchor>
		</Token>
		
		<Token>
			<TokenIdentifier>//apple_ref/occ/instp/CMISOperationContext/orderBy</TokenIdentifier>
			<Abstract type="html"></Abstract>
			<DeclaredIn>CMISOperationContext.h</DeclaredIn>			
			
			<Declaration>@property (nonatomic, strong) NSString *orderBy</Declaration>
			
			
			<Anchor>//api/name/orderBy</Anchor>
		</Token>
		
		<Token>
			<TokenIdentifier>//apple_ref/occ/instm/CMISOperationContext/setIncludePathSegments:</TokenIdentifier>
			<Abstract type="html"></Abstract>
			<DeclaredIn>CMISOperationContext.h</DeclaredIn>			
			
			<Declaration>@property (nonatomic, assign) BOOL includePathSegments</Declaration>
			
			
			<Anchor>//api/name/includePathSegments</Anchor>
		</Token>
		
		<Token>
			<TokenIdentifier>//apple_ref/occ/instp/CMISOperationContext/includePathSegments</TokenIdentifier>
			<Abstract type="html"></Abstract>
			<DeclaredIn>CMISOperationContext.h</DeclaredIn>			
			
			<Declaration>@property (nonatomic, assign) BOOL includePathSegments</Declaration>
			
			
			<Anchor>//api/name/includePathSegments</Anchor>
		</Token>
		
		<Token>
			<TokenIdentifier>//apple_ref/occ/instm/CMISOperationContext/setMaxItemsPerPage:</TokenIdentifier>
			<Abstract type="html"></Abstract>
			<DeclaredIn>CMISOperationContext.h</DeclaredIn>			
			
			<Declaration>@property (nonatomic, assign) NSInteger maxItemsPerPage</Declaration>
			
			
			<Anchor>//api/name/maxItemsPerPage</Anchor>
		</Token>
		
		<Token>
			<TokenIdentifier>//apple_ref/occ/instp/CMISOperationContext/maxItemsPerPage</TokenIdentifier>
			<Abstract type="html"></Abstract>
			<DeclaredIn>CMISOperationContext.h</DeclaredIn>			
			
			<Declaration>@property (nonatomic, assign) NSInteger maxItemsPerPage</Declaration>
			
			
			<Anchor>//api/name/maxItemsPerPage</Anchor>
		</Token>
		
		<Token>
			<TokenIdentifier>//apple_ref/occ/instm/CMISOperationContext/setSkipCount:</TokenIdentifier>
			<Abstract type="html"></Abstract>
			<DeclaredIn>CMISOperationContext.h</DeclaredIn>			
			
			<Declaration>@property (nonatomic, assign) NSInteger skipCount</Declaration>
			
			
			<Anchor>//api/name/skipCount</Anchor>
		</Token>
		
		<Token>
			<TokenIdentifier>//apple_ref/occ/instp/CMISOperationContext/skipCount</TokenIdentifier>
			<Abstract type="html"></Abstract>
			<DeclaredIn>CMISOperationContext.h</DeclaredIn>			
			
			<Declaration>@property (nonatomic, assign) NSInteger skipCount</Declaration>
			
			
			<Anchor>//api/name/skipCount</Anchor>
		</Token>
		
		<Token>
			<TokenIdentifier>//apple_ref/occ/clm/CMISOperationContext/defaultOperationContext</TokenIdentifier>
			<Abstract type="html">* creates a default operationContext instance. The defaults are
- 100 items per page
- start at first 100 items</Abstract>
			<DeclaredIn>CMISOperationContext.h</DeclaredIn>			
			
			<Declaration>+ (CMISOperationContext *)defaultOperationContext</Declaration>
			
			
			<Anchor>//api/name/defaultOperationContext</Anchor>
		</Token>
		
	</File>
</Tokens>