<?xml version="1.0" encoding="UTF-8"?>
<Tokens version="1.0">
	<File path="Classes/CMISHttpResponse.html">
		
		<Token>
			<TokenIdentifier>//apple_ref/occ/cl/CMISHttpResponse</TokenIdentifier>
			<Abstract type="html"></Abstract>
			<DeclaredIn>CMISHttpResponse.h</DeclaredIn>
			
			<NodeRef refid="36"/>
		</Token>
		
		
		<Token>
			<TokenIdentifier>//apple_ref/occ/instm/CMISHttpResponse/setStatusCode:</TokenIdentifier>
			<Abstract type="html"></Abstract>
			<DeclaredIn>CMISHttpResponse.h</DeclaredIn>			
			
			<Declaration>@property NSInteger statusCode</Declaration>
			
			
			<Anchor>//api/name/statusCode</Anchor>
		</Token>
		
		<Token>
			<TokenIdentifier>//apple_ref/occ/instp/CMISHttpResponse/statusCode</TokenIdentifier>
			<Abstract type="html"></Abstract>
			<DeclaredIn>CMISHttpResponse.h</DeclaredIn>			
			
			<Declaration>@property NSInteger statusCode</Declaration>
			
			
			<Anchor>//api/name/statusCode</Anchor>
		</Token>
		
		<Token>
			<TokenIdentifier>//apple_ref/occ/instm/CMISHttpResponse/setStatusCodeMessage:</TokenIdentifier>
			<Abstract type="html"></Abstract>
			<DeclaredIn>CMISHttpResponse.h</DeclaredIn>			
			
			<Declaration>@property (nonatomic, strong) NSString *statusCodeMessage</Declaration>
			
			
			<Anchor>//api/name/statusCodeMessage</Anchor>
		</Token>
		
		<Token>
			<TokenIdentifier>//apple_ref/occ/instp/CMISHttpResponse/statusCodeMessage</TokenIdentifier>
			<Abstract type="html"></Abstract>
			<DeclaredIn>CMISHttpResponse.h</DeclaredIn>			
			
			<Declaration>@property (nonatomic, strong) NSString *statusCodeMessage</Declaration>
			
			
			<Anchor>//api/name/statusCodeMessage</Anchor>
		</Token>
		
		<Token>
			<TokenIdentifier>//apple_ref/occ/instm/CMISHttpResponse/setData:</TokenIdentifier>
			<Abstract type="html"></Abstract>
			<DeclaredIn>CMISHttpResponse.h</DeclaredIn>			
			
			<Declaration>@property (nonatomic, strong, readonly) NSData *data</Declaration>
			
			
			<Anchor>//api/name/data</Anchor>
		</Token>
		
		<Token>
			<TokenIdentifier>//apple_ref/occ/instp/CMISHttpResponse/data</TokenIdentifier>
			<Abstract type="html"></Abstract>
			<DeclaredIn>CMISHttpResponse.h</DeclaredIn>			
			
			<Declaration>@property (nonatomic, strong, readonly) NSData *data</Declaration>
			
			
			<Anchor>//api/name/data</Anchor>
		</Token>
		
		<Token>
			<TokenIdentifier>//apple_ref/occ/clm/CMISHttpResponse/responseUsingURLHTTPResponse:data:</TokenIdentifier>
			<Abstract type="html">wrapper for returned NSHTTPURLResponse and retrieved data</Abstract>
			<DeclaredIn>CMISHttpResponse.h</DeclaredIn>			
			
			<Declaration>+ (CMISHttpResponse *)responseUsingURLHTTPResponse:(NSHTTPURLResponse *)HTTPURLResponse data:(NSData *)data</Declaration>
			
			
			<Anchor>//api/name/responseUsingURLHTTPResponse:data:</Anchor>
		</Token>
		
		<Token>
			<TokenIdentifier>//apple_ref/occ/clm/CMISHttpResponse/responseWithStatusCode:statusMessage:headers:responseData:</TokenIdentifier>
			<Abstract type="html">returns a CMISHttpResponse object with HTTP status code, message headers and any response data</Abstract>
			<DeclaredIn>CMISHttpResponse.h</DeclaredIn>			
			
			<Declaration>+ (CMISHttpResponse *)responseWithStatusCode:(int)statusCode statusMessage:(NSString *)message headers:(NSDictionary *)headers responseData:(NSData *)data</Declaration>
			
			
			<Anchor>//api/name/responseWithStatusCode:statusMessage:headers:responseData:</Anchor>
		</Token>
		
		<Token>
			<TokenIdentifier>//apple_ref/occ/instm/CMISHttpResponse/exception</TokenIdentifier>
			<Abstract type="html"></Abstract>
			<DeclaredIn>CMISHttpResponse.h</DeclaredIn>			
			
			<Declaration>- (NSString *)exception</Declaration>
			
			
			<Anchor>//api/name/exception</Anchor>
		</Token>
		
		<Token>
			<TokenIdentifier>//apple_ref/occ/instm/CMISHttpResponse/errorMessage</TokenIdentifier>
			<Abstract type="html"></Abstract>
			<DeclaredIn>CMISHttpResponse.h</DeclaredIn>			
			
			<Declaration>- (NSString *)errorMessage</Declaration>
			
			
			<Anchor>//api/name/errorMessage</Anchor>
		</Token>
		
	</File>
</Tokens>