<?xml version="1.0" encoding="UTF-8"?>
<Tokens version="1.0">
	<File path="Classes/CMISFileUtil.html">
		
		<Token>
			<TokenIdentifier>//apple_ref/occ/cl/CMISFileUtil</TokenIdentifier>
			<Abstract type="html"></Abstract>
			<DeclaredIn>CMISFileUtil.h</DeclaredIn>
			
			<NodeRef refid="31"/>
		</Token>
		
		
		<Token>
			<TokenIdentifier>//apple_ref/occ/clm/CMISFileUtil/appendToFileAtPath:data:</TokenIdentifier>
			<Abstract type="html">appends data to a file with given path</Abstract>
			<DeclaredIn>CMISFileUtil.h</DeclaredIn>			
			
			<Declaration>+ (void)appendToFileAtPath:(NSString *)filePath data:(NSData *)data</Declaration>
			
			
			<Anchor>//api/name/appendToFileAtPath:data:</Anchor>
		</Token>
		
		<Token>
			<TokenIdentifier>//apple_ref/occ/clm/CMISFileUtil/fileSizeForFileAtPath:error:</TokenIdentifier>
			<Abstract type="html">returns the size of a file at path filePath</Abstract>
			<DeclaredIn>CMISFileUtil.h</DeclaredIn>			
			
			<Declaration>+ (unsigned long long)fileSizeForFileAtPath:(NSString *)filePath error:(NSError **)outError</Declaration>
			
			
			<Anchor>//api/name/fileSizeForFileAtPath:error:</Anchor>
		</Token>
		
	</File>
</Tokens>