<?xml version="1.0" encoding="UTF-8"?>
<Tokens version="1.0">
	<File path="Classes/CMISBindingSession.html">
		
		<Token>
			<TokenIdentifier>//apple_ref/occ/cl/CMISBindingSession</TokenIdentifier>
			<Abstract type="html"></Abstract>
			<DeclaredIn>CMISBindingSession.h</DeclaredIn>
			
			<NodeRef refid="21"/>
		</Token>
		
		
		<Token>
			<TokenIdentifier>//apple_ref/occ/instm/CMISBindingSession/setUsername:</TokenIdentifier>
			<Abstract type="html"></Abstract>
			<DeclaredIn>CMISBindingSession.h</DeclaredIn>			
			
			<Declaration>@property (nonatomic, strong, readonly) NSString *username</Declaration>
			
			
			<Anchor>//api/name/username</Anchor>
		</Token>
		
		<Token>
			<TokenIdentifier>//apple_ref/occ/instp/CMISBindingSession/username</TokenIdentifier>
			<Abstract type="html"></Abstract>
			<DeclaredIn>CMISBindingSession.h</DeclaredIn>			
			
			<Declaration>@property (nonatomic, strong, readonly) NSString *username</Declaration>
			
			
			<Anchor>//api/name/username</Anchor>
		</Token>
		
		<Token>
			<TokenIdentifier>//apple_ref/occ/instm/CMISBindingSession/setRepositoryId:</TokenIdentifier>
			<Abstract type="html"></Abstract>
			<DeclaredIn>CMISBindingSession.h</DeclaredIn>			
			
			<Declaration>@property (nonatomic, strong, readonly) NSString *repositoryId</Declaration>
			
			
			<Anchor>//api/name/repositoryId</Anchor>
		</Token>
		
		<Token>
			<TokenIdentifier>//apple_ref/occ/instp/CMISBindingSession/repositoryId</TokenIdentifier>
			<Abstract type="html"></Abstract>
			<DeclaredIn>CMISBindingSession.h</DeclaredIn>			
			
			<Declaration>@property (nonatomic, strong, readonly) NSString *repositoryId</Declaration>
			
			
			<Anchor>//api/name/repositoryId</Anchor>
		</Token>
		
		<Token>
			<TokenIdentifier>//apple_ref/occ/instm/CMISBindingSession/setAuthenticationProvider:</TokenIdentifier>
			<Abstract type="html"></Abstract>
			<DeclaredIn>CMISBindingSession.h</DeclaredIn>			
			
			<Declaration>@property (nonatomic, strong, readonly) id&lt;CMISAuthenticationProvider&gt; authenticationProvider</Declaration>
			
			
			<Anchor>//api/name/authenticationProvider</Anchor>
		</Token>
		
		<Token>
			<TokenIdentifier>//apple_ref/occ/instp/CMISBindingSession/authenticationProvider</TokenIdentifier>
			<Abstract type="html"></Abstract>
			<DeclaredIn>CMISBindingSession.h</DeclaredIn>			
			
			<Declaration>@property (nonatomic, strong, readonly) id&lt;CMISAuthenticationProvider&gt; authenticationProvider</Declaration>
			
			
			<Anchor>//api/name/authenticationProvider</Anchor>
		</Token>
		
		<Token>
			<TokenIdentifier>//apple_ref/occ/instm/CMISBindingSession/setNetworkProvider:</TokenIdentifier>
			<Abstract type="html"></Abstract>
			<DeclaredIn>CMISBindingSession.h</DeclaredIn>			
			
			<Declaration>@property (nonatomic, strong, readonly) id&lt;CMISNetworkProvider&gt; networkProvider</Declaration>
			
			
			<Anchor>//api/name/networkProvider</Anchor>
		</Token>
		
		<Token>
			<TokenIdentifier>//apple_ref/occ/instp/CMISBindingSession/networkProvider</TokenIdentifier>
			<Abstract type="html"></Abstract>
			<DeclaredIn>CMISBindingSession.h</DeclaredIn>			
			
			<Declaration>@property (nonatomic, strong, readonly) id&lt;CMISNetworkProvider&gt; networkProvider</Declaration>
			
			
			<Anchor>//api/name/networkProvider</Anchor>
		</Token>
		
		<Token>
			<TokenIdentifier>//apple_ref/occ/instm/CMISBindingSession/initWithSessionParameters:</TokenIdentifier>
			<Abstract type="html"></Abstract>
			<DeclaredIn>CMISBindingSession.h</DeclaredIn>			
			
			<Declaration>- (id)initWithSessionParameters:(CMISSessionParameters *)sessionParameters</Declaration>
			
			
			<Anchor>//api/name/initWithSessionParameters:</Anchor>
		</Token>
		
		<Token>
			<TokenIdentifier>//apple_ref/occ/instm/CMISBindingSession/allKeys</TokenIdentifier>
			<Abstract type="html"></Abstract>
			<DeclaredIn>CMISBindingSession.h</DeclaredIn>			
			
			<Declaration>- (NSArray *)allKeys</Declaration>
			
			
			<Anchor>//api/name/allKeys</Anchor>
		</Token>
		
		<Token>
			<TokenIdentifier>//apple_ref/occ/instm/CMISBindingSession/objectForKey:</TokenIdentifier>
			<Abstract type="html"></Abstract>
			<DeclaredIn>CMISBindingSession.h</DeclaredIn>			
			
			<Declaration>- (id)objectForKey:(id)key</Declaration>
			
			
			<Anchor>//api/name/objectForKey:</Anchor>
		</Token>
		
		<Token>
			<TokenIdentifier>//apple_ref/occ/instm/CMISBindingSession/objectForKey:defaultValue:</TokenIdentifier>
			<Abstract type="html"></Abstract>
			<DeclaredIn>CMISBindingSession.h</DeclaredIn>			
			
			<Declaration>- (id)objectForKey:(id)key defaultValue:(id)defaultValue</Declaration>
			
			
			<Anchor>//api/name/objectForKey:defaultValue:</Anchor>
		</Token>
		
		<Token>
			<TokenIdentifier>//apple_ref/occ/instm/CMISBindingSession/setObject:forKey:</TokenIdentifier>
			<Abstract type="html"></Abstract>
			<DeclaredIn>CMISBindingSession.h</DeclaredIn>			
			
			<Declaration>- (void)setObject:(id)object forKey:(id)key</Declaration>
			
			
			<Anchor>//api/name/setObject:forKey:</Anchor>
		</Token>
		
		<Token>
			<TokenIdentifier>//apple_ref/occ/instm/CMISBindingSession/addEntriesFromDictionary:</TokenIdentifier>
			<Abstract type="html"></Abstract>
			<DeclaredIn>CMISBindingSession.h</DeclaredIn>			
			
			<Declaration>- (void)addEntriesFromDictionary:(NSDictionary *)dictionary</Declaration>
			
			
			<Anchor>//api/name/addEntriesFromDictionary:</Anchor>
		</Token>
		
		<Token>
			<TokenIdentifier>//apple_ref/occ/instm/CMISBindingSession/removeKey:</TokenIdentifier>
			<Abstract type="html"></Abstract>
			<DeclaredIn>CMISBindingSession.h</DeclaredIn>			
			
			<Declaration>- (void)removeKey:(id)key</Declaration>
			
			
			<Anchor>//api/name/removeKey:</Anchor>
		</Token>
		
	</File>
</Tokens>