<?xml version="1.0" encoding="UTF-8"?>
<Tokens version="1.0">
	<File path="Protocols/CMISNetworkProvider.html">
		
		<Token>
			<TokenIdentifier>//apple_ref/occ/intf/CMISNetworkProvider</TokenIdentifier>
			<Abstract type="html"></Abstract>
			<DeclaredIn>CMISNetworkProvider.h</DeclaredIn>
			
			<NodeRef refid="81"/>
		</Token>
		
		
		<Token>
			<TokenIdentifier>//apple_ref/occ/intfm/CMISNetworkProvider/invoke:httpMethod:session:body:headers:cmisRequest:completionBlock:</TokenIdentifier>
			<Abstract type="html">A general invoke method, typically used for GET, DELETE HTTP methods</Abstract>
			<DeclaredIn>CMISNetworkProvider.h</DeclaredIn>			
			
			<Declaration>- (void)invoke:(NSURL *)url httpMethod:(CMISHttpRequestMethod)httpRequestMethod session:(CMISBindingSession *)session body:(NSData *)body headers:(NSDictionary *)additionalHeaders cmisRequest:(CMISRequest *)cmisRequest completionBlock:(void ( ^ ) ( CMISHttpResponse *httpResponse , NSError *error ))completionBlock</Declaration>
			<Parameters>
				<Parameter>
					<Name>url</Name>
					<Abstract type="html">the RESTful API URL to be used
@param httpRequestMethod
@param session</Abstract>
				</Parameter><Parameter>
					<Name>body</Name>
					<Abstract type="html">the data for the upload (maybe nil)</Abstract>
				</Parameter><Parameter>
					<Name>completionBlock</Name>
					<Abstract type="html">returns an instance of the HTTPResponse if successful or nil otherwise</Abstract>
				</Parameter><Parameter>
					<Name>headers</Name>
					<Abstract type="html">any additional headers to be used in the request (maybe nil)</Abstract>
				</Parameter><Parameter>
					<Name>requestObject</Name>
					<Abstract type="html">a handle to the CMISRequest allowing this HTTP request to be cancelled</Abstract>
				</Parameter>
			</Parameters>
			
			<Anchor>//api/name/invoke:httpMethod:session:body:headers:cmisRequest:completionBlock:</Anchor>
		</Token>
		
		<Token>
			<TokenIdentifier>//apple_ref/occ/intfm/CMISNetworkProvider/invoke:httpMethod:session:inputStream:headers:cmisRequest:completionBlock:</TokenIdentifier>
			<Abstract type="html">Invoke method used for uploads, i.e. POST/PUT requests</Abstract>
			<DeclaredIn>CMISNetworkProvider.h</DeclaredIn>			
			
			<Declaration>- (void)invoke:(NSURL *)url httpMethod:(CMISHttpRequestMethod)httpRequestMethod session:(CMISBindingSession *)session inputStream:(NSInputStream *)inputStream headers:(NSDictionary *)additionalHeaders cmisRequest:(CMISRequest *)cmisRequest completionBlock:(void ( ^ ) ( CMISHttpResponse *httpResponse , NSError *error ))completionBlock</Declaration>
			<Parameters>
				<Parameter>
					<Name>url</Name>
					<Abstract type="html">the RESTful API URL to be used
@param httpRequestMethod
@param session</Abstract>
				</Parameter><Parameter>
					<Name>inputStream</Name>
					<Abstract type="html">the stream pointing to the source to be uploaded. Must be an instance or extension of NSInputStream</Abstract>
				</Parameter><Parameter>
					<Name>completionBlock</Name>
					<Abstract type="html">returns an instance of the HTTPResponse if successful or nil otherwise</Abstract>
				</Parameter><Parameter>
					<Name>headers</Name>
					<Abstract type="html">any additional headers to be used in the request (maybe nil)</Abstract>
				</Parameter><Parameter>
					<Name>requestObject</Name>
					<Abstract type="html">a handle to the CMISRequest allowing this HTTP request to be cancelled</Abstract>
				</Parameter>
			</Parameters>
			
			<Anchor>//api/name/invoke:httpMethod:session:inputStream:headers:cmisRequest:completionBlock:</Anchor>
		</Token>
		
		<Token>
			<TokenIdentifier>//apple_ref/occ/intfm/CMISNetworkProvider/invoke:httpMethod:session:inputStream:headers:bytesExpected:cmisRequest:completionBlock:progressBlock:</TokenIdentifier>
			<Abstract type="html">Invoke method used for uploads, i.e. POST/PUT requests</Abstract>
			<DeclaredIn>CMISNetworkProvider.h</DeclaredIn>			
			
			<Declaration>- (void)invoke:(NSURL *)url httpMethod:(CMISHttpRequestMethod)httpRequestMethod session:(CMISBindingSession *)session inputStream:(NSInputStream *)inputStream headers:(NSDictionary *)additionalHeaders bytesExpected:(unsigned long long)bytesExpected cmisRequest:(CMISRequest *)cmisRequest completionBlock:(void ( ^ ) ( CMISHttpResponse *httpResponse , NSError *error ))completionBlock progressBlock:(void ( ^ ) ( unsigned long long bytesDownloaded , unsigned long long bytesTotal ))progressBlock</Declaration>
			<Parameters>
				<Parameter>
					<Name>url</Name>
					<Abstract type="html">the RESTful API URL to be used
@param httpRequestMethod
@param session</Abstract>
				</Parameter><Parameter>
					<Name>inputStream</Name>
					<Abstract type="html">the stream pointing to the source to be uploaded. Must be an instance or extension of NSInputStream</Abstract>
				</Parameter><Parameter>
					<Name>bytesExpected</Name>
					<Abstract type="html">the size of the content to be uploaded</Abstract>
				</Parameter><Parameter>
					<Name>completionBlock</Name>
					<Abstract type="html">returns an instance of the HTTPResponse if successful or nil otherwise
@param progressBlock</Abstract>
				</Parameter><Parameter>
					<Name>headers</Name>
					<Abstract type="html">any additional headers to be used in the request (maybe nil)</Abstract>
				</Parameter><Parameter>
					<Name>requestObject</Name>
					<Abstract type="html">a handle to the CMISRequest allowing this HTTP request to be cancelled</Abstract>
				</Parameter>
			</Parameters>
			
			<Anchor>//api/name/invoke:httpMethod:session:inputStream:headers:bytesExpected:cmisRequest:completionBlock:progressBlock:</Anchor>
		</Token>
		
		<Token>
			<TokenIdentifier>//apple_ref/occ/intfm/CMISNetworkProvider/invoke:httpMethod:session:inputStream:headers:bytesExpected:cmisRequest:cmisProperties:mimeType:completionBlock:progressBlock:</TokenIdentifier>
			<Abstract type="html">Invoke method used for uploads, i.e. POST/PUT requests. This method is used for encoding base64 data while streaming</Abstract>
			<DeclaredIn>CMISNetworkProvider.h</DeclaredIn>			
			
			<Declaration>- (void)invoke:(NSURL *)url httpMethod:(CMISHttpRequestMethod)httpRequestMethod session:(CMISBindingSession *)session inputStream:(NSInputStream *)inputStream headers:(NSDictionary *)additionalHeaders bytesExpected:(unsigned long long)bytesExpected cmisRequest:(CMISRequest *)cmisRequest cmisProperties:(CMISProperties *)cmisProperties mimeType:(NSString *)mimeType completionBlock:(void ( ^ ) ( CMISHttpResponse *httpResponse , NSError *error ))completionBlock progressBlock:(void ( ^ ) ( unsigned long long bytesDownloaded , unsigned long long bytesTotal ))progressBlock</Declaration>
			<Parameters>
				<Parameter>
					<Name>url</Name>
					<Abstract type="html">the RESTful API URL to be used
@param httpRequestMethod
@param session</Abstract>
				</Parameter><Parameter>
					<Name>inputStream</Name>
					<Abstract type="html">the stream pointing to the source to be uploaded. Must be an instance or extension of NSInputStream</Abstract>
				</Parameter><Parameter>
					<Name>bytesExpected</Name>
					<Abstract type="html">the size of the content to be uploaded</Abstract>
				</Parameter><Parameter>
					<Name>cmisRequest</Name>
					<Abstract type="html">will be used to set the cancellable request to the one created by the invode method
@param cmisProperties
@param mimeType</Abstract>
				</Parameter><Parameter>
					<Name>completionBlock</Name>
					<Abstract type="html">returns an instance of the HTTPResponse if successful or nil otherwise
@param progressBlock</Abstract>
				</Parameter><Parameter>
					<Name>requestObject</Name>
					<Abstract type="html">a handle to the CMISRequest allowing this HTTP request to be cancelled</Abstract>
				</Parameter><Parameter>
					<Name>headers</Name>
					<Abstract type="html">any additional headers to be used in the request (maybe nil)</Abstract>
				</Parameter>
			</Parameters>
			
			<Anchor>//api/name/invoke:httpMethod:session:inputStream:headers:bytesExpected:cmisRequest:cmisProperties:mimeType:completionBlock:progressBlock:</Anchor>
		</Token>
		
		<Token>
			<TokenIdentifier>//apple_ref/occ/intfm/CMISNetworkProvider/invoke:httpMethod:session:outputStream:bytesExpected:cmisRequest:completionBlock:progressBlock:</TokenIdentifier>
			<Abstract type="html">Invoke method used for downloads,</Abstract>
			<DeclaredIn>CMISNetworkProvider.h</DeclaredIn>			
			
			<Declaration>- (void)invoke:(NSURL *)url httpMethod:(CMISHttpRequestMethod)httpRequestMethod session:(CMISBindingSession *)session outputStream:(NSOutputStream *)outputStream bytesExpected:(unsigned long long)bytesExpected cmisRequest:(CMISRequest *)cmisRequest completionBlock:(void ( ^ ) ( CMISHttpResponse *httpResponse , NSError *error ))completionBlock progressBlock:(void ( ^ ) ( unsigned long long bytesDownloaded , unsigned long long bytesTotal ))progressBlock</Declaration>
			<Parameters>
				<Parameter>
					<Name>url</Name>
					<Abstract type="html">the RESTful API URL to be used
@param httpRequestMethod
@param session</Abstract>
				</Parameter><Parameter>
					<Name>outputStream</Name>
					<Abstract type="html">the stream pointing to the destination. Must be an instance or extension of NSOutputStream</Abstract>
				</Parameter><Parameter>
					<Name>bytesExpected</Name>
					<Abstract type="html">the size of the content to be downloaded</Abstract>
				</Parameter><Parameter>
					<Name>completionBlock</Name>
					<Abstract type="html">returns an instance of the HTTPResponse if successful or nil otherwise
@param progressBlock</Abstract>
				</Parameter><Parameter>
					<Name>requestObject</Name>
					<Abstract type="html">a handle to the CMISRequest allowing this HTTP request to be cancelled</Abstract>
				</Parameter>
			</Parameters>
			
			<Anchor>//api/name/invoke:httpMethod:session:outputStream:bytesExpected:cmisRequest:completionBlock:progressBlock:</Anchor>
		</Token>
		
		<Token>
			<TokenIdentifier>//apple_ref/occ/intfm/CMISNetworkProvider/invokeGET:session:cmisRequest:completionBlock:</TokenIdentifier>
			<Abstract type="html">Convenience GET invoke method</Abstract>
			<DeclaredIn>CMISNetworkProvider.h</DeclaredIn>			
			
			<Declaration>- (void)invokeGET:(NSURL *)url session:(CMISBindingSession *)session cmisRequest:(CMISRequest *)cmisRequest completionBlock:(void ( ^ ) ( CMISHttpResponse *httpResponse , NSError *error ))completionBlock</Declaration>
			<Parameters>
				<Parameter>
					<Name>url</Name>
					<Abstract type="html">the RESTful API URL to be used
@param session</Abstract>
				</Parameter><Parameter>
					<Name>completionBlock</Name>
					<Abstract type="html">returns an instance of the HTTPResponse if successful or nil otherwise</Abstract>
				</Parameter><Parameter>
					<Name>requestObject</Name>
					<Abstract type="html">a handle to the CMISRequest allowing this HTTP request to be cancelled</Abstract>
				</Parameter>
			</Parameters>
			
			<Anchor>//api/name/invokeGET:session:cmisRequest:completionBlock:</Anchor>
		</Token>
		
		<Token>
			<TokenIdentifier>//apple_ref/occ/intfm/CMISNetworkProvider/invokePOST:session:body:headers:cmisRequest:completionBlock:</TokenIdentifier>
			<Abstract type="html">Convenience POST invoke method. Use for creating new content</Abstract>
			<DeclaredIn>CMISNetworkProvider.h</DeclaredIn>			
			
			<Declaration>- (void)invokePOST:(NSURL *)url session:(CMISBindingSession *)session body:(NSData *)body headers:(NSDictionary *)additionalHeaders cmisRequest:(CMISRequest *)cmisRequest completionBlock:(void ( ^ ) ( CMISHttpResponse *httpResponse , NSError *error ))completionBlock</Declaration>
			<Parameters>
				<Parameter>
					<Name>url</Name>
					<Abstract type="html">the RESTful API URL to be used
@param session</Abstract>
				</Parameter><Parameter>
					<Name>body</Name>
					<Abstract type="html">the data to be posted</Abstract>
				</Parameter><Parameter>
					<Name>additionalHeaders</Name>
					<Abstract type="html">any additional headers to be used in the request (optional)</Abstract>
				</Parameter><Parameter>
					<Name>completionBlock</Name>
					<Abstract type="html">returns an instance of the HTTPResponse if successful or nil otherwise</Abstract>
				</Parameter><Parameter>
					<Name>requestObject</Name>
					<Abstract type="html">a handle to the CMISRequest allowing this HTTP request to be cancelled</Abstract>
				</Parameter>
			</Parameters>
			
			<Anchor>//api/name/invokePOST:session:body:headers:cmisRequest:completionBlock:</Anchor>
		</Token>
		
		<Token>
			<TokenIdentifier>//apple_ref/occ/intfm/CMISNetworkProvider/invokePUT:session:body:headers:cmisRequest:completionBlock:</TokenIdentifier>
			<Abstract type="html">Convenience PUT invoke method. Use for updating existing content</Abstract>
			<DeclaredIn>CMISNetworkProvider.h</DeclaredIn>			
			
			<Declaration>- (void)invokePUT:(NSURL *)url session:(CMISBindingSession *)session body:(NSData *)body headers:(NSDictionary *)additionalHeaders cmisRequest:(CMISRequest *)cmisRequest completionBlock:(void ( ^ ) ( CMISHttpResponse *httpResponse , NSError *error ))completionBlock</Declaration>
			<Parameters>
				<Parameter>
					<Name>url</Name>
					<Abstract type="html">the RESTful API URL to be used
@param session</Abstract>
				</Parameter><Parameter>
					<Name>body</Name>
					<Abstract type="html">the data to be uploaded</Abstract>
				</Parameter><Parameter>
					<Name>additionalHeaders</Name>
					<Abstract type="html">any additional headers to be used in the request (optional)</Abstract>
				</Parameter><Parameter>
					<Name>completionBlock</Name>
					<Abstract type="html">returns an instance of the HTTPResponse if successful or nil otherwise</Abstract>
				</Parameter><Parameter>
					<Name>requestObject</Name>
					<Abstract type="html">a handle to the CMISRequest allowing this HTTP request to be cancelled</Abstract>
				</Parameter>
			</Parameters>
			
			<Anchor>//api/name/invokePUT:session:body:headers:cmisRequest:completionBlock:</Anchor>
		</Token>
		
		<Token>
			<TokenIdentifier>//apple_ref/occ/intfm/CMISNetworkProvider/invokeDELETE:session:cmisRequest:completionBlock:</TokenIdentifier>
			<Abstract type="html">Convenience DELETE invoke method</Abstract>
			<DeclaredIn>CMISNetworkProvider.h</DeclaredIn>			
			
			<Declaration>- (void)invokeDELETE:(NSURL *)url session:(CMISBindingSession *)session cmisRequest:(CMISRequest *)cmisRequest completionBlock:(void ( ^ ) ( CMISHttpResponse *httpResponse , NSError *error ))completionBlock</Declaration>
			<Parameters>
				<Parameter>
					<Name>url</Name>
					<Abstract type="html">the RESTful API URL to be used
@param session</Abstract>
				</Parameter><Parameter>
					<Name>completionBlock</Name>
					<Abstract type="html">returns an instance of the HTTPResponse if successful or nil otherwise</Abstract>
				</Parameter><Parameter>
					<Name>requestObject</Name>
					<Abstract type="html">a handle to the CMISRequest allowing this HTTP request to be cancelled</Abstract>
				</Parameter>
			</Parameters>
			
			<Anchor>//api/name/invokeDELETE:session:cmisRequest:completionBlock:</Anchor>
		</Token>
		
	</File>
</Tokens>