<?xml version="1.0" encoding="UTF-8"?>
<Tokens version="1.0">
	<File path="Classes/CMISExtensionData.html">
		
		<Token>
			<TokenIdentifier>//apple_ref/occ/cl/CMISExtensionData</TokenIdentifier>
			<Abstract type="html"></Abstract>
			<DeclaredIn>CMISExtensionData.h</DeclaredIn>
			
			<NodeRef refid="28"/>
		</Token>
		
		
		<Token>
			<TokenIdentifier>//apple_ref/occ/instm/CMISExtensionData/setExtensions:</TokenIdentifier>
			<Abstract type="html">Returns an Array of CMISExtensionElement objects</Abstract>
			<DeclaredIn>CMISExtensionData.h</DeclaredIn>			
			
			<Declaration>@property (nonatomic, strong) NSArray *extensions</Declaration>
			
			
			<Anchor>//api/name/extensions</Anchor>
		</Token>
		
		<Token>
			<TokenIdentifier>//apple_ref/occ/instp/CMISExtensionData/extensions</TokenIdentifier>
			<Abstract type="html">Returns an Array of CMISExtensionElement objects</Abstract>
			<DeclaredIn>CMISExtensionData.h</DeclaredIn>			
			
			<Declaration>@property (nonatomic, strong) NSArray *extensions</Declaration>
			
			
			<Anchor>//api/name/extensions</Anchor>
		</Token>
		
	</File>
</Tokens>