<?xml version="1.0" encoding="UTF-8"?>
<Tokens version="1.0">
	<File path="Classes/CMISAllowableActions.html">
		
		<Token>
			<TokenIdentifier>//apple_ref/occ/cl/CMISAllowableActions</TokenIdentifier>
			<Abstract type="html"></Abstract>
			<DeclaredIn>CMISAllowableActions.h</DeclaredIn>
			
			<NodeRef refid="1"/>
		</Token>
		
		
		<Token>
			<TokenIdentifier>//apple_ref/occ/instm/CMISAllowableActions/setAllowableActionsSet:</TokenIdentifier>
			<Abstract type="html"></Abstract>
			<DeclaredIn>CMISAllowableActions.h</DeclaredIn>			
			
			<Declaration>@property (nonatomic, strong, readonly) NSSet *allowableActionsSet</Declaration>
			
			
			<Anchor>//api/name/allowableActionsSet</Anchor>
		</Token>
		
		<Token>
			<TokenIdentifier>//apple_ref/occ/instp/CMISAllowableActions/allowableActionsSet</TokenIdentifier>
			<Abstract type="html"></Abstract>
			<DeclaredIn>CMISAllowableActions.h</DeclaredIn>			
			
			<Declaration>@property (nonatomic, strong, readonly) NSSet *allowableActionsSet</Declaration>
			
			
			<Anchor>//api/name/allowableActionsSet</Anchor>
		</Token>
		
		<Token>
			<TokenIdentifier>//apple_ref/occ/instm/CMISAllowableActions/init</TokenIdentifier>
			<Abstract type="html"></Abstract>
			<DeclaredIn>CMISAllowableActions.h</DeclaredIn>			
			
			<Declaration>- (id)init</Declaration>
			
			
			<Anchor>//api/name/init</Anchor>
		</Token>
		
		<Token>
			<TokenIdentifier>//apple_ref/occ/instm/CMISAllowableActions/initWithAllowableActionsDictionary:</TokenIdentifier>
			<Abstract type="html"></Abstract>
			<DeclaredIn>CMISAllowableActions.h</DeclaredIn>			
			
			<Declaration>- (id)initWithAllowableActionsDictionary:(NSDictionary *)allowableActionsDict</Declaration>
			
			
			<Anchor>//api/name/initWithAllowableActionsDictionary:</Anchor>
		</Token>
		
		<Token>
			<TokenIdentifier>//apple_ref/occ/instm/CMISAllowableActions/initWithAllowableActionsDictionary:extensionElementArray:</TokenIdentifier>
			<Abstract type="html">initialises with allowable actions dictionary and optional extension array</Abstract>
			<DeclaredIn>CMISAllowableActions.h</DeclaredIn>			
			
			<Declaration>- (id)initWithAllowableActionsDictionary:(NSDictionary *)allowableActionsDict extensionElementArray:(NSArray *)extensionElementArray</Declaration>
			
			
			<Anchor>//api/name/initWithAllowableActionsDictionary:extensionElementArray:</Anchor>
		</Token>
		
		<Token>
			<TokenIdentifier>//apple_ref/occ/instm/CMISAllowableActions/allowableActionTypesSet</TokenIdentifier>
			<Abstract type="html">Returns an NSSet of NSNumber of objects.  The NSNumber objects map to the CMISActionType enum</Abstract>
			<DeclaredIn>CMISAllowableActions.h</DeclaredIn>			
			
			<Declaration>- (NSSet *)allowableActionTypesSet</Declaration>
			
			
			<Anchor>//api/name/allowableActionTypesSet</Anchor>
		</Token>
		
		<Token>
			<TokenIdentifier>//apple_ref/occ/instm/CMISAllowableActions/setAllowableActionsWithDictionary:</TokenIdentifier>
			<Abstract type="html">Set the allowable actions with a raw NSDictionary parsed from an AtomPub Response</Abstract>
			<DeclaredIn>CMISAllowableActions.h</DeclaredIn>			
			
			<Declaration>- (void)setAllowableActionsWithDictionary:(NSDictionary *)allowableActionsDict</Declaration>
			
			
			<Anchor>//api/name/setAllowableActionsWithDictionary:</Anchor>
		</Token>
		
	</File>
</Tokens>