<?xml version="1.0" encoding="UTF-8"?>
<Tokens version="1.0">
	<File path="Classes/CMISSessionParameters.html">
		
		<Token>
			<TokenIdentifier>//apple_ref/occ/cl/CMISSessionParameters</TokenIdentifier>
			<Abstract type="html">Key for setting the value of the cache of links.
Value should be an NSNumber, indicating the amount of objects whose links will be cached.</Abstract>
			<DeclaredIn>CMISSessionParameters.h</DeclaredIn>
			
			<NodeRef refid="63"/>
		</Token>
		
		
		<Token>
			<TokenIdentifier>//apple_ref/occ/instm/CMISSessionParameters/setUsername:</TokenIdentifier>
			<Abstract type="html"></Abstract>
			<DeclaredIn>CMISSessionParameters.h</DeclaredIn>			
			
			<Declaration>@property (nonatomic, strong) NSString *username</Declaration>
			
			
			<Anchor>//api/name/username</Anchor>
		</Token>
		
		<Token>
			<TokenIdentifier>//apple_ref/occ/instp/CMISSessionParameters/username</TokenIdentifier>
			<Abstract type="html"></Abstract>
			<DeclaredIn>CMISSessionParameters.h</DeclaredIn>			
			
			<Declaration>@property (nonatomic, strong) NSString *username</Declaration>
			
			
			<Anchor>//api/name/username</Anchor>
		</Token>
		
		<Token>
			<TokenIdentifier>//apple_ref/occ/instm/CMISSessionParameters/setPassword:</TokenIdentifier>
			<Abstract type="html"></Abstract>
			<DeclaredIn>CMISSessionParameters.h</DeclaredIn>			
			
			<Declaration>@property (nonatomic, strong) NSString *password</Declaration>
			
			
			<Anchor>//api/name/password</Anchor>
		</Token>
		
		<Token>
			<TokenIdentifier>//apple_ref/occ/instp/CMISSessionParameters/password</TokenIdentifier>
			<Abstract type="html"></Abstract>
			<DeclaredIn>CMISSessionParameters.h</DeclaredIn>			
			
			<Declaration>@property (nonatomic, strong) NSString *password</Declaration>
			
			
			<Anchor>//api/name/password</Anchor>
		</Token>
		
		<Token>
			<TokenIdentifier>//apple_ref/occ/instm/CMISSessionParameters/setRepositoryId:</TokenIdentifier>
			<Abstract type="html"></Abstract>
			<DeclaredIn>CMISSessionParameters.h</DeclaredIn>			
			
			<Declaration>@property (nonatomic, strong) NSString *repositoryId</Declaration>
			
			
			<Anchor>//api/name/repositoryId</Anchor>
		</Token>
		
		<Token>
			<TokenIdentifier>//apple_ref/occ/instp/CMISSessionParameters/repositoryId</TokenIdentifier>
			<Abstract type="html"></Abstract>
			<DeclaredIn>CMISSessionParameters.h</DeclaredIn>			
			
			<Declaration>@property (nonatomic, strong) NSString *repositoryId</Declaration>
			
			
			<Anchor>//api/name/repositoryId</Anchor>
		</Token>
		
		<Token>
			<TokenIdentifier>//apple_ref/occ/instm/CMISSessionParameters/setAtomPubUrl:</TokenIdentifier>
			<Abstract type="html"></Abstract>
			<DeclaredIn>CMISSessionParameters.h</DeclaredIn>			
			
			<Declaration>@property (nonatomic, strong) NSURL *atomPubUrl</Declaration>
			
			
			<Anchor>//api/name/atomPubUrl</Anchor>
		</Token>
		
		<Token>
			<TokenIdentifier>//apple_ref/occ/instp/CMISSessionParameters/atomPubUrl</TokenIdentifier>
			<Abstract type="html"></Abstract>
			<DeclaredIn>CMISSessionParameters.h</DeclaredIn>			
			
			<Declaration>@property (nonatomic, strong) NSURL *atomPubUrl</Declaration>
			
			
			<Anchor>//api/name/atomPubUrl</Anchor>
		</Token>
		
		<Token>
			<TokenIdentifier>//apple_ref/occ/instm/CMISSessionParameters/setBindingType:</TokenIdentifier>
			<Abstract type="html"></Abstract>
			<DeclaredIn>CMISSessionParameters.h</DeclaredIn>			
			
			<Declaration>@property (nonatomic, assign, readonly) CMISBindingType bindingType</Declaration>
			
			
			<Anchor>//api/name/bindingType</Anchor>
		</Token>
		
		<Token>
			<TokenIdentifier>//apple_ref/occ/instp/CMISSessionParameters/bindingType</TokenIdentifier>
			<Abstract type="html"></Abstract>
			<DeclaredIn>CMISSessionParameters.h</DeclaredIn>			
			
			<Declaration>@property (nonatomic, assign, readonly) CMISBindingType bindingType</Declaration>
			
			
			<Anchor>//api/name/bindingType</Anchor>
		</Token>
		
		<Token>
			<TokenIdentifier>//apple_ref/occ/instm/CMISSessionParameters/setAuthenticationProvider:</TokenIdentifier>
			<Abstract type="html"></Abstract>
			<DeclaredIn>CMISSessionParameters.h</DeclaredIn>			
			
			<Declaration>@property (nonatomic, strong) id&lt;CMISAuthenticationProvider&gt; authenticationProvider</Declaration>
			
			
			<Anchor>//api/name/authenticationProvider</Anchor>
		</Token>
		
		<Token>
			<TokenIdentifier>//apple_ref/occ/instp/CMISSessionParameters/authenticationProvider</TokenIdentifier>
			<Abstract type="html"></Abstract>
			<DeclaredIn>CMISSessionParameters.h</DeclaredIn>			
			
			<Declaration>@property (nonatomic, strong) id&lt;CMISAuthenticationProvider&gt; authenticationProvider</Declaration>
			
			
			<Anchor>//api/name/authenticationProvider</Anchor>
		</Token>
		
		<Token>
			<TokenIdentifier>//apple_ref/occ/instm/CMISSessionParameters/setNetworkProvider:</TokenIdentifier>
			<Abstract type="html"></Abstract>
			<DeclaredIn>CMISSessionParameters.h</DeclaredIn>			
			
			<Declaration>@property (nonatomic, strong) id&lt;CMISNetworkProvider&gt; networkProvider</Declaration>
			
			
			<Anchor>//api/name/networkProvider</Anchor>
		</Token>
		
		<Token>
			<TokenIdentifier>//apple_ref/occ/instp/CMISSessionParameters/networkProvider</TokenIdentifier>
			<Abstract type="html"></Abstract>
			<DeclaredIn>CMISSessionParameters.h</DeclaredIn>			
			
			<Declaration>@property (nonatomic, strong) id&lt;CMISNetworkProvider&gt; networkProvider</Declaration>
			
			
			<Anchor>//api/name/networkProvider</Anchor>
		</Token>
		
		<Token>
			<TokenIdentifier>//apple_ref/occ/instm/CMISSessionParameters/initWithBindingType:</TokenIdentifier>
			<Abstract type="html">init with binding type</Abstract>
			<DeclaredIn>CMISSessionParameters.h</DeclaredIn>			
			
			<Declaration>- (id)initWithBindingType:(CMISBindingType)bindingType</Declaration>
			
			
			<Anchor>//api/name/initWithBindingType:</Anchor>
		</Token>
		
		<Token>
			<TokenIdentifier>//apple_ref/occ/instm/CMISSessionParameters/allKeys</TokenIdentifier>
			<Abstract type="html">Object storage methods</Abstract>
			<DeclaredIn>CMISSessionParameters.h</DeclaredIn>			
			
			<Declaration>- (NSArray *)allKeys</Declaration>
			
			
			<Anchor>//api/name/allKeys</Anchor>
		</Token>
		
		<Token>
			<TokenIdentifier>//apple_ref/occ/instm/CMISSessionParameters/objectForKey:</TokenIdentifier>
			<Abstract type="html"></Abstract>
			<DeclaredIn>CMISSessionParameters.h</DeclaredIn>			
			
			<Declaration>- (id)objectForKey:(id)key</Declaration>
			
			
			<Anchor>//api/name/objectForKey:</Anchor>
		</Token>
		
		<Token>
			<TokenIdentifier>//apple_ref/occ/instm/CMISSessionParameters/objectForKey:defaultValue:</TokenIdentifier>
			<Abstract type="html"></Abstract>
			<DeclaredIn>CMISSessionParameters.h</DeclaredIn>			
			
			<Declaration>- (id)objectForKey:(id)key defaultValue:(id)defaultValue</Declaration>
			
			
			<Anchor>//api/name/objectForKey:defaultValue:</Anchor>
		</Token>
		
		<Token>
			<TokenIdentifier>//apple_ref/occ/instm/CMISSessionParameters/setObject:forKey:</TokenIdentifier>
			<Abstract type="html"></Abstract>
			<DeclaredIn>CMISSessionParameters.h</DeclaredIn>			
			
			<Declaration>- (void)setObject:(id)object forKey:(id)key</Declaration>
			
			
			<Anchor>//api/name/setObject:forKey:</Anchor>
		</Token>
		
		<Token>
			<TokenIdentifier>//apple_ref/occ/instm/CMISSessionParameters/addEntriesFromDictionary:</TokenIdentifier>
			<Abstract type="html"></Abstract>
			<DeclaredIn>CMISSessionParameters.h</DeclaredIn>			
			
			<Declaration>- (void)addEntriesFromDictionary:(NSDictionary *)dictionary</Declaration>
			
			
			<Anchor>//api/name/addEntriesFromDictionary:</Anchor>
		</Token>
		
		<Token>
			<TokenIdentifier>//apple_ref/occ/instm/CMISSessionParameters/removeKey:</TokenIdentifier>
			<Abstract type="html"></Abstract>
			<DeclaredIn>CMISSessionParameters.h</DeclaredIn>			
			
			<Declaration>- (void)removeKey:(id)key</Declaration>
			
			
			<Anchor>//api/name/removeKey:</Anchor>
		</Token>
		
	</File>
</Tokens>