<?xml version="1.0" encoding="UTF-8"?>
<Tokens version="1.0">
	<File path="Classes/CMISPropertyData.html">
		
		<Token>
			<TokenIdentifier>//apple_ref/occ/cl/CMISPropertyData</TokenIdentifier>
			<Abstract type="html"></Abstract>
			<DeclaredIn>CMISPropertyData.h</DeclaredIn>
			
			<NodeRef refid="51"/>
		</Token>
		
		
		<Token>
			<TokenIdentifier>//apple_ref/occ/instm/CMISPropertyData/setIdentifier:</TokenIdentifier>
			<Abstract type="html"></Abstract>
			<DeclaredIn>CMISPropertyData.h</DeclaredIn>			
			
			<Declaration>@property (nonatomic, strong) NSString *identifier</Declaration>
			
			
			<Anchor>//api/name/identifier</Anchor>
		</Token>
		
		<Token>
			<TokenIdentifier>//apple_ref/occ/instp/CMISPropertyData/identifier</TokenIdentifier>
			<Abstract type="html"></Abstract>
			<DeclaredIn>CMISPropertyData.h</DeclaredIn>			
			
			<Declaration>@property (nonatomic, strong) NSString *identifier</Declaration>
			
			
			<Anchor>//api/name/identifier</Anchor>
		</Token>
		
		<Token>
			<TokenIdentifier>//apple_ref/occ/instm/CMISPropertyData/setLocalName:</TokenIdentifier>
			<Abstract type="html"></Abstract>
			<DeclaredIn>CMISPropertyData.h</DeclaredIn>			
			
			<Declaration>@property (nonatomic, strong) NSString *localName</Declaration>
			
			
			<Anchor>//api/name/localName</Anchor>
		</Token>
		
		<Token>
			<TokenIdentifier>//apple_ref/occ/instp/CMISPropertyData/localName</TokenIdentifier>
			<Abstract type="html"></Abstract>
			<DeclaredIn>CMISPropertyData.h</DeclaredIn>			
			
			<Declaration>@property (nonatomic, strong) NSString *localName</Declaration>
			
			
			<Anchor>//api/name/localName</Anchor>
		</Token>
		
		<Token>
			<TokenIdentifier>//apple_ref/occ/instm/CMISPropertyData/setDisplayName:</TokenIdentifier>
			<Abstract type="html"></Abstract>
			<DeclaredIn>CMISPropertyData.h</DeclaredIn>			
			
			<Declaration>@property (nonatomic, strong) NSString *displayName</Declaration>
			
			
			<Anchor>//api/name/displayName</Anchor>
		</Token>
		
		<Token>
			<TokenIdentifier>//apple_ref/occ/instp/CMISPropertyData/displayName</TokenIdentifier>
			<Abstract type="html"></Abstract>
			<DeclaredIn>CMISPropertyData.h</DeclaredIn>			
			
			<Declaration>@property (nonatomic, strong) NSString *displayName</Declaration>
			
			
			<Anchor>//api/name/displayName</Anchor>
		</Token>
		
		<Token>
			<TokenIdentifier>//apple_ref/occ/instm/CMISPropertyData/setQueryName:</TokenIdentifier>
			<Abstract type="html"></Abstract>
			<DeclaredIn>CMISPropertyData.h</DeclaredIn>			
			
			<Declaration>@property (nonatomic, strong) NSString *queryName</Declaration>
			
			
			<Anchor>//api/name/queryName</Anchor>
		</Token>
		
		<Token>
			<TokenIdentifier>//apple_ref/occ/instp/CMISPropertyData/queryName</TokenIdentifier>
			<Abstract type="html"></Abstract>
			<DeclaredIn>CMISPropertyData.h</DeclaredIn>			
			
			<Declaration>@property (nonatomic, strong) NSString *queryName</Declaration>
			
			
			<Anchor>//api/name/queryName</Anchor>
		</Token>
		
		<Token>
			<TokenIdentifier>//apple_ref/occ/instm/CMISPropertyData/setType:</TokenIdentifier>
			<Abstract type="html"></Abstract>
			<DeclaredIn>CMISPropertyData.h</DeclaredIn>			
			
			<Declaration>@property CMISPropertyType type</Declaration>
			
			
			<Anchor>//api/name/type</Anchor>
		</Token>
		
		<Token>
			<TokenIdentifier>//apple_ref/occ/instp/CMISPropertyData/type</TokenIdentifier>
			<Abstract type="html"></Abstract>
			<DeclaredIn>CMISPropertyData.h</DeclaredIn>			
			
			<Declaration>@property CMISPropertyType type</Declaration>
			
			
			<Anchor>//api/name/type</Anchor>
		</Token>
		
		<Token>
			<TokenIdentifier>//apple_ref/occ/instm/CMISPropertyData/setValues:</TokenIdentifier>
			<Abstract type="html"></Abstract>
			<DeclaredIn>CMISPropertyData.h</DeclaredIn>			
			
			<Declaration>@property (nonatomic, copy) NSArray *values</Declaration>
			
			
			<Anchor>//api/name/values</Anchor>
		</Token>
		
		<Token>
			<TokenIdentifier>//apple_ref/occ/instp/CMISPropertyData/values</TokenIdentifier>
			<Abstract type="html"></Abstract>
			<DeclaredIn>CMISPropertyData.h</DeclaredIn>			
			
			<Declaration>@property (nonatomic, copy) NSArray *values</Declaration>
			
			
			<Anchor>//api/name/values</Anchor>
		</Token>
		
		<Token>
			<TokenIdentifier>//apple_ref/occ/instm/CMISPropertyData/setFirstValue:</TokenIdentifier>
			<Abstract type="html"></Abstract>
			<DeclaredIn>CMISPropertyData.h</DeclaredIn>			
			
			<Declaration>@property (nonatomic, assign, readonly) id firstValue</Declaration>
			
			
			<Anchor>//api/name/firstValue</Anchor>
		</Token>
		
		<Token>
			<TokenIdentifier>//apple_ref/occ/instp/CMISPropertyData/firstValue</TokenIdentifier>
			<Abstract type="html"></Abstract>
			<DeclaredIn>CMISPropertyData.h</DeclaredIn>			
			
			<Declaration>@property (nonatomic, assign, readonly) id firstValue</Declaration>
			
			
			<Anchor>//api/name/firstValue</Anchor>
		</Token>
		
		<Token>
			<TokenIdentifier>//apple_ref/occ/instm/CMISPropertyData/propertyStringValue</TokenIdentifier>
			<Abstract type="html">Convenience method for retrieving the string value. Returns nil if property is not of string type</Abstract>
			<DeclaredIn>CMISPropertyData.h</DeclaredIn>			
			
			<Declaration>- (NSString *)propertyStringValue</Declaration>
			
			
			<Anchor>//api/name/propertyStringValue</Anchor>
		</Token>
		
		<Token>
			<TokenIdentifier>//apple_ref/occ/instm/CMISPropertyData/propertyIntegerValue</TokenIdentifier>
			<Abstract type="html">Convenience method for retrieving the integer value. Returns nil if property is not of integer type</Abstract>
			<DeclaredIn>CMISPropertyData.h</DeclaredIn>			
			
			<Declaration>- (NSNumber *)propertyIntegerValue</Declaration>
			
			
			<Anchor>//api/name/propertyIntegerValue</Anchor>
		</Token>
		
		<Token>
			<TokenIdentifier>//apple_ref/occ/instm/CMISPropertyData/propertyIdValue</TokenIdentifier>
			<Abstract type="html">Convenience method for retrieving the id value. Returns nil if property is not of id type</Abstract>
			<DeclaredIn>CMISPropertyData.h</DeclaredIn>			
			
			<Declaration>- (NSString *)propertyIdValue</Declaration>
			
			
			<Anchor>//api/name/propertyIdValue</Anchor>
		</Token>
		
		<Token>
			<TokenIdentifier>//apple_ref/occ/instm/CMISPropertyData/propertyDateTimeValue</TokenIdentifier>
			<Abstract type="html">Convenience method for retrieving the datetime value. Returns nil if property is not of datetime type</Abstract>
			<DeclaredIn>CMISPropertyData.h</DeclaredIn>			
			
			<Declaration>- (NSDate *)propertyDateTimeValue</Declaration>
			
			
			<Anchor>//api/name/propertyDateTimeValue</Anchor>
		</Token>
		
		<Token>
			<TokenIdentifier>//apple_ref/occ/instm/CMISPropertyData/propertyBooleanValue</TokenIdentifier>
			<Abstract type="html">Convenience method for retrieving the boolean value. Returns nil if property is not of boolean type</Abstract>
			<DeclaredIn>CMISPropertyData.h</DeclaredIn>			
			
			<Declaration>- (NSNumber *)propertyBooleanValue</Declaration>
			
			
			<Anchor>//api/name/propertyBooleanValue</Anchor>
		</Token>
		
		<Token>
			<TokenIdentifier>//apple_ref/occ/instm/CMISPropertyData/propertyDecimalValue</TokenIdentifier>
			<Abstract type="html">Convenience method for retrieving the decimal value. Returns nil if property is not of decimal type</Abstract>
			<DeclaredIn>CMISPropertyData.h</DeclaredIn>			
			
			<Declaration>- (NSNumber *)propertyDecimalValue</Declaration>
			
			
			<Anchor>//api/name/propertyDecimalValue</Anchor>
		</Token>
		
		<Token>
			<TokenIdentifier>//apple_ref/occ/clm/CMISPropertyData/createPropertyForId:arrayValue:type:</TokenIdentifier>
			<Abstract type="html">Creation of a multi-value property</Abstract>
			<DeclaredIn>CMISPropertyData.h</DeclaredIn>			
			
			<Declaration>+ (CMISPropertyData *)createPropertyForId:(NSString *)id arrayValue:(NSArray *)value type:(CMISPropertyType)type</Declaration>
			
			
			<Anchor>//api/name/createPropertyForId:arrayValue:type:</Anchor>
		</Token>
		
		<Token>
			<TokenIdentifier>//apple_ref/occ/clm/CMISPropertyData/createPropertyForId:stringValue:</TokenIdentifier>
			<Abstract type="html">Creation of a string property</Abstract>
			<DeclaredIn>CMISPropertyData.h</DeclaredIn>			
			
			<Declaration>+ (CMISPropertyData *)createPropertyForId:(NSString *)id stringValue:(NSString *)value</Declaration>
			
			
			<Anchor>//api/name/createPropertyForId:stringValue:</Anchor>
		</Token>
		
		<Token>
			<TokenIdentifier>//apple_ref/occ/clm/CMISPropertyData/createPropertyForId:integerValue:</TokenIdentifier>
			<Abstract type="html">Creation of an integer property</Abstract>
			<DeclaredIn>CMISPropertyData.h</DeclaredIn>			
			
			<Declaration>+ (CMISPropertyData *)createPropertyForId:(NSString *)id integerValue:(NSInteger)value</Declaration>
			
			
			<Anchor>//api/name/createPropertyForId:integerValue:</Anchor>
		</Token>
		
		<Token>
			<TokenIdentifier>//apple_ref/occ/clm/CMISPropertyData/createPropertyForId:decimalValue:</TokenIdentifier>
			<Abstract type="html">Creation of a decimal property</Abstract>
			<DeclaredIn>CMISPropertyData.h</DeclaredIn>			
			
			<Declaration>+ (CMISPropertyData *)createPropertyForId:(NSString *)id decimalValue:(NSNumber *)value</Declaration>
			
			
			<Anchor>//api/name/createPropertyForId:decimalValue:</Anchor>
		</Token>
		
		<Token>
			<TokenIdentifier>//apple_ref/occ/clm/CMISPropertyData/createPropertyForId:idValue:</TokenIdentifier>
			<Abstract type="html">Creation of an id property</Abstract>
			<DeclaredIn>CMISPropertyData.h</DeclaredIn>			
			
			<Declaration>+ (CMISPropertyData *)createPropertyForId:(NSString *)id idValue:(NSString *)value</Declaration>
			
			
			<Anchor>//api/name/createPropertyForId:idValue:</Anchor>
		</Token>
		
		<Token>
			<TokenIdentifier>//apple_ref/occ/clm/CMISPropertyData/createPropertyForId:dateTimeValue:</TokenIdentifier>
			<Abstract type="html">Creation of a datetime property</Abstract>
			<DeclaredIn>CMISPropertyData.h</DeclaredIn>			
			
			<Declaration>+ (CMISPropertyData *)createPropertyForId:(NSString *)id dateTimeValue:(NSDate *)value</Declaration>
			
			
			<Anchor>//api/name/createPropertyForId:dateTimeValue:</Anchor>
		</Token>
		
		<Token>
			<TokenIdentifier>//apple_ref/occ/clm/CMISPropertyData/createPropertyForId:boolValue:</TokenIdentifier>
			<Abstract type="html">Creation of a boolean property</Abstract>
			<DeclaredIn>CMISPropertyData.h</DeclaredIn>			
			
			<Declaration>+ (CMISPropertyData *)createPropertyForId:(NSString *)id boolValue:(BOOL)value</Declaration>
			
			
			<Anchor>//api/name/createPropertyForId:boolValue:</Anchor>
		</Token>
		
		<Token>
			<TokenIdentifier>//apple_ref/occ/clm/CMISPropertyData/createPropertyForId:uriValue:</TokenIdentifier>
			<Abstract type="html">Creation of a uri property</Abstract>
			<DeclaredIn>CMISPropertyData.h</DeclaredIn>			
			
			<Declaration>+ (CMISPropertyData *)createPropertyForId:(NSString *)id uriValue:(NSURL *)value</Declaration>
			
			
			<Anchor>//api/name/createPropertyForId:uriValue:</Anchor>
		</Token>
		
		<Token>
			<TokenIdentifier>//apple_ref/occ/clm/CMISPropertyData/createPropertyForId:htmlValue:</TokenIdentifier>
			<Abstract type="html">Creation of a uri property</Abstract>
			<DeclaredIn>CMISPropertyData.h</DeclaredIn>			
			
			<Declaration>+ (CMISPropertyData *)createPropertyForId:(NSString *)id htmlValue:(NSString *)value</Declaration>
			
			
			<Anchor>//api/name/createPropertyForId:htmlValue:</Anchor>
		</Token>
		
	</File>
</Tokens>