<?xml version="1.0" encoding="UTF-8"?>
<Tokens version="1.0">
	<File path="Classes/CMISProperties.html">
		
		<Token>
			<TokenIdentifier>//apple_ref/occ/cl/CMISProperties</TokenIdentifier>
			<Abstract type="html"></Abstract>
			<DeclaredIn>CMISProperties.h</DeclaredIn>
			
			<NodeRef refid="50"/>
		</Token>
		
		
		<Token>
			<TokenIdentifier>//apple_ref/occ/instm/CMISProperties/setPropertiesDictionary:</TokenIdentifier>
			<Abstract type="html"></Abstract>
			<DeclaredIn>CMISProperties.h</DeclaredIn>			
			
			<Declaration>@property (nonatomic, strong, readonly) NSDictionary *propertiesDictionary</Declaration>
			
			
			<Anchor>//api/name/propertiesDictionary</Anchor>
		</Token>
		
		<Token>
			<TokenIdentifier>//apple_ref/occ/instp/CMISProperties/propertiesDictionary</TokenIdentifier>
			<Abstract type="html"></Abstract>
			<DeclaredIn>CMISProperties.h</DeclaredIn>			
			
			<Declaration>@property (nonatomic, strong, readonly) NSDictionary *propertiesDictionary</Declaration>
			
			
			<Anchor>//api/name/propertiesDictionary</Anchor>
		</Token>
		
		<Token>
			<TokenIdentifier>//apple_ref/occ/instm/CMISProperties/setPropertyList:</TokenIdentifier>
			<Abstract type="html"></Abstract>
			<DeclaredIn>CMISProperties.h</DeclaredIn>			
			
			<Declaration>@property (nonatomic, strong, readonly) NSArray *propertyList</Declaration>
			
			
			<Anchor>//api/name/propertyList</Anchor>
		</Token>
		
		<Token>
			<TokenIdentifier>//apple_ref/occ/instp/CMISProperties/propertyList</TokenIdentifier>
			<Abstract type="html"></Abstract>
			<DeclaredIn>CMISProperties.h</DeclaredIn>			
			
			<Declaration>@property (nonatomic, strong, readonly) NSArray *propertyList</Declaration>
			
			
			<Anchor>//api/name/propertyList</Anchor>
		</Token>
		
		<Token>
			<TokenIdentifier>//apple_ref/occ/instm/CMISProperties/addProperty:</TokenIdentifier>
			<Abstract type="html"></Abstract>
			<DeclaredIn>CMISProperties.h</DeclaredIn>			
			
			<Declaration>- (void)addProperty:(CMISPropertyData *)propertyData</Declaration>
			
			
			<Anchor>//api/name/addProperty:</Anchor>
		</Token>
		
		<Token>
			<TokenIdentifier>//apple_ref/occ/instm/CMISProperties/propertyForId:</TokenIdentifier>
			<Abstract type="html">Returns a property by id.
&lt;p&gt;
Since repositories are not obligated to add property ids to their query
result properties, this method might not always work as expected with
some repositories. Use {@link #getPropertyByQueryName(String)} instead.</Abstract>
			<DeclaredIn>CMISProperties.h</DeclaredIn>			
			
			<Declaration>- (CMISPropertyData *)propertyForId:(NSString *)id</Declaration>
			
			
			<Anchor>//api/name/propertyForId:</Anchor>
		</Token>
		
		<Token>
			<TokenIdentifier>//apple_ref/occ/instm/CMISProperties/propertyForQueryName:</TokenIdentifier>
			<Abstract type="html">Returns a property by query name or alias.</Abstract>
			<DeclaredIn>CMISProperties.h</DeclaredIn>			
			
			<Declaration>- (CMISPropertyData *)propertyForQueryName:(NSString *)queryName</Declaration>
			
			
			<Anchor>//api/name/propertyForQueryName:</Anchor>
		</Token>
		
		<Token>
			<TokenIdentifier>//apple_ref/occ/instm/CMISProperties/propertyValueForId:</TokenIdentifier>
			<Abstract type="html">Returns a property (single) value by id.</Abstract>
			<DeclaredIn>CMISProperties.h</DeclaredIn>			
			
			<Declaration>- (id)propertyValueForId:(NSString *)propertyId</Declaration>
			
			
			<Anchor>//api/name/propertyValueForId:</Anchor>
		</Token>
		
		<Token>
			<TokenIdentifier>//apple_ref/occ/instm/CMISProperties/propertyValueForQueryName:</TokenIdentifier>
			<Abstract type="html">Returns a property (single) value by query name or alias.</Abstract>
			<DeclaredIn>CMISProperties.h</DeclaredIn>			
			
			<Declaration>- (id)propertyValueForQueryName:(NSString *)queryName</Declaration>
			
			
			<Anchor>//api/name/propertyValueForQueryName:</Anchor>
		</Token>
		
		<Token>
			<TokenIdentifier>//apple_ref/occ/instm/CMISProperties/propertyMultiValueById:</TokenIdentifier>
			<Abstract type="html">Returns a property multi-value by id.</Abstract>
			<DeclaredIn>CMISProperties.h</DeclaredIn>			
			
			<Declaration>- (NSArray *)propertyMultiValueById:(NSString *)id</Declaration>
			
			
			<Anchor>//api/name/propertyMultiValueById:</Anchor>
		</Token>
		
		<Token>
			<TokenIdentifier>//apple_ref/occ/instm/CMISProperties/propertyMultiValueByQueryName:</TokenIdentifier>
			<Abstract type="html">Returns a property multi-value by query name or alias.</Abstract>
			<DeclaredIn>CMISProperties.h</DeclaredIn>			
			
			<Declaration>- (NSArray *)propertyMultiValueByQueryName:(NSString *)queryName</Declaration>
			
			
			<Anchor>//api/name/propertyMultiValueByQueryName:</Anchor>
		</Token>
		
	</File>
</Tokens>