<?xml version="1.0" encoding="UTF-8"?>
<Tokens version="1.0">
	<File path="Classes/CMISAllowableActionsParser.html">
		
		<Token>
			<TokenIdentifier>//apple_ref/occ/cl/CMISAllowableActionsParser</TokenIdentifier>
			<Abstract type="html"></Abstract>
			<DeclaredIn>CMISAllowableActionsParser.h</DeclaredIn>
			
			<NodeRef refid="2"/>
		</Token>
		
		
		<Token>
			<TokenIdentifier>//apple_ref/occ/instm/CMISAllowableActionsParser/setAllowableActions:</TokenIdentifier>
			<Abstract type="html"></Abstract>
			<DeclaredIn>CMISAllowableActionsParser.h</DeclaredIn>			
			
			<Declaration>@property (nonatomic, strong) CMISAllowableActions *allowableActions</Declaration>
			
			
			<Anchor>//api/name/allowableActions</Anchor>
		</Token>
		
		<Token>
			<TokenIdentifier>//apple_ref/occ/instp/CMISAllowableActionsParser/allowableActions</TokenIdentifier>
			<Abstract type="html"></Abstract>
			<DeclaredIn>CMISAllowableActionsParser.h</DeclaredIn>			
			
			<Declaration>@property (nonatomic, strong) CMISAllowableActions *allowableActions</Declaration>
			
			
			<Anchor>//api/name/allowableActions</Anchor>
		</Token>
		
		<Token>
			<TokenIdentifier>//apple_ref/occ/instm/CMISAllowableActionsParser/initWithData:</TokenIdentifier>
			<Abstract type="html">Designated Initializer</Abstract>
			<DeclaredIn>CMISAllowableActionsParser.h</DeclaredIn>			
			
			<Declaration>- (id)initWithData:(NSData *)atomData</Declaration>
			
			
			<Anchor>//api/name/initWithData:</Anchor>
		</Token>
		
		<Token>
			<TokenIdentifier>//apple_ref/occ/instm/CMISAllowableActionsParser/parseAndReturnError:</TokenIdentifier>
			<Abstract type="html">parse method. returns NO if unsuccessful</Abstract>
			<DeclaredIn>CMISAllowableActionsParser.h</DeclaredIn>			
			
			<Declaration>- (BOOL)parseAndReturnError:(NSError **)error</Declaration>
			
			
			<Anchor>//api/name/parseAndReturnError:</Anchor>
		</Token>
		
		<Token>
			<TokenIdentifier>//apple_ref/occ/clm/CMISAllowableActionsParser/allowableActionsParserWithParentDelegate:parser:</TokenIdentifier>
			<Abstract type="html">Delegates parsing to child parser, ensure that the Element is &apos;allowableActions&apos;</Abstract>
			<DeclaredIn>CMISAllowableActionsParser.h</DeclaredIn>			
			
			<Declaration>+ (id)allowableActionsParserWithParentDelegate:(id&lt;NSXMLParserDelegate,CMISAllowableActionsParserDelegate&gt;)parentDelegate parser:(NSXMLParser *)parser</Declaration>
			
			
			<Anchor>//api/name/allowableActionsParserWithParentDelegate:parser:</Anchor>
		</Token>
		
	</File>
</Tokens>