<?xml version="1.0" encoding="UTF-8"?>
<Tokens version="1.0">
	<File path="Classes/CMISAtomPubExtensionElementParser.html">
		
		<Token>
			<TokenIdentifier>//apple_ref/occ/cl/CMISAtomPubExtensionElementParser</TokenIdentifier>
			<Abstract type="html"></Abstract>
			<DeclaredIn>CMISAtomPubExtensionElementParser.h</DeclaredIn>
			
			<NodeRef refid="13"/>
		</Token>
		
		
		<Token>
			<TokenIdentifier>//apple_ref/occ/clm/CMISAtomPubExtensionElementParser/extensionElementParserWithElementName:namespaceUri:attributes:parentDelegate:parser:</TokenIdentifier>
			<Abstract type="html">extension element parser. returns parsed element</Abstract>
			<DeclaredIn>CMISAtomPubExtensionElementParser.h</DeclaredIn>			
			
			<Declaration>+ (id)extensionElementParserWithElementName:(NSString *)elementName namespaceUri:(NSString *)namespaceUri attributes:(NSDictionary *)attributes parentDelegate:(id&lt;NSXMLParserDelegate,CMISAtomPubExtensionElementParserDelegate&gt;)parentDelegate parser:(NSXMLParser *)parser</Declaration>
			
			
			<Anchor>//api/name/extensionElementParserWithElementName:namespaceUri:attributes:parentDelegate:parser:</Anchor>
		</Token>
		
	</File>
</Tokens>