<?xml version="1.0" encoding="UTF-8"?>
<Tokens version="1.0">
	<File path="Classes/CMISQueryResult.html">
		
		<Token>
			<TokenIdentifier>//apple_ref/occ/cl/CMISQueryResult</TokenIdentifier>
			<Abstract type="html"></Abstract>
			<DeclaredIn>CMISQueryResult.h</DeclaredIn>
			
			<NodeRef refid="55"/>
		</Token>
		
		
		<Token>
			<TokenIdentifier>//apple_ref/occ/instm/CMISQueryResult/setProperties:</TokenIdentifier>
			<Abstract type="html"></Abstract>
			<DeclaredIn>CMISQueryResult.h</DeclaredIn>			
			
			<Declaration>@property (nonatomic, strong, readonly) CMISProperties *properties</Declaration>
			
			
			<Anchor>//api/name/properties</Anchor>
		</Token>
		
		<Token>
			<TokenIdentifier>//apple_ref/occ/instp/CMISQueryResult/properties</TokenIdentifier>
			<Abstract type="html"></Abstract>
			<DeclaredIn>CMISQueryResult.h</DeclaredIn>			
			
			<Declaration>@property (nonatomic, strong, readonly) CMISProperties *properties</Declaration>
			
			
			<Anchor>//api/name/properties</Anchor>
		</Token>
		
		<Token>
			<TokenIdentifier>//apple_ref/occ/instm/CMISQueryResult/setAllowableActions:</TokenIdentifier>
			<Abstract type="html"></Abstract>
			<DeclaredIn>CMISQueryResult.h</DeclaredIn>			
			
			<Declaration>@property (nonatomic, strong, readonly) CMISAllowableActions *allowableActions</Declaration>
			
			
			<Anchor>//api/name/allowableActions</Anchor>
		</Token>
		
		<Token>
			<TokenIdentifier>//apple_ref/occ/instp/CMISQueryResult/allowableActions</TokenIdentifier>
			<Abstract type="html"></Abstract>
			<DeclaredIn>CMISQueryResult.h</DeclaredIn>			
			
			<Declaration>@property (nonatomic, strong, readonly) CMISAllowableActions *allowableActions</Declaration>
			
			
			<Anchor>//api/name/allowableActions</Anchor>
		</Token>
		
		<Token>
			<TokenIdentifier>//apple_ref/occ/instm/CMISQueryResult/setRenditions:</TokenIdentifier>
			<Abstract type="html"></Abstract>
			<DeclaredIn>CMISQueryResult.h</DeclaredIn>			
			
			<Declaration>@property (nonatomic, strong, readonly) NSArray *renditions</Declaration>
			
			
			<Anchor>//api/name/renditions</Anchor>
		</Token>
		
		<Token>
			<TokenIdentifier>//apple_ref/occ/instp/CMISQueryResult/renditions</TokenIdentifier>
			<Abstract type="html"></Abstract>
			<DeclaredIn>CMISQueryResult.h</DeclaredIn>			
			
			<Declaration>@property (nonatomic, strong, readonly) NSArray *renditions</Declaration>
			
			
			<Anchor>//api/name/renditions</Anchor>
		</Token>
		
		<Token>
			<TokenIdentifier>//apple_ref/occ/instm/CMISQueryResult/initWithCmisObjectData:session:</TokenIdentifier>
			<Abstract type="html">Initializes this query result.</Abstract>
			<DeclaredIn>CMISQueryResult.h</DeclaredIn>			
			
			<Declaration>- (id)initWithCmisObjectData:(CMISObjectData *)cmisObjectData session:(CMISSession *)session</Declaration>
			
			
			<Anchor>//api/name/initWithCmisObjectData:session:</Anchor>
		</Token>
		
		<Token>
			<TokenIdentifier>//apple_ref/occ/clm/CMISQueryResult/queryResultUsingCmisObjectData:session:</TokenIdentifier>
			<Abstract type="html">Convience method for the initializer.</Abstract>
			<DeclaredIn>CMISQueryResult.h</DeclaredIn>			
			
			<Declaration>+ (CMISQueryResult *)queryResultUsingCmisObjectData:(CMISObjectData *)cmisObjectData session:(CMISSession *)session</Declaration>
			
			
			<Anchor>//api/name/queryResultUsingCmisObjectData:session:</Anchor>
		</Token>
		
		<Token>
			<TokenIdentifier>//apple_ref/occ/instm/CMISQueryResult/propertyForId:</TokenIdentifier>
			<Abstract type="html">Returns a property by id.
&lt;p&gt;
Since repositories are not obligated to add property ids to their query
result properties, this method might not always work as expected with
some repositories. Use {@link #getPropertyByQueryName(String)} instead.</Abstract>
			<DeclaredIn>CMISQueryResult.h</DeclaredIn>			
			
			<Declaration>- (CMISPropertyData *)propertyForId:(NSString *)id</Declaration>
			
			
			<Anchor>//api/name/propertyForId:</Anchor>
		</Token>
		
		<Token>
			<TokenIdentifier>//apple_ref/occ/instm/CMISQueryResult/propertyForQueryName:</TokenIdentifier>
			<Abstract type="html">Returns a property by query name or alias.</Abstract>
			<DeclaredIn>CMISQueryResult.h</DeclaredIn>			
			
			<Declaration>- (CMISPropertyData *)propertyForQueryName:(NSString *)queryName</Declaration>
			
			
			<Anchor>//api/name/propertyForQueryName:</Anchor>
		</Token>
		
		<Token>
			<TokenIdentifier>//apple_ref/occ/instm/CMISQueryResult/propertyValueForId:</TokenIdentifier>
			<Abstract type="html">Returns a property (single) value by id.</Abstract>
			<DeclaredIn>CMISQueryResult.h</DeclaredIn>			
			
			<Declaration>- (id)propertyValueForId:(NSString *)propertyId</Declaration>
			
			
			<Anchor>//api/name/propertyValueForId:</Anchor>
		</Token>
		
		<Token>
			<TokenIdentifier>//apple_ref/occ/instm/CMISQueryResult/propertyValueForQueryName:</TokenIdentifier>
			<Abstract type="html">Returns a property (single) value by query name or alias.</Abstract>
			<DeclaredIn>CMISQueryResult.h</DeclaredIn>			
			
			<Declaration>- (id)propertyValueForQueryName:(NSString *)queryName</Declaration>
			
			
			<Anchor>//api/name/propertyValueForQueryName:</Anchor>
		</Token>
		
		<Token>
			<TokenIdentifier>//apple_ref/occ/instm/CMISQueryResult/propertyMultiValueById:</TokenIdentifier>
			<Abstract type="html">Returns a property multi-value by id.</Abstract>
			<DeclaredIn>CMISQueryResult.h</DeclaredIn>			
			
			<Declaration>- (NSArray *)propertyMultiValueById:(NSString *)id</Declaration>
			
			
			<Anchor>//api/name/propertyMultiValueById:</Anchor>
		</Token>
		
		<Token>
			<TokenIdentifier>//apple_ref/occ/instm/CMISQueryResult/propertyMultiValueByQueryName:</TokenIdentifier>
			<Abstract type="html">Returns a property multi-value by query name or alias.</Abstract>
			<DeclaredIn>CMISQueryResult.h</DeclaredIn>			
			
			<Declaration>- (NSArray *)propertyMultiValueByQueryName:(NSString *)queryName</Declaration>
			
			
			<Anchor>//api/name/propertyMultiValueByQueryName:</Anchor>
		</Token>
		
	</File>
</Tokens>