<?xml version="1.0" encoding="UTF-8"?>
<Tokens version="1.0">
	<File path="Classes/CMISDocument.html">
		
		<Token>
			<TokenIdentifier>//apple_ref/occ/cl/CMISDocument</TokenIdentifier>
			<Abstract type="html"></Abstract>
			<DeclaredIn>CMISDocument.h</DeclaredIn>
			
			<NodeRef refid="25"/>
		</Token>
		
		
		<Token>
			<TokenIdentifier>//apple_ref/occ/instm/CMISDocument/setContentStreamId:</TokenIdentifier>
			<Abstract type="html"></Abstract>
			<DeclaredIn>CMISDocument.h</DeclaredIn>			
			
			<Declaration>@property (nonatomic, strong, readonly) NSString *contentStreamId</Declaration>
			
			
			<Anchor>//api/name/contentStreamId</Anchor>
		</Token>
		
		<Token>
			<TokenIdentifier>//apple_ref/occ/instp/CMISDocument/contentStreamId</TokenIdentifier>
			<Abstract type="html"></Abstract>
			<DeclaredIn>CMISDocument.h</DeclaredIn>			
			
			<Declaration>@property (nonatomic, strong, readonly) NSString *contentStreamId</Declaration>
			
			
			<Anchor>//api/name/contentStreamId</Anchor>
		</Token>
		
		<Token>
			<TokenIdentifier>//apple_ref/occ/instm/CMISDocument/setContentStreamFileName:</TokenIdentifier>
			<Abstract type="html"></Abstract>
			<DeclaredIn>CMISDocument.h</DeclaredIn>			
			
			<Declaration>@property (nonatomic, strong, readonly) NSString *contentStreamFileName</Declaration>
			
			
			<Anchor>//api/name/contentStreamFileName</Anchor>
		</Token>
		
		<Token>
			<TokenIdentifier>//apple_ref/occ/instp/CMISDocument/contentStreamFileName</TokenIdentifier>
			<Abstract type="html"></Abstract>
			<DeclaredIn>CMISDocument.h</DeclaredIn>			
			
			<Declaration>@property (nonatomic, strong, readonly) NSString *contentStreamFileName</Declaration>
			
			
			<Anchor>//api/name/contentStreamFileName</Anchor>
		</Token>
		
		<Token>
			<TokenIdentifier>//apple_ref/occ/instm/CMISDocument/setContentStreamMediaType:</TokenIdentifier>
			<Abstract type="html"></Abstract>
			<DeclaredIn>CMISDocument.h</DeclaredIn>			
			
			<Declaration>@property (nonatomic, strong, readonly) NSString *contentStreamMediaType</Declaration>
			
			
			<Anchor>//api/name/contentStreamMediaType</Anchor>
		</Token>
		
		<Token>
			<TokenIdentifier>//apple_ref/occ/instp/CMISDocument/contentStreamMediaType</TokenIdentifier>
			<Abstract type="html"></Abstract>
			<DeclaredIn>CMISDocument.h</DeclaredIn>			
			
			<Declaration>@property (nonatomic, strong, readonly) NSString *contentStreamMediaType</Declaration>
			
			
			<Anchor>//api/name/contentStreamMediaType</Anchor>
		</Token>
		
		<Token>
			<TokenIdentifier>//apple_ref/occ/instm/CMISDocument/setContentStreamLength:</TokenIdentifier>
			<Abstract type="html"></Abstract>
			<DeclaredIn>CMISDocument.h</DeclaredIn>			
			
			<Declaration>@property (readonly) unsigned long long contentStreamLength</Declaration>
			
			
			<Anchor>//api/name/contentStreamLength</Anchor>
		</Token>
		
		<Token>
			<TokenIdentifier>//apple_ref/occ/instp/CMISDocument/contentStreamLength</TokenIdentifier>
			<Abstract type="html"></Abstract>
			<DeclaredIn>CMISDocument.h</DeclaredIn>			
			
			<Declaration>@property (readonly) unsigned long long contentStreamLength</Declaration>
			
			
			<Anchor>//api/name/contentStreamLength</Anchor>
		</Token>
		
		<Token>
			<TokenIdentifier>//apple_ref/occ/instm/CMISDocument/setVersionLabel:</TokenIdentifier>
			<Abstract type="html"></Abstract>
			<DeclaredIn>CMISDocument.h</DeclaredIn>			
			
			<Declaration>@property (nonatomic, strong, readonly) NSString *versionLabel</Declaration>
			
			
			<Anchor>//api/name/versionLabel</Anchor>
		</Token>
		
		<Token>
			<TokenIdentifier>//apple_ref/occ/instp/CMISDocument/versionLabel</TokenIdentifier>
			<Abstract type="html"></Abstract>
			<DeclaredIn>CMISDocument.h</DeclaredIn>			
			
			<Declaration>@property (nonatomic, strong, readonly) NSString *versionLabel</Declaration>
			
			
			<Anchor>//api/name/versionLabel</Anchor>
		</Token>
		
		<Token>
			<TokenIdentifier>//apple_ref/occ/instm/CMISDocument/setLatestVersion:</TokenIdentifier>
			<Abstract type="html"></Abstract>
			<DeclaredIn>CMISDocument.h</DeclaredIn>			
			
			<Declaration>@property (nonatomic, assign, readonly, getter=isLatestVersion) BOOL latestVersion</Declaration>
			
			
			<Anchor>//api/name/latestVersion</Anchor>
		</Token>
		
		<Token>
			<TokenIdentifier>//apple_ref/occ/instp/CMISDocument/latestVersion</TokenIdentifier>
			<Abstract type="html"></Abstract>
			<DeclaredIn>CMISDocument.h</DeclaredIn>			
			
			<Declaration>@property (nonatomic, assign, readonly, getter=isLatestVersion) BOOL latestVersion</Declaration>
			
			
			<Anchor>//api/name/latestVersion</Anchor>
		</Token>
		
		<Token>
			<TokenIdentifier>//apple_ref/occ/instm/CMISDocument/setMajorVersion:</TokenIdentifier>
			<Abstract type="html"></Abstract>
			<DeclaredIn>CMISDocument.h</DeclaredIn>			
			
			<Declaration>@property (nonatomic, assign, readonly, getter=isMajorVersion) BOOL majorVersion</Declaration>
			
			
			<Anchor>//api/name/majorVersion</Anchor>
		</Token>
		
		<Token>
			<TokenIdentifier>//apple_ref/occ/instp/CMISDocument/majorVersion</TokenIdentifier>
			<Abstract type="html"></Abstract>
			<DeclaredIn>CMISDocument.h</DeclaredIn>			
			
			<Declaration>@property (nonatomic, assign, readonly, getter=isMajorVersion) BOOL majorVersion</Declaration>
			
			
			<Anchor>//api/name/majorVersion</Anchor>
		</Token>
		
		<Token>
			<TokenIdentifier>//apple_ref/occ/instm/CMISDocument/setLatestMajorVersion:</TokenIdentifier>
			<Abstract type="html"></Abstract>
			<DeclaredIn>CMISDocument.h</DeclaredIn>			
			
			<Declaration>@property (nonatomic, assign, readonly, getter=isLatestMajorVersion) BOOL latestMajorVersion</Declaration>
			
			
			<Anchor>//api/name/latestMajorVersion</Anchor>
		</Token>
		
		<Token>
			<TokenIdentifier>//apple_ref/occ/instp/CMISDocument/latestMajorVersion</TokenIdentifier>
			<Abstract type="html"></Abstract>
			<DeclaredIn>CMISDocument.h</DeclaredIn>			
			
			<Declaration>@property (nonatomic, assign, readonly, getter=isLatestMajorVersion) BOOL latestMajorVersion</Declaration>
			
			
			<Anchor>//api/name/latestMajorVersion</Anchor>
		</Token>
		
		<Token>
			<TokenIdentifier>//apple_ref/occ/instm/CMISDocument/setVersionSeriesId:</TokenIdentifier>
			<Abstract type="html"></Abstract>
			<DeclaredIn>CMISDocument.h</DeclaredIn>			
			
			<Declaration>@property (nonatomic, strong, readonly) NSString *versionSeriesId</Declaration>
			
			
			<Anchor>//api/name/versionSeriesId</Anchor>
		</Token>
		
		<Token>
			<TokenIdentifier>//apple_ref/occ/instp/CMISDocument/versionSeriesId</TokenIdentifier>
			<Abstract type="html"></Abstract>
			<DeclaredIn>CMISDocument.h</DeclaredIn>			
			
			<Declaration>@property (nonatomic, strong, readonly) NSString *versionSeriesId</Declaration>
			
			
			<Anchor>//api/name/versionSeriesId</Anchor>
		</Token>
		
		<Token>
			<TokenIdentifier>//apple_ref/occ/instm/CMISDocument/retrieveAllVersionsWithCompletionBlock:</TokenIdentifier>
			<Abstract type="html">Retrieves a collection of all versions of this document.
The completionBlock returns collection of all documents or nil if unsuccessful</Abstract>
			<DeclaredIn>CMISDocument.h</DeclaredIn>			
			
			<Declaration>- (CMISRequest *)retrieveAllVersionsWithCompletionBlock:(void ( ^ ) ( CMISCollection *allVersionsOfDocument , NSError *error ))completionBlock</Declaration>
			
			
			<Anchor>//api/name/retrieveAllVersionsWithCompletionBlock:</Anchor>
		</Token>
		
		<Token>
			<TokenIdentifier>//apple_ref/occ/instm/CMISDocument/retrieveAllVersionsWithOperationContext:completionBlock:</TokenIdentifier>
			<Abstract type="html">Retrieves a collection of all versions of this document with paging options.
The completionBlock returns collection of all documents or nil if unsuccessful</Abstract>
			<DeclaredIn>CMISDocument.h</DeclaredIn>			
			
			<Declaration>- (CMISRequest *)retrieveAllVersionsWithOperationContext:(CMISOperationContext *)operationContext completionBlock:(void ( ^ ) ( CMISCollection *collection , NSError *error ))completionBlock</Declaration>
			
			
			<Anchor>//api/name/retrieveAllVersionsWithOperationContext:completionBlock:</Anchor>
		</Token>
		
		<Token>
			<TokenIdentifier>//apple_ref/occ/instm/CMISDocument/retrieveObjectOfLatestVersionWithMajorVersion:completionBlock:</TokenIdentifier>
			<Abstract type="html">Retrieves the lastest version of this document.
The completionBlock returns the CMIS document or nil if unsuccessful</Abstract>
			<DeclaredIn>CMISDocument.h</DeclaredIn>			
			
			<Declaration>- (CMISRequest *)retrieveObjectOfLatestVersionWithMajorVersion:(BOOL)major completionBlock:(void ( ^ ) ( CMISDocument *document , NSError *error ))completionBlock</Declaration>
			
			
			<Anchor>//api/name/retrieveObjectOfLatestVersionWithMajorVersion:completionBlock:</Anchor>
		</Token>
		
		<Token>
			<TokenIdentifier>//apple_ref/occ/instm/CMISDocument/retrieveObjectOfLatestVersionWithMajorVersion:operationContext:completionBlock:</TokenIdentifier>
			<Abstract type="html">Retrieves the lastest version of this document with paging options.
The completionBlock returns the CMIS document or nil if unsuccessful</Abstract>
			<DeclaredIn>CMISDocument.h</DeclaredIn>			
			
			<Declaration>- (CMISRequest *)retrieveObjectOfLatestVersionWithMajorVersion:(BOOL)major operationContext:(CMISOperationContext *)operationContext completionBlock:(void ( ^ ) ( CMISDocument *document , NSError *error ))completionBlock</Declaration>
			
			
			<Anchor>//api/name/retrieveObjectOfLatestVersionWithMajorVersion:operationContext:completionBlock:</Anchor>
		</Token>
		
		<Token>
			<TokenIdentifier>//apple_ref/occ/instm/CMISDocument/downloadContentToFile:completionBlock:progressBlock:</TokenIdentifier>
			<Abstract type="html">Downloads the content to a local file and returns the filepath.
completionBlock will return NSError nil if successful</Abstract>
			<DeclaredIn>CMISDocument.h</DeclaredIn>			
			
			<Declaration>- (CMISRequest *)downloadContentToFile:(NSString *)filePath completionBlock:(void ( ^ ) ( NSError *error ))completionBlock progressBlock:(void ( ^ ) ( unsigned long long bytesDownloaded , unsigned long long bytesTotal ))progressBlock</Declaration>
			
			
			<Anchor>//api/name/downloadContentToFile:completionBlock:progressBlock:</Anchor>
		</Token>
		
		<Token>
			<TokenIdentifier>//apple_ref/occ/instm/CMISDocument/downloadContentToOutputStream:completionBlock:progressBlock:</TokenIdentifier>
			<Abstract type="html">Downloads the content to an outputstream and returns the handle to the http request in order to allow cancellation.
completionBlock will return NSError nil if successful</Abstract>
			<DeclaredIn>CMISDocument.h</DeclaredIn>			
			
			<Declaration>- (CMISRequest *)downloadContentToOutputStream:(NSOutputStream *)outputStream completionBlock:(void ( ^ ) ( NSError *error ))completionBlock progressBlock:(void ( ^ ) ( unsigned long long bytesDownloaded , unsigned long long bytesTotal ))progressBlock</Declaration>
			
			
			<Anchor>//api/name/downloadContentToOutputStream:completionBlock:progressBlock:</Anchor>
		</Token>
		
		<Token>
			<TokenIdentifier>//apple_ref/occ/instm/CMISDocument/changeContentToContentOfFile:mimeType:overwrite:completionBlock:progressBlock:</TokenIdentifier>
			<Abstract type="html">Changes the content of this document to the content of the given file.</Abstract>
			<DeclaredIn>CMISDocument.h</DeclaredIn>			
			
			<Declaration>- (CMISRequest *)changeContentToContentOfFile:(NSString *)filePath mimeType:(NSString *)mimeType overwrite:(BOOL)overwrite completionBlock:(void ( ^ ) ( NSError *error ))completionBlock progressBlock:(void ( ^ ) ( unsigned long long bytesUploaded , unsigned long long bytesTotal ))progressBlock</Declaration>
			
			
			<Anchor>//api/name/changeContentToContentOfFile:mimeType:overwrite:completionBlock:progressBlock:</Anchor>
		</Token>
		
		<Token>
			<TokenIdentifier>//apple_ref/occ/instm/CMISDocument/changeContentToContentOfInputStream:bytesExpected:fileName:mimeType:overwrite:completionBlock:progressBlock:</TokenIdentifier>
			<Abstract type="html">Changes the content of this document to the content of the given input stream.</Abstract>
			<DeclaredIn>CMISDocument.h</DeclaredIn>			
			
			<Declaration>- (CMISRequest *)changeContentToContentOfInputStream:(NSInputStream *)inputStream bytesExpected:(unsigned long long)bytesExpected fileName:(NSString *)fileName mimeType:(NSString *)mimeType overwrite:(BOOL)overwrite completionBlock:(void ( ^ ) ( NSError *error ))completionBlock progressBlock:(void ( ^ ) ( unsigned long long bytesUploaded , unsigned long long bytesTotal ))progressBlock</Declaration>
			
			
			<Anchor>//api/name/changeContentToContentOfInputStream:bytesExpected:fileName:mimeType:overwrite:completionBlock:progressBlock:</Anchor>
		</Token>
		
		<Token>
			<TokenIdentifier>//apple_ref/occ/instm/CMISDocument/deleteContentWithCompletionBlock:</TokenIdentifier>
			<Abstract type="html">Deletes the content of this document.
completionBlock will return NSError nil if successful</Abstract>
			<DeclaredIn>CMISDocument.h</DeclaredIn>			
			
			<Declaration>- (CMISRequest *)deleteContentWithCompletionBlock:(void ( ^ ) ( NSError *error ))completionBlock</Declaration>
			
			
			<Anchor>//api/name/deleteContentWithCompletionBlock:</Anchor>
		</Token>
		
		<Token>
			<TokenIdentifier>//apple_ref/occ/instm/CMISDocument/deleteAllVersionsWithCompletionBlock:</TokenIdentifier>
			<Abstract type="html">Deletes the document from the document store.
completionBlock return true if successful</Abstract>
			<DeclaredIn>CMISDocument.h</DeclaredIn>			
			
			<Declaration>- (CMISRequest *)deleteAllVersionsWithCompletionBlock:(void ( ^ ) ( BOOL documentDeleted , NSError *error ))completionBlock</Declaration>
			
			
			<Anchor>//api/name/deleteAllVersionsWithCompletionBlock:</Anchor>
		</Token>
		
	</File>
</Tokens>