<?xml version="1.0" encoding="UTF-8"?>
<Tokens version="1.0">
	<File path="Classes/CMISHttpDownloadRequest.html">
		
		<Token>
			<TokenIdentifier>//apple_ref/occ/cl/CMISHttpDownloadRequest</TokenIdentifier>
			<Abstract type="html"></Abstract>
			<DeclaredIn>CMISHttpDownloadRequest.h</DeclaredIn>
			
			<NodeRef refid="34"/>
		</Token>
		
		
		<Token>
			<TokenIdentifier>//apple_ref/occ/instm/CMISHttpDownloadRequest/setOutputStream:</TokenIdentifier>
			<Abstract type="html"></Abstract>
			<DeclaredIn>CMISHttpDownloadRequest.h</DeclaredIn>			
			
			<Declaration>@property (nonatomic, strong) NSOutputStream *outputStream</Declaration>
			
			
			<Anchor>//api/name/outputStream</Anchor>
		</Token>
		
		<Token>
			<TokenIdentifier>//apple_ref/occ/instp/CMISHttpDownloadRequest/outputStream</TokenIdentifier>
			<Abstract type="html"></Abstract>
			<DeclaredIn>CMISHttpDownloadRequest.h</DeclaredIn>			
			
			<Declaration>@property (nonatomic, strong) NSOutputStream *outputStream</Declaration>
			
			
			<Anchor>//api/name/outputStream</Anchor>
		</Token>
		
		<Token>
			<TokenIdentifier>//apple_ref/occ/instm/CMISHttpDownloadRequest/setBytesExpected:</TokenIdentifier>
			<Abstract type="html"></Abstract>
			<DeclaredIn>CMISHttpDownloadRequest.h</DeclaredIn>			
			
			<Declaration>@property (nonatomic, assign) unsigned long long bytesExpected</Declaration>
			
			
			<Anchor>//api/name/bytesExpected</Anchor>
		</Token>
		
		<Token>
			<TokenIdentifier>//apple_ref/occ/instp/CMISHttpDownloadRequest/bytesExpected</TokenIdentifier>
			<Abstract type="html"></Abstract>
			<DeclaredIn>CMISHttpDownloadRequest.h</DeclaredIn>			
			
			<Declaration>@property (nonatomic, assign) unsigned long long bytesExpected</Declaration>
			
			
			<Anchor>//api/name/bytesExpected</Anchor>
		</Token>
		
		<Token>
			<TokenIdentifier>//apple_ref/occ/instm/CMISHttpDownloadRequest/setBytesDownloaded:</TokenIdentifier>
			<Abstract type="html"></Abstract>
			<DeclaredIn>CMISHttpDownloadRequest.h</DeclaredIn>			
			
			<Declaration>@property (nonatomic, readonly) unsigned long long bytesDownloaded</Declaration>
			
			
			<Anchor>//api/name/bytesDownloaded</Anchor>
		</Token>
		
		<Token>
			<TokenIdentifier>//apple_ref/occ/instp/CMISHttpDownloadRequest/bytesDownloaded</TokenIdentifier>
			<Abstract type="html"></Abstract>
			<DeclaredIn>CMISHttpDownloadRequest.h</DeclaredIn>			
			
			<Declaration>@property (nonatomic, readonly) unsigned long long bytesDownloaded</Declaration>
			
			
			<Anchor>//api/name/bytesDownloaded</Anchor>
		</Token>
		
		<Token>
			<TokenIdentifier>//apple_ref/occ/clm/CMISHttpDownloadRequest/startRequest:httpMethod:outputStream:bytesExpected:authenticationProvider:completionBlock:progressBlock:</TokenIdentifier>
			<Abstract type="html">starts a URL request for download. Data are written to the provided output stream
completionBlock returns a CMISHttpResponse object or nil if unsuccessful</Abstract>
			<DeclaredIn>CMISHttpDownloadRequest.h</DeclaredIn>			
			
			<Declaration>+ (id)startRequest:(NSMutableURLRequest *)urlRequest httpMethod:(CMISHttpRequestMethod)httpRequestMethod outputStream:(NSOutputStream *)outputStream bytesExpected:(unsigned long long)bytesExpected authenticationProvider:(id&lt;CMISAuthenticationProvider&gt;)authenticationProvider completionBlock:(void ( ^ ) ( CMISHttpResponse *httpResponse , NSError *error ))completionBlock progressBlock:(void ( ^ ) ( unsigned long long bytesDownloaded , unsigned long long bytesTotal ))progressBlock</Declaration>
			
			
			<Anchor>//api/name/startRequest:httpMethod:outputStream:bytesExpected:authenticationProvider:completionBlock:progressBlock:</Anchor>
		</Token>
		
	</File>
</Tokens>