<?xml version="1.0" encoding="UTF-8"?>
<Tokens version="1.0">
	<File path="Classes/CMISPagedResult.html">
		
		<Token>
			<TokenIdentifier>//apple_ref/occ/cl/CMISPagedResult</TokenIdentifier>
			<Abstract type="html">The result of executing an operation which has potentially more results than returned in once.</Abstract>
			<DeclaredIn>CMISPagedResult.h</DeclaredIn>
			
			<NodeRef refid="49"/>
		</Token>
		
		
		<Token>
			<TokenIdentifier>//apple_ref/occ/instm/CMISPagedResult/setResultArray:</TokenIdentifier>
			<Abstract type="html"></Abstract>
			<DeclaredIn>CMISPagedResult.h</DeclaredIn>			
			
			<Declaration>@property (nonatomic, strong, readonly) NSArray *resultArray</Declaration>
			
			
			<Anchor>//api/name/resultArray</Anchor>
		</Token>
		
		<Token>
			<TokenIdentifier>//apple_ref/occ/instp/CMISPagedResult/resultArray</TokenIdentifier>
			<Abstract type="html"></Abstract>
			<DeclaredIn>CMISPagedResult.h</DeclaredIn>			
			
			<Declaration>@property (nonatomic, strong, readonly) NSArray *resultArray</Declaration>
			
			
			<Anchor>//api/name/resultArray</Anchor>
		</Token>
		
		<Token>
			<TokenIdentifier>//apple_ref/occ/instm/CMISPagedResult/setHasMoreItems:</TokenIdentifier>
			<Abstract type="html"></Abstract>
			<DeclaredIn>CMISPagedResult.h</DeclaredIn>			
			
			<Declaration>@property (readonly) BOOL hasMoreItems</Declaration>
			
			
			<Anchor>//api/name/hasMoreItems</Anchor>
		</Token>
		
		<Token>
			<TokenIdentifier>//apple_ref/occ/instp/CMISPagedResult/hasMoreItems</TokenIdentifier>
			<Abstract type="html"></Abstract>
			<DeclaredIn>CMISPagedResult.h</DeclaredIn>			
			
			<Declaration>@property (readonly) BOOL hasMoreItems</Declaration>
			
			
			<Anchor>//api/name/hasMoreItems</Anchor>
		</Token>
		
		<Token>
			<TokenIdentifier>//apple_ref/occ/instm/CMISPagedResult/setNumItems:</TokenIdentifier>
			<Abstract type="html"></Abstract>
			<DeclaredIn>CMISPagedResult.h</DeclaredIn>			
			
			<Declaration>@property (readonly) NSInteger numItems</Declaration>
			
			
			<Anchor>//api/name/numItems</Anchor>
		</Token>
		
		<Token>
			<TokenIdentifier>//apple_ref/occ/instp/CMISPagedResult/numItems</TokenIdentifier>
			<Abstract type="html"></Abstract>
			<DeclaredIn>CMISPagedResult.h</DeclaredIn>			
			
			<Declaration>@property (readonly) NSInteger numItems</Declaration>
			
			
			<Anchor>//api/name/numItems</Anchor>
		</Token>
		
		<Token>
			<TokenIdentifier>//apple_ref/occ/clm/CMISPagedResult/pagedResultUsingFetchBlock:limitToMaxItems:startFromSkipCount:completionBlock:</TokenIdentifier>
			<Abstract type="html">completionBlock returns paged results or nil if unsuccessful</Abstract>
			<DeclaredIn>CMISPagedResult.h</DeclaredIn>			
			
			<Declaration>+ (void)pagedResultUsingFetchBlock:(CMISFetchNextPageBlock)fetchNextPageBlock limitToMaxItems:(NSInteger)maxItems startFromSkipCount:(NSInteger)skipCount completionBlock:(void ( ^ ) ( CMISPagedResult *result , NSError *error ))completionBlock</Declaration>
			
			
			<Anchor>//api/name/pagedResultUsingFetchBlock:limitToMaxItems:startFromSkipCount:completionBlock:</Anchor>
		</Token>
		
		<Token>
			<TokenIdentifier>//apple_ref/occ/instm/CMISPagedResult/fetchNextPageWithCompletionBlock:</TokenIdentifier>
			<Abstract type="html">fetches the next page
completionBlock returns paged result or nil if unsuccessful</Abstract>
			<DeclaredIn>CMISPagedResult.h</DeclaredIn>			
			
			<Declaration>- (void)fetchNextPageWithCompletionBlock:(void ( ^ ) ( CMISPagedResult *result , NSError *error ))completionBlock</Declaration>
			
			
			<Anchor>//api/name/fetchNextPageWithCompletionBlock:</Anchor>
		</Token>
		
		<Token>
			<TokenIdentifier>//apple_ref/occ/instm/CMISPagedResult/enumerateItemsUsingBlock:completionBlock:</TokenIdentifier>
			<Abstract type="html">enumerates through the items in a page
completionBlock returns NSError nil if successful</Abstract>
			<DeclaredIn>CMISPagedResult.h</DeclaredIn>			
			
			<Declaration>- (void)enumerateItemsUsingBlock:(void ( ^ ) ( CMISObject *object , BOOL *stop ))enumerationBlock completionBlock:(void ( ^ ) ( NSError *error ))completionBlock</Declaration>
			
			
			<Anchor>//api/name/enumerateItemsUsingBlock:completionBlock:</Anchor>
		</Token>
		
	</File>
</Tokens>