<?xml version="1.0" encoding="UTF-8"?>
<Tokens version="1.0">
	<File path="Classes/CMISTypeDefinitionAtomEntryParser.html">
		
		<Token>
			<TokenIdentifier>//apple_ref/occ/cl/CMISTypeDefinitionAtomEntryParser</TokenIdentifier>
			<Abstract type="html"></Abstract>
			<DeclaredIn>CMISTypeDefinitionAtomEntryParser.h</DeclaredIn>
			
			<NodeRef refid="68"/>
		</Token>
		
		
		<Token>
			<TokenIdentifier>//apple_ref/occ/instm/CMISTypeDefinitionAtomEntryParser/setTypeDefinition:</TokenIdentifier>
			<Abstract type="html">Available after a successful parse.</Abstract>
			<DeclaredIn>CMISTypeDefinitionAtomEntryParser.h</DeclaredIn>			
			
			<Declaration>@property (nonatomic, strong, readonly) CMISTypeDefinition *typeDefinition</Declaration>
			
			
			<Anchor>//api/name/typeDefinition</Anchor>
		</Token>
		
		<Token>
			<TokenIdentifier>//apple_ref/occ/instp/CMISTypeDefinitionAtomEntryParser/typeDefinition</TokenIdentifier>
			<Abstract type="html">Available after a successful parse.</Abstract>
			<DeclaredIn>CMISTypeDefinitionAtomEntryParser.h</DeclaredIn>			
			
			<Declaration>@property (nonatomic, strong, readonly) CMISTypeDefinition *typeDefinition</Declaration>
			
			
			<Anchor>//api/name/typeDefinition</Anchor>
		</Token>
		
		<Token>
			<TokenIdentifier>//apple_ref/occ/instm/CMISTypeDefinitionAtomEntryParser/initWithData:</TokenIdentifier>
			<Abstract type="html"></Abstract>
			<DeclaredIn>CMISTypeDefinitionAtomEntryParser.h</DeclaredIn>			
			
			<Declaration>- (id)initWithData:(NSData *)atomData</Declaration>
			
			
			<Anchor>//api/name/initWithData:</Anchor>
		</Token>
		
		<Token>
			<TokenIdentifier>//apple_ref/occ/instm/CMISTypeDefinitionAtomEntryParser/parseAndReturnError:</TokenIdentifier>
			<Abstract type="html">parses the type definition. returns NO if unsuccessful</Abstract>
			<DeclaredIn>CMISTypeDefinitionAtomEntryParser.h</DeclaredIn>			
			
			<Declaration>- (BOOL)parseAndReturnError:(NSError **)error</Declaration>
			
			
			<Anchor>//api/name/parseAndReturnError:</Anchor>
		</Token>
		
	</File>
</Tokens>