<?xml version="1.0" encoding="UTF-8"?>
<Tokens version="1.0">
	<File path="Protocols/CMISAuthenticationProvider.html">
		
		<Token>
			<TokenIdentifier>//apple_ref/occ/intf/CMISAuthenticationProvider</TokenIdentifier>
			<Abstract type="html"></Abstract>
			<DeclaredIn>CMISAuthenticationProvider.h</DeclaredIn>
			
			<NodeRef refid="75"/>
		</Token>
		
		
		<Token>
			<TokenIdentifier>//apple_ref/occ/intfm/CMISAuthenticationProvider/setHttpHeadersToApply:</TokenIdentifier>
			<Abstract type="html">Returns a set of HTTP headers (key-value pairs) that should be added to a
HTTP call. This will be called by the AtomPub and the Web Services
binding. You might want to check the binding in use before you set the
headers.</Abstract>
			<DeclaredIn>CMISAuthenticationProvider.h</DeclaredIn>			
			
			<Declaration>@property (nonatomic, strong, readonly) NSDictionary *httpHeadersToApply</Declaration>
			
			<ReturnValue><Abstract type="html">the HTTP headers or nil if no additional headers should be set</Abstract></ReturnValue>
			<Anchor>//api/name/httpHeadersToApply</Anchor>
		</Token>
		
		<Token>
			<TokenIdentifier>//apple_ref/occ/intfp/CMISAuthenticationProvider/httpHeadersToApply</TokenIdentifier>
			<Abstract type="html">Returns a set of HTTP headers (key-value pairs) that should be added to a
HTTP call. This will be called by the AtomPub and the Web Services
binding. You might want to check the binding in use before you set the
headers.</Abstract>
			<DeclaredIn>CMISAuthenticationProvider.h</DeclaredIn>			
			
			<Declaration>@property (nonatomic, strong, readonly) NSDictionary *httpHeadersToApply</Declaration>
			
			<ReturnValue><Abstract type="html">the HTTP headers or nil if no additional headers should be set</Abstract></ReturnValue>
			<Anchor>//api/name/httpHeadersToApply</Anchor>
		</Token>
		
		<Token>
			<TokenIdentifier>//apple_ref/occ/intfm/CMISAuthenticationProvider/updateWithHttpURLResponse:</TokenIdentifier>
			<Abstract type="html">updates the provider with NSHTTPURLResponse</Abstract>
			<DeclaredIn>CMISAuthenticationProvider.h</DeclaredIn>			
			
			<Declaration>- (void)updateWithHttpURLResponse:(NSHTTPURLResponse *)httpUrlResponse</Declaration>
			
			
			<Anchor>//api/name/updateWithHttpURLResponse:</Anchor>
		</Token>
		
		<Token>
			<TokenIdentifier>//apple_ref/occ/intfm/CMISAuthenticationProvider/canAuthenticateAgainstProtectionSpace:</TokenIdentifier>
			<Abstract type="html">checks if provider can authenticate against provided protection space</Abstract>
			<DeclaredIn>CMISAuthenticationProvider.h</DeclaredIn>			
			
			<Declaration>- (BOOL)canAuthenticateAgainstProtectionSpace:(NSURLProtectionSpace *)protectionSpace</Declaration>
			
			
			<Anchor>//api/name/canAuthenticateAgainstProtectionSpace:</Anchor>
		</Token>
		
		<Token>
			<TokenIdentifier>//apple_ref/occ/intfm/CMISAuthenticationProvider/didCancelAuthenticationChallenge:</TokenIdentifier>
			<Abstract type="html">callback when authentication challenge was cancelled</Abstract>
			<DeclaredIn>CMISAuthenticationProvider.h</DeclaredIn>			
			
			<Declaration>- (void)didCancelAuthenticationChallenge:(NSURLAuthenticationChallenge *)challenge</Declaration>
			
			
			<Anchor>//api/name/didCancelAuthenticationChallenge:</Anchor>
		</Token>
		
		<Token>
			<TokenIdentifier>//apple_ref/occ/intfm/CMISAuthenticationProvider/didReceiveAuthenticationChallenge:</TokenIdentifier>
			<Abstract type="html">callback when authentication challenge was received</Abstract>
			<DeclaredIn>CMISAuthenticationProvider.h</DeclaredIn>			
			
			<Declaration>- (void)didReceiveAuthenticationChallenge:(NSURLAuthenticationChallenge *)challenge</Declaration>
			
			
			<Anchor>//api/name/didReceiveAuthenticationChallenge:</Anchor>
		</Token>
		
	</File>
</Tokens>