<?xml version="1.0" encoding="UTF-8"?>
<Tokens version="1.0">
	<File path="Classes/CMISAtomEntryParser.html">
		
		<Token>
			<TokenIdentifier>//apple_ref/occ/cl/CMISAtomEntryParser</TokenIdentifier>
			<Abstract type="html"></Abstract>
			<DeclaredIn>CMISAtomEntryParser.h</DeclaredIn>
			
			<NodeRef refid="4"/>
		</Token>
		
		
		<Token>
			<TokenIdentifier>//apple_ref/occ/instm/CMISAtomEntryParser/setObjectData:</TokenIdentifier>
			<Abstract type="html"></Abstract>
			<DeclaredIn>CMISAtomEntryParser.h</DeclaredIn>			
			
			<Declaration>@property (nonatomic, strong, readonly) CMISObjectData *objectData</Declaration>
			
			
			<Anchor>//api/name/objectData</Anchor>
		</Token>
		
		<Token>
			<TokenIdentifier>//apple_ref/occ/instp/CMISAtomEntryParser/objectData</TokenIdentifier>
			<Abstract type="html"></Abstract>
			<DeclaredIn>CMISAtomEntryParser.h</DeclaredIn>			
			
			<Declaration>@property (nonatomic, strong, readonly) CMISObjectData *objectData</Declaration>
			
			
			<Anchor>//api/name/objectData</Anchor>
		</Token>
		
		<Token>
			<TokenIdentifier>//apple_ref/occ/instm/CMISAtomEntryParser/initWithData:</TokenIdentifier>
			<Abstract type="html">Designated Initializer</Abstract>
			<DeclaredIn>CMISAtomEntryParser.h</DeclaredIn>			
			
			<Declaration>- (id)initWithData:(NSData *)atomData</Declaration>
			
			
			<Anchor>//api/name/initWithData:</Anchor>
		</Token>
		
		<Token>
			<TokenIdentifier>//apple_ref/occ/instm/CMISAtomEntryParser/parseAndReturnError:</TokenIdentifier>
			<Abstract type="html">parse method. returns NO if unsuccessful</Abstract>
			<DeclaredIn>CMISAtomEntryParser.h</DeclaredIn>			
			
			<Declaration>- (BOOL)parseAndReturnError:(NSError **)error</Declaration>
			
			
			<Anchor>//api/name/parseAndReturnError:</Anchor>
		</Token>
		
		<Token>
			<TokenIdentifier>//apple_ref/occ/clm/CMISAtomEntryParser/atomEntryParserWithAtomEntryAttributes:parentDelegate:parser:</TokenIdentifier>
			<Abstract type="html">Initializes a child parser for an Atom Entry and takes over parsing control while parsing the Atom Entry</Abstract>
			<DeclaredIn>CMISAtomEntryParser.h</DeclaredIn>			
			
			<Declaration>+ (id)atomEntryParserWithAtomEntryAttributes:(NSDictionary *)attributes parentDelegate:(id&lt;NSXMLParserDelegate,CMISAtomEntryParserDelegate&gt;)parentDelegate parser:(NSXMLParser *)parser</Declaration>
			
			
			<Anchor>//api/name/atomEntryParserWithAtomEntryAttributes:parentDelegate:parser:</Anchor>
		</Token>
		
	</File>
</Tokens>