<?xml version="1.0" encoding="UTF-8"?>
<Tokens version="1.0">
	<File path="Classes/CMISRequest.html">
		
		<Token>
			<TokenIdentifier>//apple_ref/occ/cl/CMISRequest</TokenIdentifier>
			<Abstract type="html"></Abstract>
			<DeclaredIn>CMISRequest.h</DeclaredIn>
			
			<NodeRef refid="60"/>
		</Token>
		
		
		<Token>
			<TokenIdentifier>//apple_ref/occ/instm/CMISRequest/setHttpRequest:</TokenIdentifier>
			<Abstract type="html"></Abstract>
			<DeclaredIn>CMISRequest.h</DeclaredIn>			
			
			<Declaration>@property (nonatomic, strong) id httpRequest</Declaration>
			
			
			<Anchor>//api/name/httpRequest</Anchor>
		</Token>
		
		<Token>
			<TokenIdentifier>//apple_ref/occ/instp/CMISRequest/httpRequest</TokenIdentifier>
			<Abstract type="html"></Abstract>
			<DeclaredIn>CMISRequest.h</DeclaredIn>			
			
			<Declaration>@property (nonatomic, strong) id httpRequest</Declaration>
			
			
			<Anchor>//api/name/httpRequest</Anchor>
		</Token>
		
		<Token>
			<TokenIdentifier>//apple_ref/occ/instm/CMISRequest/setCancelled:</TokenIdentifier>
			<Abstract type="html"></Abstract>
			<DeclaredIn>CMISRequest.h</DeclaredIn>			
			
			<Declaration>@property (nonatomic, readonly, getter=isCancelled) BOOL cancelled</Declaration>
			
			
			<Anchor>//api/name/cancelled</Anchor>
		</Token>
		
		<Token>
			<TokenIdentifier>//apple_ref/occ/instp/CMISRequest/cancelled</TokenIdentifier>
			<Abstract type="html"></Abstract>
			<DeclaredIn>CMISRequest.h</DeclaredIn>			
			
			<Declaration>@property (nonatomic, readonly, getter=isCancelled) BOOL cancelled</Declaration>
			
			
			<Anchor>//api/name/cancelled</Anchor>
		</Token>
		
		<Token>
			<TokenIdentifier>//apple_ref/occ/instm/CMISRequest/cancel</TokenIdentifier>
			<Abstract type="html">cancel a network request</Abstract>
			<DeclaredIn>CMISRequest.h</DeclaredIn>			
			
			<Declaration>- (void)cancel</Declaration>
			
			
			<Anchor>//api/name/cancel</Anchor>
		</Token>
		
	</File>
</Tokens>