<?xml version="1.0" encoding="UTF-8"?>
<Tokens version="1.0">
	<File path="Classes/CMISLinkCache.html">
		
		<Token>
			<TokenIdentifier>//apple_ref/occ/cl/CMISLinkCache</TokenIdentifier>
			<Abstract type="html"></Abstract>
			<DeclaredIn>CMISLinkCache.h</DeclaredIn>
			
			<NodeRef refid="38"/>
		</Token>
		
		
		<Token>
			<TokenIdentifier>//apple_ref/occ/instm/CMISLinkCache/initWithBindingSession:</TokenIdentifier>
			<Abstract type="html">initialise with CMISBindingSession instance</Abstract>
			<DeclaredIn>CMISLinkCache.h</DeclaredIn>			
			
			<Declaration>- (id)initWithBindingSession:(CMISBindingSession *)bindingSession</Declaration>
			
			
			<Anchor>//api/name/initWithBindingSession:</Anchor>
		</Token>
		
		<Token>
			<TokenIdentifier>//apple_ref/occ/instm/CMISLinkCache/linkForObjectId:relation:</TokenIdentifier>
			<Abstract type="html">retrieves the link for a given object Id/relationship</Abstract>
			<DeclaredIn>CMISLinkCache.h</DeclaredIn>			
			
			<Declaration>- (NSString *)linkForObjectId:(NSString *)objectId relation:(NSString *)rel</Declaration>
			
			
			<Anchor>//api/name/linkForObjectId:relation:</Anchor>
		</Token>
		
		<Token>
			<TokenIdentifier>//apple_ref/occ/instm/CMISLinkCache/linkForObjectId:relation:type:</TokenIdentifier>
			<Abstract type="html">retrieves the link for a given objectId, relationship and type</Abstract>
			<DeclaredIn>CMISLinkCache.h</DeclaredIn>			
			
			<Declaration>- (NSString *)linkForObjectId:(NSString *)objectId relation:(NSString *)rel type:(NSString *)type</Declaration>
			
			
			<Anchor>//api/name/linkForObjectId:relation:type:</Anchor>
		</Token>
		
		<Token>
			<TokenIdentifier>//apple_ref/occ/instm/CMISLinkCache/addLinks:objectId:</TokenIdentifier>
			<Abstract type="html">adds a link for object Id</Abstract>
			<DeclaredIn>CMISLinkCache.h</DeclaredIn>			
			
			<Declaration>- (void)addLinks:(CMISLinkRelations *)links objectId:(NSString *)objectId</Declaration>
			
			
			<Anchor>//api/name/addLinks:objectId:</Anchor>
		</Token>
		
		<Token>
			<TokenIdentifier>//apple_ref/occ/instm/CMISLinkCache/removeLinksForObjectId:</TokenIdentifier>
			<Abstract type="html">removes link for object Id</Abstract>
			<DeclaredIn>CMISLinkCache.h</DeclaredIn>			
			
			<Declaration>- (void)removeLinksForObjectId:(NSString *)objectId</Declaration>
			
			
			<Anchor>//api/name/removeLinksForObjectId:</Anchor>
		</Token>
		
		<Token>
			<TokenIdentifier>//apple_ref/occ/instm/CMISLinkCache/removeAllLinks</TokenIdentifier>
			<Abstract type="html">removes all links</Abstract>
			<DeclaredIn>CMISLinkCache.h</DeclaredIn>			
			
			<Declaration>- (void)removeAllLinks</Declaration>
			
			
			<Anchor>//api/name/removeAllLinks</Anchor>
		</Token>
		
	</File>
</Tokens>