<?xml version="1.0" encoding="UTF-8"?>
<Tokens version="1.0">
	<File path="Protocols/CMISNavigationService.html">
		
		<Token>
			<TokenIdentifier>//apple_ref/occ/intf/CMISNavigationService</TokenIdentifier>
			<Abstract type="html"></Abstract>
			<DeclaredIn>CMISNavigationService.h</DeclaredIn>
			
			<NodeRef refid="80"/>
		</Token>
		
		
		<Token>
			<TokenIdentifier>//apple_ref/occ/intfm/CMISNavigationService/retrieveChildren:orderBy:filter:relationships:renditionFilter:includeAllowableActions:includePathSegment:skipCount:maxItems:completionBlock:</TokenIdentifier>
			<Abstract type="html">Retrieves the children for the given object identifier.
completionBlock returns object list or nil if unsuccessful</Abstract>
			<DeclaredIn>CMISNavigationService.h</DeclaredIn>			
			
			<Declaration>- (CMISRequest *)retrieveChildren:(NSString *)objectId orderBy:(NSString *)orderBy filter:(NSString *)filter relationships:(CMISIncludeRelationship)relationships renditionFilter:(NSString *)renditionFilter includeAllowableActions:(BOOL)includeAllowableActions includePathSegment:(BOOL)includePathSegment skipCount:(NSNumber *)skipCount maxItems:(NSNumber *)maxItems completionBlock:(void ( ^ ) ( CMISObjectList *objectList , NSError *error ))completionBlock</Declaration>
			
			
			<Anchor>//api/name/retrieveChildren:orderBy:filter:relationships:renditionFilter:includeAllowableActions:includePathSegment:skipCount:maxItems:completionBlock:</Anchor>
		</Token>
		
		<Token>
			<TokenIdentifier>//apple_ref/occ/intfm/CMISNavigationService/retrieveParentsForObject:filter:relationships:renditionFilter:includeAllowableActions:includeRelativePathSegment:completionBlock:</TokenIdentifier>
			<Abstract type="html">Retrieves the parent of a given object.
Returns a list of CMISObjectData objects</Abstract>
			<DeclaredIn>CMISNavigationService.h</DeclaredIn>			
			
			<Declaration>- (CMISRequest *)retrieveParentsForObject:(NSString *)objectId filter:(NSString *)filter relationships:(CMISIncludeRelationship)relationships renditionFilter:(NSString *)renditionFilter includeAllowableActions:(BOOL)includeAllowableActions includeRelativePathSegment:(BOOL)includeRelativePathSegment completionBlock:(void ( ^ ) ( NSArray *parents , NSError *error ))completionBlock</Declaration>
			
			
			<Anchor>//api/name/retrieveParentsForObject:filter:relationships:renditionFilter:includeAllowableActions:includeRelativePathSegment:completionBlock:</Anchor>
		</Token>
		
	</File>
</Tokens>