<?xml version="1.0" encoding="UTF-8"?>
<Tokens version="1.0">
	<File path="Classes/CMISAtomPubBaseService.html">
		
		<Token>
			<TokenIdentifier>//apple_ref/occ/cl/CMISAtomPubBaseService</TokenIdentifier>
			<Abstract type="html"></Abstract>
			<DeclaredIn>CMISAtomPubBaseService.h</DeclaredIn>
			
			<NodeRef refid="9"/>
		</Token>
		
		
		<Token>
			<TokenIdentifier>//apple_ref/occ/instm/CMISAtomPubBaseService/setBindingSession:</TokenIdentifier>
			<Abstract type="html"></Abstract>
			<DeclaredIn>CMISAtomPubBaseService.h</DeclaredIn>			
			
			<Declaration>@property (nonatomic, strong, readonly) CMISBindingSession *bindingSession</Declaration>
			
			
			<Anchor>//api/name/bindingSession</Anchor>
		</Token>
		
		<Token>
			<TokenIdentifier>//apple_ref/occ/instp/CMISAtomPubBaseService/bindingSession</TokenIdentifier>
			<Abstract type="html"></Abstract>
			<DeclaredIn>CMISAtomPubBaseService.h</DeclaredIn>			
			
			<Declaration>@property (nonatomic, strong, readonly) CMISBindingSession *bindingSession</Declaration>
			
			
			<Anchor>//api/name/bindingSession</Anchor>
		</Token>
		
		<Token>
			<TokenIdentifier>//apple_ref/occ/instm/CMISAtomPubBaseService/setAtomPubUrl:</TokenIdentifier>
			<Abstract type="html"></Abstract>
			<DeclaredIn>CMISAtomPubBaseService.h</DeclaredIn>			
			
			<Declaration>@property (nonatomic, strong, readonly) NSURL *atomPubUrl</Declaration>
			
			
			<Anchor>//api/name/atomPubUrl</Anchor>
		</Token>
		
		<Token>
			<TokenIdentifier>//apple_ref/occ/instp/CMISAtomPubBaseService/atomPubUrl</TokenIdentifier>
			<Abstract type="html"></Abstract>
			<DeclaredIn>CMISAtomPubBaseService.h</DeclaredIn>			
			
			<Declaration>@property (nonatomic, strong, readonly) NSURL *atomPubUrl</Declaration>
			
			
			<Anchor>//api/name/atomPubUrl</Anchor>
		</Token>
		
		<Token>
			<TokenIdentifier>//apple_ref/occ/instm/CMISAtomPubBaseService/initWithBindingSession:</TokenIdentifier>
			<Abstract type="html"></Abstract>
			<DeclaredIn>CMISAtomPubBaseService.h</DeclaredIn>			
			
			<Declaration>- (id)initWithBindingSession:(CMISBindingSession *)session</Declaration>
			
			
			<Anchor>//api/name/initWithBindingSession:</Anchor>
		</Token>
		
		<Token>
			<TokenIdentifier>//apple_ref/occ/instm/CMISAtomPubBaseService/clearCacheFromService</TokenIdentifier>
			<Abstract type="html"></Abstract>
			<DeclaredIn>CMISAtomPubBaseService.h</DeclaredIn>			
			
			<Declaration>- (void)clearCacheFromService</Declaration>
			
			
			<Anchor>//api/name/clearCacheFromService</Anchor>
		</Token>
		
		<Token>
			<TokenIdentifier>//apple_ref/occ/instm/CMISAtomPubBaseService/retrieveFromCache:cmisRequest:completionBlock:</TokenIdentifier>
			<Abstract type="html">retrieve object from cache
completionBlock returns the object (as id) or nil if unsuccessul</Abstract>
			<DeclaredIn>CMISAtomPubBaseService+Protected.h</DeclaredIn>			
			
			<Declaration>- (void)retrieveFromCache:(NSString *)cacheKey cmisRequest:(CMISRequest *)cmisRequest completionBlock:(void ( ^ ) ( id object , NSError *error ))completionBlock</Declaration>
			
			
			<Anchor>//api/name/retrieveFromCache:cmisRequest:completionBlock:</Anchor>
		</Token>
		
		<Token>
			<TokenIdentifier>//apple_ref/occ/instm/CMISAtomPubBaseService/fetchRepositoryInfoWithCMISRequest:completionBlock:</TokenIdentifier>
			<Abstract type="html">fetches the repo info</Abstract>
			<DeclaredIn>CMISAtomPubBaseService+Protected.h</DeclaredIn>			
			
			<Declaration>- (void)fetchRepositoryInfoWithCMISRequest:(CMISRequest *)cmisRequest completionBlock:(void ( ^ ) ( NSError *error ))completionBlock</Declaration>
			
			
			<Anchor>//api/name/fetchRepositoryInfoWithCMISRequest:completionBlock:</Anchor>
		</Token>
		
		<Token>
			<TokenIdentifier>//apple_ref/occ/instm/CMISAtomPubBaseService/retrieveCMISWorkspacesWithCMISRequest:completionBlock:</TokenIdentifier>
			<Abstract type="html">retrieves the CMIS workspace</Abstract>
			<DeclaredIn>CMISAtomPubBaseService+Protected.h</DeclaredIn>			
			
			<Declaration>- (void)retrieveCMISWorkspacesWithCMISRequest:(CMISRequest *)cmisRequest completionBlock:(void ( ^ ) ( NSArray *workspaces , NSError *error ))completionBlock</Declaration>
			
			
			<Anchor>//api/name/retrieveCMISWorkspacesWithCMISRequest:completionBlock:</Anchor>
		</Token>
		
		<Token>
			<TokenIdentifier>//apple_ref/occ/instm/CMISAtomPubBaseService/retrieveObjectInternal:cmisRequest:completionBlock:</TokenIdentifier>
			<Abstract type="html">Convenience method with all the defaults for the retrieval parameters</Abstract>
			<DeclaredIn>CMISAtomPubBaseService+Protected.h</DeclaredIn>			
			
			<Declaration>- (void)retrieveObjectInternal:(NSString *)objectId cmisRequest:(CMISRequest *)cmisRequest completionBlock:(void ( ^ ) ( CMISObjectData *objectData , NSError *error ))completionBlock</Declaration>
			
			
			<Anchor>//api/name/retrieveObjectInternal:cmisRequest:completionBlock:</Anchor>
		</Token>
		
		<Token>
			<TokenIdentifier>//apple_ref/occ/instm/CMISAtomPubBaseService/retrieveObjectInternal:returnVersion:filter:relationships:includePolicyIds:renditionFilder:includeACL:includeAllowableActions:cmisRequest:completionBlock:</TokenIdentifier>
			<Abstract type="html">Full-blown object retrieval version
completionBlock returns CMISObjectData instance or nil if unsuccessul</Abstract>
			<DeclaredIn>CMISAtomPubBaseService+Protected.h</DeclaredIn>			
			
			<Declaration>- (void)retrieveObjectInternal:(NSString *)objectId returnVersion:(CMISReturnVersion)cmisReturnVersion filter:(NSString *)filter relationships:(CMISIncludeRelationship)relationships includePolicyIds:(BOOL)includePolicyIds renditionFilder:(NSString *)renditionFilter includeACL:(BOOL)includeACL includeAllowableActions:(BOOL)includeAllowableActions cmisRequest:(CMISRequest *)cmisRequest completionBlock:(void ( ^ ) ( CMISObjectData *objectData , NSError *error ))completionBlock</Declaration>
			
			
			<Anchor>//api/name/retrieveObjectInternal:returnVersion:filter:relationships:includePolicyIds:renditionFilder:includeACL:includeAllowableActions:cmisRequest:completionBlock:</Anchor>
		</Token>
		
		<Token>
			<TokenIdentifier>//apple_ref/occ/instm/CMISAtomPubBaseService/retrieveObjectByPathInternal:filter:relationships:includePolicyIds:renditionFilder:includeACL:includeAllowableActions:cmisRequest:completionBlock:</TokenIdentifier>
			<Abstract type="html">retrieve object for a given path name
completionBlock returns CMISObjectData instance or nil if unsuccessul</Abstract>
			<DeclaredIn>CMISAtomPubBaseService+Protected.h</DeclaredIn>			
			
			<Declaration>- (void)retrieveObjectByPathInternal:(NSString *)path filter:(NSString *)filter relationships:(CMISIncludeRelationship)relationships includePolicyIds:(BOOL)includePolicyIds renditionFilder:(NSString *)renditionFilter includeACL:(BOOL)includeACL includeAllowableActions:(BOOL)includeAllowableActions cmisRequest:(CMISRequest *)cmisRequest completionBlock:(void ( ^ ) ( CMISObjectData *objectData , NSError *error ))completionBlock</Declaration>
			
			
			<Anchor>//api/name/retrieveObjectByPathInternal:filter:relationships:includePolicyIds:renditionFilder:includeACL:includeAllowableActions:cmisRequest:completionBlock:</Anchor>
		</Token>
		
		<Token>
			<TokenIdentifier>//apple_ref/occ/instm/CMISAtomPubBaseService/loadLinkForObjectId:relation:cmisRequest:completionBlock:</TokenIdentifier>
			<Abstract type="html">load the link for a given object Id
completionBlock returns the link as NSString or nil if unsuccessful</Abstract>
			<DeclaredIn>CMISAtomPubBaseService+Protected.h</DeclaredIn>			
			
			<Declaration>- (void)loadLinkForObjectId:(NSString *)objectId relation:(NSString *)rel cmisRequest:(CMISRequest *)cmisRequest completionBlock:(void ( ^ ) ( NSString *link , NSError *error ))completionBlock</Declaration>
			
			
			<Anchor>//api/name/loadLinkForObjectId:relation:cmisRequest:completionBlock:</Anchor>
		</Token>
		
		<Token>
			<TokenIdentifier>//apple_ref/occ/instm/CMISAtomPubBaseService/loadLinkForObjectId:relation:type:cmisRequest:completionBlock:</TokenIdentifier>
			<Abstract type="html">load the link for a given object Id
completionBlock returns the link as NSString or nil if unsuccessful</Abstract>
			<DeclaredIn>CMISAtomPubBaseService+Protected.h</DeclaredIn>			
			
			<Declaration>- (void)loadLinkForObjectId:(NSString *)objectId relation:(NSString *)rel type:(NSString *)type cmisRequest:(CMISRequest *)cmisRequest completionBlock:(void ( ^ ) ( NSString *link , NSError *error ))completionBlock</Declaration>
			
			
			<Anchor>//api/name/loadLinkForObjectId:relation:type:cmisRequest:completionBlock:</Anchor>
		</Token>
		
	</File>
</Tokens>