<?xml version="1.0" encoding="UTF-8"?>
<Tokens version="1.0">
	<File path="Classes/CMISAtomCollection.html">
		
		<Token>
			<TokenIdentifier>//apple_ref/occ/cl/CMISAtomCollection</TokenIdentifier>
			<Abstract type="html"></Abstract>
			<DeclaredIn>CMISAtomCollection.h</DeclaredIn>
			
			<NodeRef refid="3"/>
		</Token>
		
		
		<Token>
			<TokenIdentifier>//apple_ref/occ/instm/CMISAtomCollection/setHref:</TokenIdentifier>
			<Abstract type="html"></Abstract>
			<DeclaredIn>CMISAtomCollection.h</DeclaredIn>			
			
			<Declaration>@property (nonatomic, strong) NSString *href</Declaration>
			
			
			<Anchor>//api/name/href</Anchor>
		</Token>
		
		<Token>
			<TokenIdentifier>//apple_ref/occ/instp/CMISAtomCollection/href</TokenIdentifier>
			<Abstract type="html"></Abstract>
			<DeclaredIn>CMISAtomCollection.h</DeclaredIn>			
			
			<Declaration>@property (nonatomic, strong) NSString *href</Declaration>
			
			
			<Anchor>//api/name/href</Anchor>
		</Token>
		
		<Token>
			<TokenIdentifier>//apple_ref/occ/instm/CMISAtomCollection/setTitle:</TokenIdentifier>
			<Abstract type="html"></Abstract>
			<DeclaredIn>CMISAtomCollection.h</DeclaredIn>			
			
			<Declaration>@property (nonatomic, strong) NSString *title</Declaration>
			
			
			<Anchor>//api/name/title</Anchor>
		</Token>
		
		<Token>
			<TokenIdentifier>//apple_ref/occ/instp/CMISAtomCollection/title</TokenIdentifier>
			<Abstract type="html"></Abstract>
			<DeclaredIn>CMISAtomCollection.h</DeclaredIn>			
			
			<Declaration>@property (nonatomic, strong) NSString *title</Declaration>
			
			
			<Anchor>//api/name/title</Anchor>
		</Token>
		
		<Token>
			<TokenIdentifier>//apple_ref/occ/instm/CMISAtomCollection/setAccept:</TokenIdentifier>
			<Abstract type="html"></Abstract>
			<DeclaredIn>CMISAtomCollection.h</DeclaredIn>			
			
			<Declaration>@property (nonatomic, strong) NSString *accept</Declaration>
			
			
			<Anchor>//api/name/accept</Anchor>
		</Token>
		
		<Token>
			<TokenIdentifier>//apple_ref/occ/instp/CMISAtomCollection/accept</TokenIdentifier>
			<Abstract type="html"></Abstract>
			<DeclaredIn>CMISAtomCollection.h</DeclaredIn>			
			
			<Declaration>@property (nonatomic, strong) NSString *accept</Declaration>
			
			
			<Anchor>//api/name/accept</Anchor>
		</Token>
		
		<Token>
			<TokenIdentifier>//apple_ref/occ/instm/CMISAtomCollection/setType:</TokenIdentifier>
			<Abstract type="html"></Abstract>
			<DeclaredIn>CMISAtomCollection.h</DeclaredIn>			
			
			<Declaration>@property (nonatomic, strong) NSString *type</Declaration>
			
			
			<Anchor>//api/name/type</Anchor>
		</Token>
		
		<Token>
			<TokenIdentifier>//apple_ref/occ/instp/CMISAtomCollection/type</TokenIdentifier>
			<Abstract type="html"></Abstract>
			<DeclaredIn>CMISAtomCollection.h</DeclaredIn>			
			
			<Declaration>@property (nonatomic, strong) NSString *type</Declaration>
			
			
			<Anchor>//api/name/type</Anchor>
		</Token>
		
	</File>
</Tokens>