<?xml version="1.0" encoding="UTF-8"?>
<Tokens version="1.0">
	<File path="Classes/CMISEnums.html">
		
		<Token>
			<TokenIdentifier>//apple_ref/occ/cl/CMISEnums</TokenIdentifier>
			<Abstract type="html"></Abstract>
			<DeclaredIn>CMISEnums.h</DeclaredIn>
			
			<NodeRef refid="26"/>
		</Token>
		
		
		<Token>
			<TokenIdentifier>//apple_ref/occ/clm/CMISEnums/stringForIncludeRelationShip:</TokenIdentifier>
			<Abstract type="html"></Abstract>
			<DeclaredIn>CMISEnums.h</DeclaredIn>			
			
			<Declaration>+ (NSString *)stringForIncludeRelationShip:(CMISIncludeRelationship)includeRelationship</Declaration>
			
			
			<Anchor>//api/name/stringForIncludeRelationShip:</Anchor>
		</Token>
		
		<Token>
			<TokenIdentifier>//apple_ref/occ/clm/CMISEnums/stringForUnfileObject:</TokenIdentifier>
			<Abstract type="html"></Abstract>
			<DeclaredIn>CMISEnums.h</DeclaredIn>			
			
			<Declaration>+ (NSString *)stringForUnfileObject:(CMISUnfileObject)unfileObject</Declaration>
			
			
			<Anchor>//api/name/stringForUnfileObject:</Anchor>
		</Token>
		
	</File>
</Tokens>