<?xml version="1.0" encoding="UTF-8"?>
<Tokens version="1.0">
	<File path="Protocols/CMISRepositoryInfoParserDelegate.html">
		
		<Token>
			<TokenIdentifier>//apple_ref/occ/intf/CMISRepositoryInfoParserDelegate</TokenIdentifier>
			<Abstract type="html"></Abstract>
			<DeclaredIn>CMISRepositoryInfoParser.h</DeclaredIn>
			
			<NodeRef refid="86"/>
		</Token>
		
		
		<Token>
			<TokenIdentifier>//apple_ref/occ/intfm/CMISRepositoryInfoParserDelegate/repositoryInfoParser:didFinishParsingRepositoryInfo:</TokenIdentifier>
			<Abstract type="html">parses repository info delegate method</Abstract>
			<DeclaredIn>CMISRepositoryInfoParser.h</DeclaredIn>			
			
			<Declaration>- (void)repositoryInfoParser:(CMISRepositoryInfoParser *)epositoryInfoParser didFinishParsingRepositoryInfo:(CMISRepositoryInfo *)repositoryInfo</Declaration>
			
			
			<Anchor>//api/name/repositoryInfoParser:didFinishParsingRepositoryInfo:</Anchor>
		</Token>
		
	</File>
</Tokens>