<?xml version="1.0" encoding="UTF-8"?>
<Tokens version="1.0">
	<File path="Classes/CMISRepositoryInfo.html">
		
		<Token>
			<TokenIdentifier>//apple_ref/occ/cl/CMISRepositoryInfo</TokenIdentifier>
			<Abstract type="html"></Abstract>
			<DeclaredIn>CMISRepositoryInfo.h</DeclaredIn>
			
			<NodeRef refid="58"/>
		</Token>
		
		
		<Token>
			<TokenIdentifier>//apple_ref/occ/instm/CMISRepositoryInfo/setIdentifier:</TokenIdentifier>
			<Abstract type="html"></Abstract>
			<DeclaredIn>CMISRepositoryInfo.h</DeclaredIn>			
			
			<Declaration>@property (nonatomic, strong) NSString *identifier</Declaration>
			
			
			<Anchor>//api/name/identifier</Anchor>
		</Token>
		
		<Token>
			<TokenIdentifier>//apple_ref/occ/instp/CMISRepositoryInfo/identifier</TokenIdentifier>
			<Abstract type="html"></Abstract>
			<DeclaredIn>CMISRepositoryInfo.h</DeclaredIn>			
			
			<Declaration>@property (nonatomic, strong) NSString *identifier</Declaration>
			
			
			<Anchor>//api/name/identifier</Anchor>
		</Token>
		
		<Token>
			<TokenIdentifier>//apple_ref/occ/instm/CMISRepositoryInfo/setName:</TokenIdentifier>
			<Abstract type="html"></Abstract>
			<DeclaredIn>CMISRepositoryInfo.h</DeclaredIn>			
			
			<Declaration>@property (nonatomic, strong) NSString *name</Declaration>
			
			
			<Anchor>//api/name/name</Anchor>
		</Token>
		
		<Token>
			<TokenIdentifier>//apple_ref/occ/instp/CMISRepositoryInfo/name</TokenIdentifier>
			<Abstract type="html"></Abstract>
			<DeclaredIn>CMISRepositoryInfo.h</DeclaredIn>			
			
			<Declaration>@property (nonatomic, strong) NSString *name</Declaration>
			
			
			<Anchor>//api/name/name</Anchor>
		</Token>
		
		<Token>
			<TokenIdentifier>//apple_ref/occ/instm/CMISRepositoryInfo/setDesc:</TokenIdentifier>
			<Abstract type="html"></Abstract>
			<DeclaredIn>CMISRepositoryInfo.h</DeclaredIn>			
			
			<Declaration>@property (nonatomic, strong) NSString *desc</Declaration>
			
			
			<Anchor>//api/name/desc</Anchor>
		</Token>
		
		<Token>
			<TokenIdentifier>//apple_ref/occ/instp/CMISRepositoryInfo/desc</TokenIdentifier>
			<Abstract type="html"></Abstract>
			<DeclaredIn>CMISRepositoryInfo.h</DeclaredIn>			
			
			<Declaration>@property (nonatomic, strong) NSString *desc</Declaration>
			
			
			<Anchor>//api/name/desc</Anchor>
		</Token>
		
		<Token>
			<TokenIdentifier>//apple_ref/occ/instm/CMISRepositoryInfo/setRootFolderId:</TokenIdentifier>
			<Abstract type="html"></Abstract>
			<DeclaredIn>CMISRepositoryInfo.h</DeclaredIn>			
			
			<Declaration>@property (nonatomic, strong) NSString *rootFolderId</Declaration>
			
			
			<Anchor>//api/name/rootFolderId</Anchor>
		</Token>
		
		<Token>
			<TokenIdentifier>//apple_ref/occ/instp/CMISRepositoryInfo/rootFolderId</TokenIdentifier>
			<Abstract type="html"></Abstract>
			<DeclaredIn>CMISRepositoryInfo.h</DeclaredIn>			
			
			<Declaration>@property (nonatomic, strong) NSString *rootFolderId</Declaration>
			
			
			<Anchor>//api/name/rootFolderId</Anchor>
		</Token>
		
		<Token>
			<TokenIdentifier>//apple_ref/occ/instm/CMISRepositoryInfo/setCmisVersionSupported:</TokenIdentifier>
			<Abstract type="html"></Abstract>
			<DeclaredIn>CMISRepositoryInfo.h</DeclaredIn>			
			
			<Declaration>@property (nonatomic, strong) NSString *cmisVersionSupported</Declaration>
			
			
			<Anchor>//api/name/cmisVersionSupported</Anchor>
		</Token>
		
		<Token>
			<TokenIdentifier>//apple_ref/occ/instp/CMISRepositoryInfo/cmisVersionSupported</TokenIdentifier>
			<Abstract type="html"></Abstract>
			<DeclaredIn>CMISRepositoryInfo.h</DeclaredIn>			
			
			<Declaration>@property (nonatomic, strong) NSString *cmisVersionSupported</Declaration>
			
			
			<Anchor>//api/name/cmisVersionSupported</Anchor>
		</Token>
		
		<Token>
			<TokenIdentifier>//apple_ref/occ/instm/CMISRepositoryInfo/setProductName:</TokenIdentifier>
			<Abstract type="html"></Abstract>
			<DeclaredIn>CMISRepositoryInfo.h</DeclaredIn>			
			
			<Declaration>@property (nonatomic, strong) NSString *productName</Declaration>
			
			
			<Anchor>//api/name/productName</Anchor>
		</Token>
		
		<Token>
			<TokenIdentifier>//apple_ref/occ/instp/CMISRepositoryInfo/productName</TokenIdentifier>
			<Abstract type="html"></Abstract>
			<DeclaredIn>CMISRepositoryInfo.h</DeclaredIn>			
			
			<Declaration>@property (nonatomic, strong) NSString *productName</Declaration>
			
			
			<Anchor>//api/name/productName</Anchor>
		</Token>
		
		<Token>
			<TokenIdentifier>//apple_ref/occ/instm/CMISRepositoryInfo/setProductVersion:</TokenIdentifier>
			<Abstract type="html"></Abstract>
			<DeclaredIn>CMISRepositoryInfo.h</DeclaredIn>			
			
			<Declaration>@property (nonatomic, strong) NSString *productVersion</Declaration>
			
			
			<Anchor>//api/name/productVersion</Anchor>
		</Token>
		
		<Token>
			<TokenIdentifier>//apple_ref/occ/instp/CMISRepositoryInfo/productVersion</TokenIdentifier>
			<Abstract type="html"></Abstract>
			<DeclaredIn>CMISRepositoryInfo.h</DeclaredIn>			
			
			<Declaration>@property (nonatomic, strong) NSString *productVersion</Declaration>
			
			
			<Anchor>//api/name/productVersion</Anchor>
		</Token>
		
		<Token>
			<TokenIdentifier>//apple_ref/occ/instm/CMISRepositoryInfo/setVendorName:</TokenIdentifier>
			<Abstract type="html"></Abstract>
			<DeclaredIn>CMISRepositoryInfo.h</DeclaredIn>			
			
			<Declaration>@property (nonatomic, strong) NSString *vendorName</Declaration>
			
			
			<Anchor>//api/name/vendorName</Anchor>
		</Token>
		
		<Token>
			<TokenIdentifier>//apple_ref/occ/instp/CMISRepositoryInfo/vendorName</TokenIdentifier>
			<Abstract type="html"></Abstract>
			<DeclaredIn>CMISRepositoryInfo.h</DeclaredIn>			
			
			<Declaration>@property (nonatomic, strong) NSString *vendorName</Declaration>
			
			
			<Anchor>//api/name/vendorName</Anchor>
		</Token>
		
		<Token>
			<TokenIdentifier>//apple_ref/occ/instm/CMISRepositoryInfo/setRepositoryCapabilities:</TokenIdentifier>
			<Abstract type="html">  CMISRepositoryCapabilities needs to be created and replace the raw NSDictionary object
that is currently being set from the CMISRepositoryInfoParser
Use keypaths to get values until the property is properly typed **</Abstract>
			<DeclaredIn>CMISRepositoryInfo.h</DeclaredIn>			
			
			<Declaration>@property (nonatomic, strong) id repositoryCapabilities</Declaration>
			
			
			<Anchor>//api/name/repositoryCapabilities</Anchor>
		</Token>
		
		<Token>
			<TokenIdentifier>//apple_ref/occ/instp/CMISRepositoryInfo/repositoryCapabilities</TokenIdentifier>
			<Abstract type="html">  CMISRepositoryCapabilities needs to be created and replace the raw NSDictionary object
that is currently being set from the CMISRepositoryInfoParser
Use keypaths to get values until the property is properly typed **</Abstract>
			<DeclaredIn>CMISRepositoryInfo.h</DeclaredIn>			
			
			<Declaration>@property (nonatomic, strong) id repositoryCapabilities</Declaration>
			
			
			<Anchor>//api/name/repositoryCapabilities</Anchor>
		</Token>
		
	</File>
</Tokens>