<?xml version="1.0" encoding="UTF-8"?>
<Tokens version="1.0">
	<File path="Classes/CMISBase64Encoder.html">
		
		<Token>
			<TokenIdentifier>//apple_ref/occ/cl/CMISBase64Encoder</TokenIdentifier>
			<Abstract type="html"></Abstract>
			<DeclaredIn>CMISBase64Encoder.h</DeclaredIn>
			
			<NodeRef refid="18"/>
		</Token>
		
		
		<Token>
			<TokenIdentifier>//apple_ref/occ/clm/CMISBase64Encoder/stringByEncodingText:</TokenIdentifier>
			<Abstract type="html">encodes data into base 64 and returns the result as NSString</Abstract>
			<DeclaredIn>CMISBase64Encoder.h</DeclaredIn>			
			
			<Declaration>+ (NSString *)stringByEncodingText:(NSData *)plainText</Declaration>
			
			
			<Anchor>//api/name/stringByEncodingText:</Anchor>
		</Token>
		
		<Token>
			<TokenIdentifier>//apple_ref/occ/clm/CMISBase64Encoder/dataByEncodingText:</TokenIdentifier>
			<Abstract type="html">returns base64 encoded data for given input data</Abstract>
			<DeclaredIn>CMISBase64Encoder.h</DeclaredIn>			
			
			<Declaration>+ (NSData *)dataByEncodingText:(NSData *)plainText</Declaration>
			
			
			<Anchor>//api/name/dataByEncodingText:</Anchor>
		</Token>
		
		<Token>
			<TokenIdentifier>//apple_ref/occ/clm/CMISBase64Encoder/encodeContentOfFile:</TokenIdentifier>
			<Abstract type="html">base64 encodes the content of a file</Abstract>
			<DeclaredIn>CMISBase64Encoder.h</DeclaredIn>			
			
			<Declaration>+ (NSString *)encodeContentOfFile:(NSString *)sourceFilePath</Declaration>
			
			
			<Anchor>//api/name/encodeContentOfFile:</Anchor>
		</Token>
		
		<Token>
			<TokenIdentifier>//apple_ref/occ/clm/CMISBase64Encoder/encodeContentFromInputStream:</TokenIdentifier>
			<Abstract type="html">base64 encodes data from an input stream</Abstract>
			<DeclaredIn>CMISBase64Encoder.h</DeclaredIn>			
			
			<Declaration>+ (NSString *)encodeContentFromInputStream:(NSInputStream *)inputStream</Declaration>
			
			
			<Anchor>//api/name/encodeContentFromInputStream:</Anchor>
		</Token>
		
		<Token>
			<TokenIdentifier>//apple_ref/occ/clm/CMISBase64Encoder/encodeContentOfFile:appendToFile:</TokenIdentifier>
			<Abstract type="html">base64 encodes data from a source file and appends the encoded result to the given destination file</Abstract>
			<DeclaredIn>CMISBase64Encoder.h</DeclaredIn>			
			
			<Declaration>+ (void)encodeContentOfFile:(NSString *)sourceFilePath appendToFile:(NSString *)destinationFilePath</Declaration>
			
			
			<Anchor>//api/name/encodeContentOfFile:appendToFile:</Anchor>
		</Token>
		
		<Token>
			<TokenIdentifier>//apple_ref/occ/clm/CMISBase64Encoder/encodeContentFromInputStream:appendToFile:</TokenIdentifier>
			<Abstract type="html">base64 encodes data from an input stream and appends the encoded data to a given destination file</Abstract>
			<DeclaredIn>CMISBase64Encoder.h</DeclaredIn>			
			
			<Declaration>+ (void)encodeContentFromInputStream:(NSInputStream *)inputStream appendToFile:(NSString *)destinationFilePath</Declaration>
			
			
			<Anchor>//api/name/encodeContentFromInputStream:appendToFile:</Anchor>
		</Token>
		
	</File>
</Tokens>