<?xml version="1.0" encoding="UTF-8"?>
<Tokens version="1.0">
	<File path="Classes/CMISTypeByIdUriBuilder.html">
		
		<Token>
			<TokenIdentifier>//apple_ref/occ/cl/CMISTypeByIdUriBuilder</TokenIdentifier>
			<Abstract type="html"></Abstract>
			<DeclaredIn>CMISTypeByIdUriBuilder.h</DeclaredIn>
			
			<NodeRef refid="66"/>
		</Token>
		
		
		<Token>
			<TokenIdentifier>//apple_ref/occ/instm/CMISTypeByIdUriBuilder/setId:</TokenIdentifier>
			<Abstract type="html"></Abstract>
			<DeclaredIn>CMISTypeByIdUriBuilder.h</DeclaredIn>			
			
			<Declaration>@property (nonatomic, strong) NSString *id</Declaration>
			
			
			<Anchor>//api/name/id</Anchor>
		</Token>
		
		<Token>
			<TokenIdentifier>//apple_ref/occ/instp/CMISTypeByIdUriBuilder/id</TokenIdentifier>
			<Abstract type="html"></Abstract>
			<DeclaredIn>CMISTypeByIdUriBuilder.h</DeclaredIn>			
			
			<Declaration>@property (nonatomic, strong) NSString *id</Declaration>
			
			
			<Anchor>//api/name/id</Anchor>
		</Token>
		
		<Token>
			<TokenIdentifier>//apple_ref/occ/instm/CMISTypeByIdUriBuilder/initWithTemplateUrl:</TokenIdentifier>
			<Abstract type="html">init the template URL with URL string</Abstract>
			<DeclaredIn>CMISTypeByIdUriBuilder.h</DeclaredIn>			
			
			<Declaration>- (id)initWithTemplateUrl:(NSString *)templateUrl</Declaration>
			
			
			<Anchor>//api/name/initWithTemplateUrl:</Anchor>
		</Token>
		
		<Token>
			<TokenIdentifier>//apple_ref/occ/instm/CMISTypeByIdUriBuilder/buildUrl</TokenIdentifier>
			<Abstract type="html">the ready to use Url</Abstract>
			<DeclaredIn>CMISTypeByIdUriBuilder.h</DeclaredIn>			
			
			<Declaration>- (NSURL *)buildUrl</Declaration>
			
			<ReturnValue><Abstract type="html">the ready to use Url</Abstract></ReturnValue>
			<Anchor>//api/name/buildUrl</Anchor>
		</Token>
		
	</File>
</Tokens>